epoch,step,train_loss_epoch,train_loss_step
0,0,6.149104595184326,
1,1,2.325377941131592,
2,2,3.040968179702759,
3,3,2.1295886039733887,
4,4,2.700333595275879,
5,5,2.355961322784424,
6,6,2.6236159801483154,
7,7,2.348752498626709,
8,8,2.291046619415283,
9,9,1.5092461109161377,
10,10,2.0328292846679688,
11,11,2.080512285232544,
12,12,1.8670618534088135,
13,13,2.0590593814849854,
14,14,2.2632229328155518,
15,15,1.16856849193573,
16,16,1.714111328125,
17,17,2.1998376846313477,
18,18,2.1419172286987305,
19,19,1.6511307954788208,
20,20,1.824889898300171,
21,21,2.0469212532043457,
22,22,2.108405113220215,
23,23,2.2522685527801514,
24,24,1.6086000204086304,
25,25,1.8949401378631592,
26,26,1.9050229787826538,
27,27,1.8673133850097656,
28,28,1.927243709564209,
29,29,1.4205780029296875,
30,30,2.333780288696289,
31,31,2.277247905731201,
32,32,1.763350009918213,
33,33,2.062861442565918,
34,34,1.901571273803711,
35,35,2.0353684425354004,
36,36,1.9299672842025757,
37,37,1.7151949405670166,
38,38,1.458590030670166,
39,39,1.896977186203003,
40,40,2.244751214981079,
41,41,1.9709322452545166,
42,42,2.115185260772705,
43,43,1.9775171279907227,
44,44,1.6948331594467163,
45,45,1.8782596588134766,
46,46,2.1266212463378906,
47,47,1.930283784866333,
48,48,1.637448787689209,
49,49,,1.9566938877105713
49,49,1.9566938877105713,
50,50,1.9394046068191528,
51,51,1.8568676710128784,
52,52,2.0395002365112305,
53,53,1.9735772609710693,
54,54,2.046353340148926,
55,55,1.992477297782898,
56,56,2.0346641540527344,
57,57,2.004444122314453,
58,58,2.1990580558776855,
59,59,2.1004700660705566,
60,60,1.5899767875671387,
61,61,2.1237740516662598,
62,62,1.8896634578704834,
63,63,1.920632243156433,
64,64,1.9280509948730469,
65,65,1.9871206283569336,
66,66,1.9360023736953735,
67,67,1.7509516477584839,
68,68,1.851421594619751,
69,69,1.910706639289856,
70,70,1.9553158283233643,
71,71,1.9544470310211182,
72,72,1.460903525352478,
73,73,1.2586145401000977,
74,74,2.2525200843811035,
75,75,2.000441789627075,
76,76,1.9410879611968994,
77,77,1.9549458026885986,
78,78,1.662904977798462,
79,79,1.6579596996307373,
80,80,1.3839173316955566,
81,81,1.988124132156372,
82,82,1.5729455947875977,
83,83,2.1481804847717285,
84,84,2.1317546367645264,
85,85,2.030700922012329,
86,86,1.9804747104644775,
87,87,1.6326446533203125,
88,88,1.265936017036438,
89,89,1.6879684925079346,
90,90,1.2661163806915283,
91,91,1.7304346561431885,
92,92,2.0631303787231445,
93,93,1.374830722808838,
94,94,2.2240371704101562,
95,95,1.985234022140503,
96,96,2.1050684452056885,
97,97,2.223557472229004,
98,98,1.8021594285964966,
99,99,,1.9271864891052246
99,99,1.9271864891052246,
100,100,1.87479567527771,
101,101,1.6194324493408203,
102,102,2.239809989929199,
103,103,1.9759013652801514,
104,104,1.7219432592391968,
105,105,1.9720203876495361,
106,106,2.1283929347991943,
107,107,2.106642961502075,
108,108,1.9753996133804321,
109,109,1.870227336883545,
110,110,1.2493445873260498,
111,111,1.7456698417663574,
112,112,1.9826265573501587,
113,113,2.0641753673553467,
114,114,1.9085934162139893,
115,115,1.9843755960464478,
116,116,2.0541834831237793,
117,117,1.2717137336730957,
118,118,2.0075154304504395,
119,119,1.255056619644165,
120,120,1.9845906496047974,
121,121,1.4953413009643555,
122,122,1.8934627771377563,
123,123,2.207620143890381,
124,124,2.12542986869812,
125,125,2.110846996307373,
126,126,1.8966588973999023,
127,127,1.916093111038208,
128,128,2.114525079727173,
129,129,2.2342545986175537,
130,130,2.170499563217163,
131,131,1.7881267070770264,
132,132,1.4441477060317993,
133,133,1.5848658084869385,
134,134,1.9072966575622559,
135,135,2.178107500076294,
136,136,1.6743804216384888,
137,137,1.9121006727218628,
138,138,1.7068568468093872,
139,139,1.0183387994766235,
140,140,1.927492380142212,
141,141,2.0587987899780273,
142,142,1.5204520225524902,
143,143,1.5057770013809204,
144,144,1.9841077327728271,
145,145,1.931706428527832,
146,146,1.766671895980835,
147,147,1.9719746112823486,
148,148,2.0296034812927246,
149,149,,2.094879627227783
149,149,2.094879627227783,
150,150,1.9019051790237427,
151,151,1.9118449687957764,
152,152,1.8829350471496582,
153,153,1.575991153717041,
154,154,1.9505727291107178,
155,155,1.6995025873184204,
156,156,2.1752219200134277,
157,157,1.979339361190796,
158,158,1.976520299911499,
159,159,1.6990325450897217,
160,160,1.6380836963653564,
161,161,2.292675018310547,
162,162,2.032618284225464,
163,163,1.565691351890564,
164,164,1.6409757137298584,
165,165,1.721348762512207,
166,166,2.1042428016662598,
167,167,2.1177194118499756,
168,168,2.15824556350708,
169,169,1.9632611274719238,
170,170,2.0176613330841064,
171,171,1.8842226266860962,
172,172,1.9434106349945068,
173,173,1.9372210502624512,
174,174,2.033600091934204,
175,175,2.2446584701538086,
176,176,1.5839831829071045,
177,177,2.244992733001709,
178,178,1.933357834815979,
179,179,1.5849100351333618,
180,180,1.579603672027588,
181,181,2.1943857669830322,
182,182,2.1442413330078125,
183,183,1.6416594982147217,
184,184,1.9650330543518066,
185,185,1.8690837621688843,
186,186,2.1183719635009766,
187,187,1.568501353263855,
188,188,1.8655064105987549,
189,189,1.65777587890625,
190,190,2.0422494411468506,
191,191,1.0073994398117065,
192,192,2.050429582595825,
193,193,1.6201679706573486,
194,194,1.8802878856658936,
195,195,1.7275049686431885,
196,196,2.0275824069976807,
197,197,1.795078158378601,
198,198,2.2668511867523193,
199,199,,1.8415813446044922
199,199,1.8415813446044922,
200,200,1.8392820358276367,
201,201,2.156787872314453,
202,202,1.2635411024093628,
203,203,1.9256470203399658,
204,204,1.6712265014648438,
205,205,1.9074413776397705,
206,206,1.891455888748169,
207,207,1.9238755702972412,
208,208,1.9581986665725708,
209,209,1.9637424945831299,
210,210,1.0280240774154663,
211,211,1.9344472885131836,
212,212,2.269216537475586,
213,213,1.7765815258026123,
214,214,2.0257136821746826,
215,215,1.643270492553711,
216,216,2.173647403717041,
217,217,1.7924458980560303,
218,218,1.972060203552246,
219,219,1.9380531311035156,
220,220,2.258434772491455,
221,221,1.880075216293335,
222,222,1.9999947547912598,
223,223,2.0551562309265137,
224,224,1.691723108291626,
225,225,1.8775826692581177,
226,226,2.074925422668457,
227,227,2.0490987300872803,
228,228,1.7688791751861572,
229,229,1.924701452255249,
230,230,1.5092103481292725,
231,231,1.8386809825897217,
232,232,1.8663692474365234,
233,233,1.508681297302246,
234,234,2.093745470046997,
235,235,2.0232176780700684,
236,236,1.2662475109100342,
237,237,2.1039419174194336,
238,238,1.9243505001068115,
239,239,1.409994125366211,
240,240,1.2729378938674927,
241,241,2.231569290161133,
242,242,1.8379566669464111,
243,243,1.5984103679656982,
244,244,1.7175014019012451,
245,245,1.89595365524292,
246,246,1.974139928817749,
247,247,1.7631300687789917,
248,248,1.7712852954864502,
249,249,,1.2649649381637573
249,249,1.2649649381637573,
250,250,2.169083595275879,
251,251,2.056063652038574,
252,252,1.553520679473877,
253,253,1.5887479782104492,
254,254,1.890305757522583,
255,255,2.2229597568511963,
256,256,1.7128089666366577,
257,257,2.177741765975952,
258,258,1.5248405933380127,
259,259,1.8938629627227783,
260,260,2.2179598808288574,
261,261,2.124507427215576,
262,262,2.1003711223602295,
263,263,1.5387333631515503,
264,264,1.801431655883789,
265,265,1.9977328777313232,
266,266,2.0580804347991943,
267,267,2.1405701637268066,
268,268,1.8954389095306396,
269,269,1.918441891670227,
270,270,1.3044493198394775,
271,271,1.9620726108551025,
272,272,2.043117046356201,
273,273,1.8939526081085205,
274,274,1.383383870124817,
275,275,2.039856433868408,
276,276,1.9551050662994385,
277,277,1.9850425720214844,
278,278,1.820041298866272,
279,279,1.4796885251998901,
280,280,1.3711144924163818,
281,281,1.9651837348937988,
282,282,1.8721719980239868,
283,283,2.0903892517089844,
284,284,2.1075329780578613,
285,285,1.5165293216705322,
286,286,1.8558459281921387,
287,287,2.0803332328796387,
288,288,1.8807249069213867,
289,289,1.2859675884246826,
290,290,1.561192274093628,
291,291,2.210116386413574,
292,292,1.9211981296539307,
293,293,1.8890578746795654,
294,294,1.8765435218811035,
295,295,2.096487283706665,
296,296,1.9060475826263428,
297,297,1.9386074542999268,
298,298,1.0169886350631714,
299,299,,1.9660303592681885
299,299,1.9660303592681885,
300,300,1.6003024578094482,
301,301,1.9082159996032715,
302,302,1.6164839267730713,
303,303,1.8694791793823242,
304,304,2.090397834777832,
305,305,1.5648016929626465,
306,306,1.666658639907837,
307,307,2.1216373443603516,
308,308,2.0160865783691406,
309,309,2.0644593238830566,
310,310,2.1312947273254395,
311,311,1.9356439113616943,
312,312,1.9929091930389404,
313,313,1.9986131191253662,
314,314,1.8074162006378174,
315,315,2.042386293411255,
316,316,1.4622597694396973,
317,317,1.898514747619629,
318,318,2.131943941116333,
319,319,2.0003161430358887,
320,320,1.9430460929870605,
321,321,1.870274543762207,
322,322,1.9366875886917114,
323,323,1.8765196800231934,
324,324,1.9503483772277832,
325,325,2.3114638328552246,
326,326,1.3937252759933472,
327,327,1.6114840507507324,
328,328,1.688324213027954,
329,329,1.9001586437225342,
330,330,1.9256337881088257,
331,331,2.2143895626068115,
332,332,2.0726397037506104,
333,333,2.024611711502075,
334,334,1.743852972984314,
335,335,1.9014527797698975,
336,336,1.577742338180542,
337,337,1.8883436918258667,
338,338,1.9005868434906006,
339,339,2.057185173034668,
340,340,1.825594425201416,
341,341,2.0665721893310547,
342,342,1.6534968614578247,
343,343,2.0357723236083984,
344,344,1.918502926826477,
345,345,1.8779351711273193,
346,346,1.9277148246765137,
347,347,1.6883392333984375,
348,348,1.7513371706008911,
349,349,,1.7577190399169922
349,349,1.7577190399169922,
350,350,1.8633594512939453,
351,351,1.658078908920288,
352,352,1.9398537874221802,
353,353,1.9710490703582764,
354,354,1.9882168769836426,
355,355,1.815171480178833,
356,356,1.8146942853927612,
357,357,1.9611068964004517,
358,358,1.2502822875976562,
359,359,1.4017698764801025,
360,360,1.537543773651123,
361,361,1.984649419784546,
362,362,1.8454333543777466,
363,363,2.027724504470825,
364,364,1.8554356098175049,
365,365,1.09943425655365,
366,366,2.0717945098876953,
367,367,1.5179080963134766,
368,368,1.3754757642745972,
369,369,1.5406551361083984,
370,370,1.7787528038024902,
371,371,1.8988343477249146,
372,372,0.8487556576728821,
373,373,1.9356540441513062,
374,374,1.8994611501693726,
375,375,1.907313585281372,
376,376,1.8122234344482422,
377,377,2.1270055770874023,
378,378,1.6912282705307007,
379,379,1.5472261905670166,
380,380,1.994850754737854,
381,381,1.9484288692474365,
382,382,1.6752374172210693,
383,383,1.5273430347442627,
384,384,1.8434810638427734,
385,385,1.5219454765319824,
386,386,1.3715311288833618,
387,387,1.6682298183441162,
388,388,1.73283052444458,
389,389,2.133733034133911,
390,390,1.2703191041946411,
391,391,1.7237112522125244,
392,392,1.154578447341919,
393,393,1.7616691589355469,
394,394,1.6506943702697754,
395,395,1.7794207334518433,
396,396,1.3209142684936523,
397,397,1.6004811525344849,
398,398,1.7128496170043945,
399,399,,1.2913010120391846
399,399,1.2913010120391846,
400,400,1.7777595520019531,
401,401,1.7246906757354736,
402,402,1.6144405603408813,
403,403,1.4528931379318237,
404,404,1.3383264541625977,
405,405,2.1178739070892334,
406,406,1.6457011699676514,
407,407,2.128096103668213,
408,408,1.6306867599487305,
409,409,1.6764955520629883,
410,410,1.674130916595459,
411,411,1.5339263677597046,
412,412,1.772460699081421,
413,413,1.6080870628356934,
414,414,1.9592705965042114,
415,415,1.9768939018249512,
416,416,1.7042858600616455,
417,417,1.9220001697540283,
418,418,1.7331050634384155,
419,419,1.648159146308899,
420,420,1.4934576749801636,
421,421,1.6154513359069824,
422,422,1.7693994045257568,
423,423,2.0292413234710693,
424,424,1.2936701774597168,
425,425,1.6897376775741577,
426,426,1.7082715034484863,
427,427,1.6155462265014648,
428,428,1.946894884109497,
429,429,1.4199285507202148,
430,430,1.622758150100708,
431,431,1.2708592414855957,
432,432,1.7061752080917358,
433,433,0.9691957235336304,
434,434,1.7531476020812988,
435,435,0.9953145980834961,
436,436,1.2743005752563477,
437,437,1.28036367893219,
438,438,1.2949914932250977,
439,439,1.780714511871338,
440,440,1.244558334350586,
441,441,1.6151247024536133,
442,442,1.390716791152954,
443,443,1.6252410411834717,
444,444,1.2423713207244873,
445,445,1.4856505393981934,
446,446,1.7333968877792358,
447,447,1.6335582733154297,
448,448,1.8438557386398315,
449,449,,1.2748913764953613
449,449,1.2748913764953613,
450,450,1.7268712520599365,
451,451,1.8031940460205078,
452,452,2.1422595977783203,
453,453,1.6688816547393799,
454,454,1.6295111179351807,
455,455,1.5901178121566772,
456,456,1.6386723518371582,
457,457,1.7353971004486084,
458,458,1.5921742916107178,
459,459,2.013460397720337,
460,460,1.72991943359375,
461,461,1.619535207748413,
462,462,1.7183947563171387,
463,463,1.445291519165039,
464,464,1.8364052772521973,
465,465,1.3277368545532227,
466,466,1.6426725387573242,
467,467,1.689875841140747,
468,468,1.6103241443634033,
469,469,1.3777471780776978,
470,470,1.4962964057922363,
471,471,1.696434497833252,
472,472,1.6678893566131592,
473,473,1.4455838203430176,
474,474,1.6619248390197754,
475,475,1.4651808738708496,
476,476,1.760212779045105,
477,477,1.2389051914215088,
478,478,1.1472312211990356,
479,479,1.379995584487915,
480,480,0.7313219308853149,
481,481,1.5721701383590698,
482,482,1.3683891296386719,
483,483,1.603306531906128,
484,484,1.519640564918518,
485,485,1.3778698444366455,
486,486,1.177079200744629,
487,487,1.5497407913208008,
488,488,1.2787110805511475,
489,489,1.5506049394607544,
490,490,1.5281329154968262,
491,491,1.7052233219146729,
492,492,1.5913734436035156,
493,493,1.6649024486541748,
494,494,1.3267858028411865,
495,495,1.2437868118286133,
496,496,1.8835662603378296,
497,497,1.6577801704406738,
498,498,1.569389820098877,
499,499,,1.9844306707382202
499,499,1.9844306707382202,
500,500,1.432241678237915,
501,501,1.6699104309082031,
502,502,1.5776407718658447,
503,503,1.445608139038086,
504,504,1.7779059410095215,
505,505,1.6178548336029053,
506,506,1.8477685451507568,
507,507,1.5274066925048828,
508,508,2.0845885276794434,
509,509,1.1922893524169922,
510,510,1.8955024480819702,
511,511,1.9127752780914307,
512,512,1.228539228439331,
513,513,1.4894120693206787,
514,514,1.5205230712890625,
515,515,1.2786494493484497,
516,516,1.6104670763015747,
517,517,0.6767014265060425,
518,518,1.2602903842926025,
519,519,1.528643012046814,
520,520,1.5225275754928589,
521,521,1.346053123474121,
522,522,1.2915730476379395,
523,523,1.633249044418335,
524,524,1.8316142559051514,
525,525,1.763616681098938,
526,526,1.5614378452301025,
527,527,1.516629934310913,
528,528,1.4407790899276733,
529,529,1.4976145029067993,
530,530,1.7367396354675293,
531,531,1.8201738595962524,
532,532,1.5525565147399902,
533,533,1.3249354362487793,
534,534,1.873039960861206,
535,535,1.6799486875534058,
536,536,1.0791966915130615,
537,537,1.7281036376953125,
538,538,1.4312098026275635,
539,539,1.4131755828857422,
540,540,1.6571826934814453,
541,541,1.7078940868377686,
542,542,0.8615116477012634,
543,543,1.2412238121032715,
544,544,1.5646471977233887,
545,545,1.6007009744644165,
546,546,1.142277479171753,
547,547,1.4835295677185059,
548,548,0.877139687538147,
549,549,,1.4706741571426392
549,549,1.4706741571426392,
550,550,1.473667860031128,
551,551,0.9732283353805542,
552,552,1.6817601919174194,
553,553,1.1518969535827637,
554,554,1.629714012145996,
555,555,1.2969586849212646,
556,556,1.5663678646087646,
557,557,1.1945066452026367,
558,558,1.500107765197754,
559,559,1.6389045715332031,
560,560,1.8312913179397583,
561,561,1.3442857265472412,
562,562,1.5060372352600098,
563,563,1.1301103830337524,
564,564,1.0133228302001953,
565,565,1.7950258255004883,
566,566,1.6739001274108887,
567,567,1.5349323749542236,
568,568,1.830392837524414,
569,569,1.8285115957260132,
570,570,1.4906799793243408,
571,571,1.6360111236572266,
572,572,1.585148811340332,
573,573,1.5294439792633057,
574,574,1.1757733821868896,
575,575,1.5144619941711426,
576,576,1.4254298210144043,
577,577,1.4150238037109375,
578,578,1.5872738361358643,
579,579,1.2791748046875,
580,580,1.1970763206481934,
581,581,1.2054266929626465,
582,582,1.51185142993927,
583,583,1.4482471942901611,
584,584,1.6030285358428955,
585,585,1.5020672082901,
586,586,1.5506114959716797,
587,587,1.4211095571517944,
588,588,1.4928510189056396,
589,589,0.8765971660614014,
590,590,1.1742496490478516,
591,591,1.6694691181182861,
592,592,1.526524543762207,
593,593,1.4964954853057861,
594,594,1.8595173358917236,
595,595,1.4898356199264526,
596,596,1.0724635124206543,
597,597,0.6322430968284607,
598,598,1.139154076576233,
599,599,,1.591355323791504
599,599,1.591355323791504,
600,600,1.2142115831375122,
601,601,0.9971227645874023,
602,602,1.4186770915985107,
603,603,1.4837071895599365,
604,604,1.1996300220489502,
605,605,1.490713357925415,
606,606,1.503446340560913,
607,607,1.5062229633331299,
608,608,1.8240668773651123,
609,609,1.4347009658813477,
610,610,1.1708333492279053,
611,611,1.459918737411499,
612,612,1.568434238433838,
613,613,1.4419490098953247,
614,614,1.4227535724639893,
615,615,1.4403953552246094,
616,616,1.8498954772949219,
617,617,1.4178824424743652,
618,618,1.0663316249847412,
619,619,1.4792386293411255,
620,620,1.4711623191833496,
621,621,1.362089991569519,
622,622,1.635648488998413,
623,623,1.1570324897766113,
624,624,1.4933278560638428,
625,625,1.475942850112915,
626,626,1.497525691986084,
627,627,1.4470040798187256,
628,628,1.5561187267303467,
629,629,1.7818363904953003,
630,630,1.5860183238983154,
631,631,1.4263176918029785,
632,632,0.8539057970046997,
633,633,1.3373594284057617,
634,634,1.7773536443710327,
635,635,1.5056202411651611,
636,636,1.1792374849319458,
637,637,0.8196254968643188,
638,638,1.4149562120437622,
639,639,1.468676209449768,
640,640,1.1184983253479004,
641,641,1.7815802097320557,
642,642,1.4245144128799438,
643,643,1.4676786661148071,
644,644,1.349160075187683,
645,645,1.3696866035461426,
646,646,1.3537094593048096,
647,647,1.3295698165893555,
648,648,1.306478500366211,
649,649,,1.396892786026001
649,649,1.396892786026001,
650,650,0.8126153945922852,
651,651,1.4137771129608154,
652,652,1.3937245607376099,
653,653,0.7909716963768005,
654,654,1.6212377548217773,
655,655,1.165421485900879,
656,656,1.2951858043670654,
657,657,1.7020076513290405,
658,658,1.6672921180725098,
659,659,1.408327579498291,
660,660,1.2338650226593018,
661,661,1.1663134098052979,
662,662,1.186457633972168,
663,663,1.1459215879440308,
664,664,1.5626089572906494,
665,665,1.4401963949203491,
666,666,1.5391311645507812,
667,667,1.4533828496932983,
668,668,1.1431732177734375,
669,669,1.1602883338928223,
670,670,1.7797505855560303,
671,671,1.1511561870574951,
672,672,1.2914693355560303,
673,673,1.6022804975509644,
674,674,1.14509117603302,
675,675,1.5205962657928467,
676,676,1.4272651672363281,
677,677,1.4951585531234741,
678,678,1.5240713357925415,
679,679,1.3562309741973877,
680,680,1.4365777969360352,
681,681,1.5443483591079712,
682,682,1.53151535987854,
683,683,1.5271377563476562,
684,684,1.4779212474822998,
685,685,1.5575863122940063,
686,686,1.482813835144043,
687,687,1.3954064846038818,
688,688,1.4253581762313843,
689,689,1.3457751274108887,
690,690,1.488939642906189,
691,691,1.4012529850006104,
692,692,1.5514860153198242,
693,693,1.551844596862793,
694,694,1.5487871170043945,
695,695,1.6286396980285645,
696,696,1.4351214170455933,
697,697,1.100481629371643,
698,698,1.4992001056671143,
699,699,,1.3854215145111084
699,699,1.3854215145111084,
700,700,1.481525182723999,
701,701,0.8347597718238831,
702,702,1.336439847946167,
703,703,1.4559580087661743,
704,704,1.4361166954040527,
705,705,1.8087058067321777,
706,706,1.4193217754364014,
707,707,1.3565642833709717,
708,708,1.0865610837936401,
709,709,1.3685840368270874,
710,710,1.2006521224975586,
711,711,1.5173184871673584,
712,712,1.510568380355835,
713,713,1.4544672966003418,
714,714,1.7081944942474365,
715,715,1.6881375312805176,
716,716,1.0785067081451416,
717,717,1.1425249576568604,
718,718,1.4772191047668457,
719,719,1.5573081970214844,
720,720,1.5145543813705444,
721,721,1.484370231628418,
722,722,1.3947885036468506,
723,723,1.426671028137207,
724,724,1.4147987365722656,
725,725,1.4448060989379883,
726,726,1.547175407409668,
727,727,1.5926086902618408,
728,728,1.5554922819137573,
729,729,1.4387389421463013,
730,730,1.36383056640625,
731,731,0.8561789393424988,
732,732,1.2171212434768677,
733,733,0.8382113575935364,
734,734,1.433774471282959,
735,735,1.785187005996704,
736,736,1.360264539718628,
737,737,0.8658785223960876,
738,738,1.7489125728607178,
739,739,1.2230665683746338,
740,740,0.6379963159561157,
741,741,1.372880458831787,
742,742,1.5396595001220703,
743,743,0.9892804622650146,
744,744,1.145721673965454,
745,745,1.4396226406097412,
746,746,1.4852194786071777,
747,747,1.523120641708374,
748,748,0.9165302515029907,
749,749,,1.5100691318511963
749,749,1.5100691318511963,
750,750,1.424147605895996,
751,751,1.485304832458496,
752,752,1.3022829294204712,
753,753,1.6439127922058105,
754,754,1.570375919342041,
755,755,1.041861653327942,
756,756,1.4260878562927246,
757,757,1.385082483291626,
758,758,1.4673635959625244,
759,759,1.4430909156799316,
760,760,1.4474660158157349,
761,761,1.150537371635437,
762,762,1.2872228622436523,
763,763,1.3586492538452148,
764,764,1.5923287868499756,
765,765,1.4003269672393799,
766,766,1.4710184335708618,
767,767,0.953514575958252,
768,768,1.1268389225006104,
769,769,1.483280897140503,
770,770,1.1192476749420166,
771,771,1.3708299398422241,
772,772,1.3068547248840332,
773,773,1.28080153465271,
774,774,1.401252031326294,
775,775,1.5833892822265625,
776,776,1.4933404922485352,
777,777,1.111773133277893,
778,778,1.4165356159210205,
779,779,1.3349946737289429,
780,780,1.3224353790283203,
781,781,1.4340146780014038,
782,782,1.489274501800537,
783,783,0.6705091595649719,
784,784,1.5408031940460205,
785,785,1.5444908142089844,
786,786,1.159832239151001,
787,787,1.5771527290344238,
788,788,0.8255020380020142,
789,789,1.061999797821045,
790,790,1.4747143983840942,
791,791,1.2803480625152588,
792,792,1.2988451719284058,
793,793,1.3104467391967773,
794,794,1.2828667163848877,
795,795,1.0530908107757568,
796,796,1.2298481464385986,
797,797,1.0982234477996826,
798,798,1.3464698791503906,
799,799,,0.9302619695663452
799,799,0.9302619695663452,
800,800,1.2771618366241455,
801,801,1.460597276687622,
802,802,1.3930988311767578,
803,803,1.031387448310852,
804,804,1.2806077003479004,
805,805,1.257528305053711,
806,806,1.021275520324707,
807,807,1.2677077054977417,
808,808,1.2297849655151367,
809,809,1.216907024383545,
810,810,1.2374718189239502,
811,811,1.21067476272583,
812,812,1.3250834941864014,
813,813,1.3380560874938965,
814,814,1.2002997398376465,
815,815,1.2319786548614502,
816,816,1.1266930103302002,
817,817,0.9834504127502441,
818,818,1.0752699375152588,
819,819,1.167302131652832,
820,820,0.998023509979248,
821,821,0.7910438179969788,
822,822,1.256765604019165,
823,823,0.9806582927703857,
824,824,1.2789263725280762,
825,825,1.107204556465149,
826,826,0.9284601211547852,
827,827,1.153996229171753,
828,828,1.1288201808929443,
829,829,1.0813045501708984,
830,830,0.9992568492889404,
831,831,1.1822565793991089,
832,832,1.0911307334899902,
833,833,1.0885298252105713,
834,834,0.9150884747505188,
835,835,0.9885194897651672,
836,836,1.0239367485046387,
837,837,0.9514412879943848,
838,838,1.0227549076080322,
839,839,0.9630527496337891,
840,840,0.9540106058120728,
841,841,0.9821522235870361,
842,842,1.0093045234680176,
843,843,0.909483790397644,
844,844,0.9136756062507629,
845,845,0.9205965995788574,
846,846,1.0043952465057373,
847,847,0.9408705830574036,
848,848,0.9110435247421265,
849,849,,0.7594098448753357
849,849,0.7594098448753357,
850,850,0.9800494909286499,
851,851,0.9002693891525269,
852,852,0.9082573652267456,
853,853,0.8639542460441589,
854,854,0.8472903370857239,
855,855,0.8399829864501953,
856,856,0.9938606023788452,
857,857,0.6288525462150574,
858,858,0.924676775932312,
859,859,0.8611442446708679,
860,860,0.8903956413269043,
861,861,0.8043701648712158,
862,862,0.8314801454544067,
863,863,0.7410169839859009,
864,864,0.8084250688552856,
865,865,0.8933051824569702,
866,866,0.6699212789535522,
867,867,0.6951377391815186,
868,868,0.7405575513839722,
869,869,0.7585200667381287,
870,870,0.7836143970489502,
871,871,0.6930661201477051,
872,872,0.7522013187408447,
873,873,0.6678410172462463,
874,874,0.7407017946243286,
875,875,0.6837108135223389,
876,876,0.6789105534553528,
877,877,0.7019927501678467,
878,878,0.798932671546936,
879,879,0.7386385798454285,
880,880,0.7815637588500977,
881,881,0.687010645866394,
882,882,0.6901228427886963,
883,883,0.6857597827911377,
884,884,0.6478893756866455,
885,885,0.6637552380561829,
886,886,0.6470855474472046,
887,887,0.6482658982276917,
888,888,0.6608210802078247,
889,889,0.6306934952735901,
890,890,0.6433781385421753,
891,891,0.6506267786026001,
892,892,0.6385347843170166,
893,893,0.6133912801742554,
894,894,0.6381469964981079,
895,895,0.6287407875061035,
896,896,0.5912265181541443,
897,897,0.6331586837768555,
898,898,0.6306941509246826,
899,899,,0.6386727094650269
899,899,0.6386727094650269,
900,900,0.6308416128158569,
901,901,0.6016266942024231,
902,902,0.6087013483047485,
903,903,0.6083577275276184,
904,904,0.6245332956314087,
905,905,0.5985207557678223,
906,906,0.6138328313827515,
907,907,0.5944221019744873,
908,908,0.6125353574752808,
909,909,0.5959739685058594,
910,910,0.5969809293746948,
911,911,0.5810654759407043,
912,912,0.6188455820083618,
913,913,0.5971336960792542,
914,914,0.5707684755325317,
915,915,0.5907979011535645,
916,916,0.644845187664032,
917,917,0.5996835827827454,
918,918,0.5756343007087708,
919,919,0.5971210598945618,
920,920,0.5765029788017273,
921,921,0.5610939860343933,
922,922,0.5943261384963989,
923,923,0.5701290965080261,
924,924,0.5831324458122253,
925,925,0.5931360125541687,
926,926,0.5639370083808899,
927,927,0.577235221862793,
928,928,0.5809096097946167,
929,929,0.5808188915252686,
930,930,0.5858367681503296,
931,931,0.5559447407722473,
932,932,0.556430459022522,
933,933,0.5791067481040955,
934,934,0.608661413192749,
935,935,0.5669184923171997,
936,936,0.5533216595649719,
937,937,0.5630419254302979,
938,938,0.5613813400268555,
939,939,0.575593888759613,
940,940,0.594280481338501,
941,941,0.5594624280929565,
942,942,0.5658004879951477,
943,943,0.5675910711288452,
944,944,0.5660044550895691,
945,945,0.5443530678749084,
946,946,0.5646651387214661,
947,947,0.5838516354560852,
948,948,0.5749927759170532,
949,949,,0.5676310062408447
949,949,0.5676310062408447,
950,950,0.5388793349266052,
951,951,0.5846207141876221,
952,952,0.5789655447006226,
953,953,0.5609067678451538,
954,954,0.5630171298980713,
955,955,0.5587992072105408,
956,956,0.5536056756973267,
957,957,0.5493543148040771,
958,958,0.5581886768341064,
959,959,0.5407960414886475,
960,960,0.5529913306236267,
961,961,0.5610390305519104,
962,962,0.5564857721328735,
963,963,0.5566251277923584,
964,964,0.5645453333854675,
965,965,0.540908932685852,
966,966,0.5615495443344116,
967,967,0.5543515682220459,
968,968,0.5476058125495911,
969,969,0.5715830326080322,
970,970,0.544198215007782,
971,971,0.5585254430770874,
972,972,0.5552824139595032,
973,973,0.5590237379074097,
974,974,0.5559219121932983,
975,975,0.5560937523841858,
976,976,0.5452640056610107,
977,977,0.5754669904708862,
978,978,0.5480344295501709,
979,979,0.5701535940170288,
980,980,0.559490442276001,
981,981,0.553959846496582,
982,982,0.5552111864089966,
983,983,0.566596269607544,
984,984,0.5503532290458679,
985,985,0.566097617149353,
986,986,0.5575549006462097,
987,987,0.5417672991752625,
988,988,0.5541756749153137,
989,989,0.5546953678131104,
990,990,0.5580117702484131,
991,991,0.5673460960388184,
992,992,0.5446919202804565,
993,993,0.5534845590591431,
994,994,0.5592557787895203,
995,995,0.5363652110099792,
996,996,0.5539754033088684,
997,997,0.5400152802467346,
998,998,0.5406420826911926,
999,999,,0.5385750532150269
999,999,0.5385750532150269,
1000,1000,0.5577351450920105,
1001,1001,0.5255441069602966,
1002,1002,0.5432481169700623,
1003,1003,0.5332499742507935,
1004,1004,0.5365914106369019,
1005,1005,0.5502411723136902,
1006,1006,0.5775988101959229,
1007,1007,0.5633832216262817,
1008,1008,0.5444404482841492,
1009,1009,0.5507599711418152,
1010,1010,0.519138753414154,
1011,1011,0.5489639639854431,
1012,1012,0.5472020506858826,
1013,1013,0.5449119806289673,
1014,1014,0.5327221155166626,
1015,1015,0.5499379634857178,
1016,1016,0.5393874645233154,
1017,1017,0.5463057160377502,
1018,1018,0.5385240316390991,
1019,1019,0.528859555721283,
1020,1020,0.555715799331665,
1021,1021,0.5430105924606323,
1022,1022,0.5335690379142761,
1023,1023,0.5545461773872375,
1024,1024,0.5395263433456421,
1025,1025,0.5432695150375366,
1026,1026,0.5513374209403992,
1027,1027,0.5382625460624695,
1028,1028,0.5412060022354126,
1029,1029,0.5299118757247925,
1030,1030,0.5515747666358948,
1031,1031,0.538699746131897,
1032,1032,0.5320906639099121,
1033,1033,0.5526171326637268,
1034,1034,0.5458952784538269,
1035,1035,0.549622654914856,
1036,1036,0.5446705222129822,
1037,1037,0.5344125032424927,
1038,1038,0.5446217656135559,
1039,1039,0.5411432981491089,
1040,1040,0.5416063666343689,
1041,1041,0.5662291646003723,
1042,1042,0.5421844124794006,
1043,1043,0.5279618501663208,
1044,1044,0.5248330235481262,
1045,1045,0.543464720249176,
1046,1046,0.542855441570282,
1047,1047,0.5407155156135559,
1048,1048,0.506203830242157,
1049,1049,,0.5286977291107178
1049,1049,0.5286977291107178,
1050,1050,0.5443769693374634,
1051,1051,0.542278528213501,
1052,1052,0.5257111191749573,
1053,1053,0.5246835947036743,
1054,1054,0.5452755093574524,
1055,1055,0.5408422946929932,
1056,1056,0.5306073427200317,
1057,1057,0.541295051574707,
1058,1058,0.5379733443260193,
1059,1059,0.5420323610305786,
1060,1060,0.5401777029037476,
1061,1061,0.5628604888916016,
1062,1062,0.5278047919273376,
1063,1063,0.541374921798706,
1064,1064,0.5301700830459595,
1065,1065,0.5413899421691895,
1066,1066,0.5412469506263733,
1067,1067,0.5435490012168884,
1068,1068,0.5572038888931274,
1069,1069,0.5530818104743958,
1070,1070,0.5408890843391418,
1071,1071,0.5267324447631836,
1072,1072,0.5535717606544495,
1073,1073,0.5406222939491272,
1074,1074,0.5228606462478638,
1075,1075,0.5324372053146362,
1076,1076,0.5332432985305786,
1077,1077,0.5327094793319702,
1078,1078,0.5389752388000488,
1079,1079,0.5402498841285706,
1080,1080,0.5176375508308411,
1081,1081,0.5343323945999146,
1082,1082,0.5461613535881042,
1083,1083,0.5217819213867188,
1084,1084,0.5397951006889343,
1085,1085,0.5337705016136169,
1086,1086,0.5430700182914734,
1087,1087,0.5440706014633179,
1088,1088,0.4960491955280304,
1089,1089,0.5354303121566772,
1090,1090,0.5257045030593872,
1091,1091,0.5355643630027771,
1092,1092,0.5508402585983276,
1093,1093,0.5351005792617798,
1094,1094,0.5504285097122192,
1095,1095,0.5843722224235535,
1096,1096,0.5493518710136414,
1097,1097,0.5492563843727112,
1098,1098,0.5272489190101624,
1099,1099,,0.5689441561698914
1099,1099,0.5689441561698914,
1100,1100,0.5271022915840149,
1101,1101,0.5275887846946716,
1102,1102,0.5156518220901489,
1103,1103,0.5297430753707886,
1104,1104,0.5433992743492126,
1105,1105,0.5443969368934631,
1106,1106,0.5388098955154419,
1107,1107,0.5329536199569702,
1108,1108,0.5307177305221558,
1109,1109,0.5354886054992676,
1110,1110,0.534659206867218,
1111,1111,0.5200255513191223,
1112,1112,0.5362899899482727,
1113,1113,0.558014988899231,
1114,1114,0.5376701354980469,
1115,1115,0.5442171096801758,
1116,1116,0.5387492775917053,
1117,1117,0.5570952892303467,
1118,1118,0.5539782643318176,
1119,1119,0.5546098351478577,
1120,1120,0.5399906635284424,
1121,1121,0.537591814994812,
1122,1122,0.5305672287940979,
1123,1123,0.5356408953666687,
1124,1124,0.5356175899505615,
1125,1125,0.5335118174552917,
1126,1126,0.5313243269920349,
1127,1127,0.5162468552589417,
1128,1128,0.5392753481864929,
1129,1129,0.5413100123405457,
1130,1130,0.521451473236084,
1131,1131,0.5307700634002686,
1132,1132,0.548579752445221,
1133,1133,0.5294424891471863,
1134,1134,0.5314057469367981,
1135,1135,0.5183042883872986,
1136,1136,0.526687741279602,
1137,1137,0.5424454808235168,
1138,1138,0.5303118824958801,
1139,1139,0.5352838635444641,
1140,1140,0.5402968525886536,
1141,1141,0.5302232503890991,
1142,1142,0.5360389947891235,
1143,1143,0.5334958434104919,
1144,1144,0.5319214463233948,
1145,1145,0.5327509641647339,
1146,1146,0.5362800359725952,
1147,1147,0.5406143665313721,
1148,1148,0.5305260419845581,
1149,1149,,0.552269697189331
1149,1149,0.552269697189331,
1150,1150,0.5435164570808411,
1151,1151,0.5333396196365356,
1152,1152,0.5359429121017456,
1153,1153,0.5404057502746582,
1154,1154,0.5119203925132751,
1155,1155,0.5401648283004761,
1156,1156,0.5570371747016907,
1157,1157,0.5305694937705994,
1158,1158,0.5458667278289795,
1159,1159,0.5367544889450073,
1160,1160,0.5250787734985352,
1161,1161,0.5254929065704346,
1162,1162,0.5542604923248291,
1163,1163,0.5217851400375366,
1164,1164,0.5089842081069946,
1165,1165,0.536388099193573,
1166,1166,0.5353239178657532,
1167,1167,0.538115918636322,
1168,1168,0.5047149062156677,
1169,1169,0.5270568132400513,
1170,1170,0.54093998670578,
1171,1171,0.5332716703414917,
1172,1172,0.5379577279090881,
1173,1173,0.5278850793838501,
1174,1174,0.5263590216636658,
1175,1175,0.5249413847923279,
1176,1176,0.5243562459945679,
1177,1177,0.51378333568573,
1178,1178,0.5302504897117615,
1179,1179,0.5309009552001953,
1180,1180,0.5031233429908752,
1181,1181,0.5354154706001282,
1182,1182,0.5462609529495239,
1183,1183,0.5350422263145447,
1184,1184,0.5377914905548096,
1185,1185,0.5283640027046204,
1186,1186,0.517607569694519,
1187,1187,0.5492400527000427,
1188,1188,0.5403618812561035,
1189,1189,0.5257465839385986,
1190,1190,0.5256727933883667,
1191,1191,0.5135687589645386,
1192,1192,0.5284969806671143,
1193,1193,0.5268986225128174,
1194,1194,0.5347020030021667,
1195,1195,0.5320305824279785,
1196,1196,0.5380427837371826,
1197,1197,0.5370880961418152,
1198,1198,0.512802004814148,
1199,1199,,0.5248638391494751
1199,1199,0.5248638391494751,
1200,1200,0.5253180265426636,
1201,1201,0.5303471088409424,
1202,1202,0.5192243456840515,
1203,1203,0.5435050129890442,
1204,1204,0.5122049450874329,
1205,1205,0.5125147700309753,
1206,1206,0.5259838104248047,
1207,1207,0.5269837975502014,
1208,1208,0.5257088541984558,
1209,1209,0.5275540947914124,
1210,1210,0.5306931138038635,
1211,1211,0.5318267345428467,
1212,1212,0.5257248878479004,
1213,1213,0.5271376967430115,
1214,1214,0.5282642245292664,
1215,1215,0.5127695798873901,
1216,1216,0.5241120457649231,
1217,1217,0.5309302806854248,
1218,1218,0.5281794667243958,
1219,1219,0.5233362317085266,
1220,1220,0.5174070596694946,
1221,1221,0.5225363373756409,
1222,1222,0.5259596109390259,
1223,1223,0.5320513248443604,
1224,1224,0.5099127888679504,
1225,1225,0.5257701277732849,
1226,1226,0.5266269445419312,
1227,1227,0.5016871690750122,
1228,1228,0.523831844329834,
1229,1229,0.5220902562141418,
1230,1230,0.5167394876480103,
1231,1231,0.5496775507926941,
1232,1232,0.5391563773155212,
1233,1233,0.5429069399833679,
1234,1234,0.5225326418876648,
1235,1235,0.5358276963233948,
1236,1236,0.51832515001297,
1237,1237,0.5226469039916992,
1238,1238,0.5275642275810242,
1239,1239,0.5247876048088074,
1240,1240,0.5213747620582581,
1241,1241,0.5107882022857666,
1242,1242,0.5083539485931396,
1243,1243,0.5327721238136292,
1244,1244,0.5241694450378418,
1245,1245,0.5126276612281799,
1246,1246,0.5297783613204956,
1247,1247,0.5144264101982117,
1248,1248,0.525744616985321,
1249,1249,,0.5108075737953186
1249,1249,0.5108075737953186,
1250,1250,0.5053994655609131,
1251,1251,0.5243056416511536,
1252,1252,0.5130932927131653,
1253,1253,0.5238408446311951,
1254,1254,0.5234451293945312,
1255,1255,0.52863609790802,
1256,1256,0.5304516553878784,
1257,1257,0.5218662619590759,
1258,1258,0.5238829255104065,
1259,1259,0.5276683568954468,
1260,1260,0.5127171874046326,
1261,1261,0.5229337811470032,
1262,1262,0.5168148279190063,
1263,1263,0.5097296833992004,
1264,1264,0.5434557795524597,
1265,1265,0.5215095281600952,
1266,1266,0.5381618142127991,
1267,1267,0.5678795576095581,
1268,1268,0.5179896354675293,
1269,1269,0.5198403000831604,
1270,1270,0.5211413502693176,
1271,1271,0.4966406524181366,
1272,1272,0.511210024356842,
1273,1273,0.5119240283966064,
1274,1274,0.5356420874595642,
1275,1275,0.5287736654281616,
1276,1276,0.5204560160636902,
1277,1277,0.5283253192901611,
1278,1278,0.5170795321464539,
1279,1279,0.5251273512840271,
1280,1280,0.518589973449707,
1281,1281,0.5214283466339111,
1282,1282,0.5258051753044128,
1283,1283,0.519780695438385,
1284,1284,0.5371988415718079,
1285,1285,0.516843318939209,
1286,1286,0.5221084356307983,
1287,1287,0.5523219704627991,
1288,1288,0.5139647126197815,
1289,1289,0.5070099830627441,
1290,1290,0.5183718204498291,
1291,1291,0.5147271156311035,
1292,1292,0.5116286277770996,
1293,1293,0.5329761505126953,
1294,1294,0.5191774964332581,
1295,1295,0.5429166555404663,
1296,1296,0.5150010585784912,
1297,1297,0.5144656300544739,
1298,1298,0.5144097805023193,
1299,1299,,0.5207452774047852
1299,1299,0.5207452774047852,
1300,1300,0.4984913170337677,
1301,1301,0.4959561824798584,
1302,1302,0.5326844453811646,
1303,1303,0.5134142637252808,
1304,1304,0.5208526849746704,
1305,1305,0.520520031452179,
1306,1306,0.5200121998786926,
1307,1307,0.5164041519165039,
1308,1308,0.5037038922309875,
1309,1309,0.5332226753234863,
1310,1310,0.4980087876319885,
1311,1311,0.5066310167312622,
1312,1312,0.5256500244140625,
1313,1313,0.518149197101593,
1314,1314,0.5394179224967957,
1315,1315,0.5083794593811035,
1316,1316,0.47348320484161377,
1317,1317,0.5154784321784973,
1318,1318,0.49973946809768677,
1319,1319,0.5194143056869507,
1320,1320,0.5448238849639893,
1321,1321,0.5106855630874634,
1322,1322,0.5125460028648376,
1323,1323,0.5069307684898376,
1324,1324,0.5142266750335693,
1325,1325,0.5234926342964172,
1326,1326,0.5124808549880981,
1327,1327,0.5421440005302429,
1328,1328,0.5028023719787598,
1329,1329,0.49847862124443054,
1330,1330,0.5057514309883118,
1331,1331,0.5295625329017639,
1332,1332,0.5277122855186462,
1333,1333,0.5236212611198425,
1334,1334,0.5297831892967224,
1335,1335,0.5186868906021118,
1336,1336,0.5286464691162109,
1337,1337,0.5123159885406494,
1338,1338,0.5148966312408447,
1339,1339,0.5129806995391846,
1340,1340,0.5170084238052368,
1341,1341,0.5116753578186035,
1342,1342,0.5325154662132263,
1343,1343,0.510550320148468,
1344,1344,0.5209358930587769,
1345,1345,0.5193516612052917,
1346,1346,0.5000331997871399,
1347,1347,0.5245082974433899,
1348,1348,0.5071269273757935,
1349,1349,,0.48885273933410645
1349,1349,0.48885273933410645,
1350,1350,0.5053308606147766,
1351,1351,0.5219486951828003,
1352,1352,0.5116095542907715,
1353,1353,0.5199684500694275,
1354,1354,0.5160004496574402,
1355,1355,0.5147709846496582,
1356,1356,0.5102415084838867,
1357,1357,0.495504230260849,
1358,1358,0.51300048828125,
1359,1359,0.5148857235908508,
1360,1360,0.5228510499000549,
1361,1361,0.5098573565483093,
1362,1362,0.5153735876083374,
1363,1363,0.5390391945838928,
1364,1364,0.5218496322631836,
1365,1365,0.5094695687294006,
1366,1366,0.5065655708312988,
1367,1367,0.5172757506370544,
1368,1368,0.5015925765037537,
1369,1369,0.5040841698646545,
1370,1370,0.5103697180747986,
1371,1371,0.5177938342094421,
1372,1372,0.5183952450752258,
1373,1373,0.5132049322128296,
1374,1374,0.5104479193687439,
1375,1375,0.5121972560882568,
1376,1376,0.48654085397720337,
1377,1377,0.510476291179657,
1378,1378,0.5103112459182739,
1379,1379,0.4961126148700714,
1380,1380,0.496559202671051,
1381,1381,0.5165380835533142,
1382,1382,0.519094705581665,
1383,1383,0.5218057036399841,
1384,1384,0.5276766419410706,
1385,1385,0.5148373246192932,
1386,1386,0.5159687399864197,
1387,1387,0.5122211575508118,
1388,1388,0.5216715931892395,
1389,1389,0.5164125561714172,
1390,1390,0.5154770016670227,
1391,1391,0.5145193934440613,
1392,1392,0.5165344476699829,
1393,1393,0.5073727369308472,
1394,1394,0.5064312815666199,
1395,1395,0.5026395320892334,
1396,1396,0.5062372088432312,
1397,1397,0.5186589360237122,
1398,1398,0.5077229142189026,
1399,1399,,0.5305494666099548
1399,1399,0.5305494666099548,
1400,1400,0.5126528739929199,
1401,1401,0.5131121873855591,
1402,1402,0.5163562297821045,
1403,1403,0.5146186947822571,
1404,1404,0.49637001752853394,
1405,1405,0.502329409122467,
1406,1406,0.5024244785308838,
1407,1407,0.4961855411529541,
1408,1408,0.5118918418884277,
1409,1409,0.5110712647438049,
1410,1410,0.5015871524810791,
1411,1411,0.5200247764587402,
1412,1412,0.5305922031402588,
1413,1413,0.5066402554512024,
1414,1414,0.5062350034713745,
1415,1415,0.5110325217247009,
1416,1416,0.5242063403129578,
1417,1417,0.5060713887214661,
1418,1418,0.5331813097000122,
1419,1419,0.5231238007545471,
1420,1420,0.5118581056594849,
1421,1421,0.5120180249214172,
1422,1422,0.49316859245300293,
1423,1423,0.5030378699302673,
1424,1424,0.5119081735610962,
1425,1425,0.5085317492485046,
1426,1426,0.48869243264198303,
1427,1427,0.4816294014453888,
1428,1428,0.5070623755455017,
1429,1429,0.5233131647109985,
1430,1430,0.5097249746322632,
1431,1431,0.4914412796497345,
1432,1432,0.5119637846946716,
1433,1433,0.5030185580253601,
1434,1434,0.5142343044281006,
1435,1435,0.5074792504310608,
1436,1436,0.5080079436302185,
1437,1437,0.4895285367965698,
1438,1438,0.49623116850852966,
1439,1439,0.5164707899093628,
1440,1440,0.5118097066879272,
1441,1441,0.5452142953872681,
1442,1442,0.5138195157051086,
1443,1443,0.49970805644989014,
1444,1444,0.5076819658279419,
1445,1445,0.5152774453163147,
1446,1446,0.504899799823761,
1447,1447,0.4985978603363037,
1448,1448,0.5060344338417053,
1449,1449,,0.5381557941436768
1449,1449,0.5381557941436768,
1450,1450,0.5030020475387573,
1451,1451,0.49856817722320557,
1452,1452,0.5265040397644043,
1453,1453,0.5049178600311279,
1454,1454,0.508788526058197,
1455,1455,0.5092589855194092,
1456,1456,0.5100393891334534,
1457,1457,0.5063612461090088,
1458,1458,0.5084090232849121,
1459,1459,0.5064119100570679,
1460,1460,0.5188743472099304,
1461,1461,0.5068647265434265,
1462,1462,0.5072709918022156,
1463,1463,0.5085210204124451,
1464,1464,0.5060922503471375,
1465,1465,0.5050187706947327,
1466,1466,0.5013787746429443,
1467,1467,0.5110889673233032,
1468,1468,0.5105190277099609,
1469,1469,0.49981260299682617,
1470,1470,0.5024378895759583,
1471,1471,0.5158981680870056,
1472,1472,0.49804943799972534,
1473,1473,0.5035264492034912,
1474,1474,0.5069495439529419,
1475,1475,0.5080807209014893,
1476,1476,0.5078471899032593,
1477,1477,0.512961208820343,
1478,1478,0.5158623456954956,
1479,1479,0.5265358090400696,
1480,1480,0.5037914514541626,
1481,1481,0.5070975422859192,
1482,1482,0.48838093876838684,
1483,1483,0.5025128126144409,
1484,1484,0.5244767665863037,
1485,1485,0.502993643283844,
1486,1486,0.5028772950172424,
1487,1487,0.4844720959663391,
1488,1488,0.5054985880851746,
1489,1489,0.46993041038513184,
1490,1490,0.5090348720550537,
1491,1491,0.5090914964675903,
1492,1492,0.5064290761947632,
1493,1493,0.5362351536750793,
1494,1494,0.5147392153739929,
1495,1495,0.48793545365333557,
1496,1496,0.5125740170478821,
1497,1497,0.48741403222084045,
1498,1498,0.5071858763694763,
1499,1499,,0.5070329308509827
1499,1499,0.5070329308509827,
1500,1500,0.5021598935127258,
1501,1501,0.4998864233493805,
1502,1502,0.49013692140579224,
1503,1503,0.5188000798225403,
1504,1504,0.5153184533119202,
1505,1505,0.5188495516777039,
1506,1506,0.4923210144042969,
1507,1507,0.5065842866897583,
1508,1508,0.5004892945289612,
1509,1509,0.5080472826957703,
1510,1510,0.4979538321495056,
1511,1511,0.5065629482269287,
1512,1512,0.5028945207595825,
1513,1513,0.5020930767059326,
1514,1514,0.49818548560142517,
1515,1515,0.5146477818489075,
1516,1516,0.49274522066116333,
1517,1517,0.5003879070281982,
1518,1518,0.5022717118263245,
1519,1519,0.5148231983184814,
1520,1520,0.5177409648895264,
1521,1521,0.5103841423988342,
1522,1522,0.4928587079048157,
1523,1523,0.5174037218093872,
1524,1524,0.5078443884849548,
1525,1525,0.4599546492099762,
1526,1526,0.5033591389656067,
1527,1527,0.504905641078949,
1528,1528,0.5050690174102783,
1529,1529,0.5056785345077515,
1530,1530,0.5015431642532349,
1531,1531,0.5195144414901733,
1532,1532,0.5088030099868774,
1533,1533,0.5247821807861328,
1534,1534,0.4985855221748352,
1535,1535,0.5199151039123535,
1536,1536,0.49825990200042725,
1537,1537,0.503702700138092,
1538,1538,0.4991798400878906,
1539,1539,0.5213099718093872,
1540,1540,0.48805901408195496,
1541,1541,0.4965493977069855,
1542,1542,0.5098072290420532,
1543,1543,0.5234460234642029,
1544,1544,0.49252748489379883,
1545,1545,0.502560555934906,
1546,1546,0.494998574256897,
1547,1547,0.5033388733863831,
1548,1548,0.5059928894042969,
1549,1549,,0.5090821981430054
1549,1549,0.5090821981430054,
1550,1550,0.4981263279914856,
1551,1551,0.5060446858406067,
1552,1552,0.5002057552337646,
1553,1553,0.49857795238494873,
1554,1554,0.5011129379272461,
1555,1555,0.5080665946006775,
1556,1556,0.49263980984687805,
1557,1557,0.49492189288139343,
1558,1558,0.5077213048934937,
1559,1559,0.5038377046585083,
1560,1560,0.48157885670661926,
1561,1561,0.4856567978858948,
1562,1562,0.5224243998527527,
1563,1563,0.492186963558197,
1564,1564,0.49703577160835266,
1565,1565,0.5121154189109802,
1566,1566,0.48731091618537903,
1567,1567,0.5067022442817688,
1568,1568,0.5056363940238953,
1569,1569,0.50155109167099,
1570,1570,0.518566906452179,
1571,1571,0.5057356953620911,
1572,1572,0.4987182915210724,
1573,1573,0.4987199306488037,
1574,1574,0.49352166056632996,
1575,1575,0.5224772095680237,
1576,1576,0.4963744580745697,
1577,1577,0.49494847655296326,
1578,1578,0.5006675124168396,
1579,1579,0.5010280609130859,
1580,1580,0.5147319436073303,
1581,1581,0.49063774943351746,
1582,1582,0.5011864900588989,
1583,1583,0.49494117498397827,
1584,1584,0.5008471012115479,
1585,1585,0.488258957862854,
1586,1586,0.5019078850746155,
1587,1587,0.4980853796005249,
1588,1588,0.5009979605674744,
1589,1589,0.49750658869743347,
1590,1590,0.49776798486709595,
1591,1591,0.5004344582557678,
1592,1592,0.49793487787246704,
1593,1593,0.5018441081047058,
1594,1594,0.5091332197189331,
1595,1595,0.5016506910324097,
1596,1596,0.5046197175979614,
1597,1597,0.5046876668930054,
1598,1598,0.49171754717826843,
1599,1599,,0.5136275291442871
1599,1599,0.5136275291442871,
1600,1600,0.4867638945579529,
1601,1601,0.5113304853439331,
1602,1602,0.49831438064575195,
1603,1603,0.49291011691093445,
1604,1604,0.49516230821609497,
1605,1605,0.5074959993362427,
1606,1606,0.510597288608551,
1607,1607,0.5049326419830322,
1608,1608,0.4756011366844177,
1609,1609,0.4921637177467346,
1610,1610,0.49272412061691284,
1611,1611,0.49012473225593567,
1612,1612,0.4960452914237976,
1613,1613,0.5233160257339478,
1614,1614,0.5098301768302917,
1615,1615,0.4978804886341095,
1616,1616,0.4980722665786743,
1617,1617,0.49771758913993835,
1618,1618,0.5018393397331238,
1619,1619,0.5009627938270569,
1620,1620,0.4993560314178467,
1621,1621,0.526821494102478,
1622,1622,0.521530032157898,
1623,1623,0.48033127188682556,
1624,1624,0.49446210265159607,
1625,1625,0.49199023842811584,
1626,1626,0.47477108240127563,
1627,1627,0.4941112697124481,
1628,1628,0.49272584915161133,
1629,1629,0.49294036626815796,
1630,1630,0.5267716646194458,
1631,1631,0.5131582021713257,
1632,1632,0.49694356322288513,
1633,1633,0.49255692958831787,
1634,1634,0.5120064616203308,
1635,1635,0.474931925535202,
1636,1636,0.4809792935848236,
1637,1637,0.48439717292785645,
1638,1638,0.49357083439826965,
1639,1639,0.498543381690979,
1640,1640,0.48145297169685364,
1641,1641,0.5087128281593323,
1642,1642,0.49092021584510803,
1643,1643,0.49022653698921204,
1644,1644,0.4997296929359436,
1645,1645,0.49750542640686035,
1646,1646,0.48945894837379456,
1647,1647,0.4902608096599579,
1648,1648,0.4869883954524994,
1649,1649,,0.49695348739624023
1649,1649,0.49695348739624023,
1650,1650,0.49923595786094666,
1651,1651,0.5078043341636658,
1652,1652,0.4891212582588196,
1653,1653,0.49173086881637573,
1654,1654,0.4926902949810028,
1655,1655,0.4951367676258087,
1656,1656,0.49826306104660034,
1657,1657,0.4780025780200958,
1658,1658,0.49627041816711426,
1659,1659,0.49543297290802,
1660,1660,0.4942910969257355,
1661,1661,0.4670165479183197,
1662,1662,0.4935072362422943,
1663,1663,0.4997113347053528,
1664,1664,0.49190059304237366,
1665,1665,0.49154970049858093,
1666,1666,0.4688701331615448,
1667,1667,0.4871703088283539,
1668,1668,0.49927327036857605,
1669,1669,0.497281938791275,
1670,1670,0.5095938444137573,
1671,1671,0.4901512563228607,
1672,1672,0.4946119487285614,
1673,1673,0.4876959025859833,
1674,1674,0.4921100437641144,
1675,1675,0.49079430103302,
1676,1676,0.4833781123161316,
1677,1677,0.4895644187927246,
1678,1678,0.49341174960136414,
1679,1679,0.4841885268688202,
1680,1680,0.4929588735103607,
1681,1681,0.48415687680244446,
1682,1682,0.48297494649887085,
1683,1683,0.49693432450294495,
1684,1684,0.4882607161998749,
1685,1685,0.4922792613506317,
1686,1686,0.49397891759872437,
1687,1687,0.48725104331970215,
1688,1688,0.4961238503456116,
1689,1689,0.49028605222702026,
1690,1690,0.5060487389564514,
1691,1691,0.4905073642730713,
1692,1692,0.49537986516952515,
1693,1693,0.4630173146724701,
1694,1694,0.4870322644710541,
1695,1695,0.4911421835422516,
1696,1696,0.49410757422447205,
1697,1697,0.48817771673202515,
1698,1698,0.48205041885375977,
1699,1699,,0.4778185188770294
1699,1699,0.4778185188770294,
1700,1700,0.49670910835266113,
1701,1701,0.4952203929424286,
1702,1702,0.4997503459453583,
1703,1703,0.487170547246933,
1704,1704,0.49644750356674194,
1705,1705,0.4981210231781006,
1706,1706,0.49621400237083435,
1707,1707,0.49425140023231506,
1708,1708,0.4928869605064392,
1709,1709,0.486469030380249,
1710,1710,0.5093365907669067,
1711,1711,0.4853605329990387,
1712,1712,0.4832897484302521,
1713,1713,0.4775482416152954,
1714,1714,0.4777367115020752,
1715,1715,0.48218202590942383,
1716,1716,0.49071386456489563,
1717,1717,0.4803242087364197,
1718,1718,0.48713618516921997,
1719,1719,0.4817277789115906,
1720,1720,0.4831068515777588,
1721,1721,0.49289625883102417,
1722,1722,0.4875752925872803,
1723,1723,0.49161720275878906,
1724,1724,0.47526630759239197,
1725,1725,0.4787496030330658,
1726,1726,0.49314188957214355,
1727,1727,0.48685210943222046,
1728,1728,0.4856029152870178,
1729,1729,0.5019346475601196,
1730,1730,0.48153766989707947,
1731,1731,0.4774966239929199,
1732,1732,0.49359074234962463,
1733,1733,0.4831860661506653,
1734,1734,0.47902002930641174,
1735,1735,0.500805675983429,
1736,1736,0.48167499899864197,
1737,1737,0.47357407212257385,
1738,1738,0.4906633496284485,
1739,1739,0.4937128722667694,
1740,1740,0.48323866724967957,
1741,1741,0.47726237773895264,
1742,1742,0.4770669639110565,
1743,1743,0.4677658677101135,
1744,1744,0.4951454699039459,
1745,1745,0.48331645131111145,
1746,1746,0.46851083636283875,
1747,1747,0.464953750371933,
1748,1748,0.4813879132270813,
1749,1749,,0.48543259501457214
1749,1749,0.48543259501457214,
1750,1750,0.5052800178527832,
1751,1751,0.48241668939590454,
1752,1752,0.4880138039588928,
1753,1753,0.4906882643699646,
1754,1754,0.482706218957901,
1755,1755,0.48932942748069763,
1756,1756,0.49481984972953796,
1757,1757,0.47720855474472046,
1758,1758,0.4813712537288666,
1759,1759,0.48472923040390015,
1760,1760,0.4850129783153534,
1761,1761,0.47787851095199585,
1762,1762,0.5094369649887085,
1763,1763,0.4994605779647827,
1764,1764,0.4899471700191498,
1765,1765,0.4857634902000427,
1766,1766,0.4761085510253906,
1767,1767,0.4814525842666626,
1768,1768,0.4704733192920685,
1769,1769,0.47718366980552673,
1770,1770,0.4822577238082886,
1771,1771,0.48377788066864014,
1772,1772,0.4817187190055847,
1773,1773,0.483517587184906,
1774,1774,0.48218604922294617,
1775,1775,0.49019184708595276,
1776,1776,0.49812403321266174,
1777,1777,0.48693761229515076,
1778,1778,0.49696847796440125,
1779,1779,0.4812015891075134,
1780,1780,0.48165276646614075,
1781,1781,0.4903298020362854,
1782,1782,0.4835706651210785,
1783,1783,0.49093902111053467,
1784,1784,0.48257407546043396,
1785,1785,0.4747469127178192,
1786,1786,0.49013006687164307,
1787,1787,0.478486567735672,
1788,1788,0.47185593843460083,
1789,1789,0.4828309714794159,
1790,1790,0.47882339358329773,
1791,1791,0.4791604280471802,
1792,1792,0.4920649528503418,
1793,1793,0.4778974652290344,
1794,1794,0.484747052192688,
1795,1795,0.4822830557823181,
1796,1796,0.5019868612289429,
1797,1797,0.48541682958602905,
1798,1798,0.49653154611587524,
1799,1799,,0.48765361309051514
1799,1799,0.48765361309051514,
1800,1800,0.4918629229068756,
1801,1801,0.4790286123752594,
1802,1802,0.4908539056777954,
1803,1803,0.4695303738117218,
1804,1804,0.47017377614974976,
1805,1805,0.4668407440185547,
1806,1806,0.49252238869667053,
1807,1807,0.4783916771411896,
1808,1808,0.45613065361976624,
1809,1809,0.48594221472740173,
1810,1810,0.4810780882835388,
1811,1811,0.4855060279369354,
1812,1812,0.46930089592933655,
1813,1813,0.4682239294052124,
1814,1814,0.4824848771095276,
1815,1815,0.4903413653373718,
1816,1816,0.4698759615421295,
1817,1817,0.4948526620864868,
1818,1818,0.4729859232902527,
1819,1819,0.4781298041343689,
1820,1820,0.48947834968566895,
1821,1821,0.4855186641216278,
1822,1822,0.4979057312011719,
1823,1823,0.4804514944553375,
1824,1824,0.4877704083919525,
1825,1825,0.47963249683380127,
1826,1826,0.4803581237792969,
1827,1827,0.4749772250652313,
1828,1828,0.47779688239097595,
1829,1829,0.4764927923679352,
1830,1830,0.47544196248054504,
1831,1831,0.47931787371635437,
1832,1832,0.47306016087532043,
1833,1833,0.4771827459335327,
1834,1834,0.4806012511253357,
1835,1835,0.46356919407844543,
1836,1836,0.47784295678138733,
1837,1837,0.49187996983528137,
1838,1838,0.4768407940864563,
1839,1839,0.4763692319393158,
1840,1840,0.4665148854255676,
1841,1841,0.48134535551071167,
1842,1842,0.4932512640953064,
1843,1843,0.4788456857204437,
1844,1844,0.4880676865577698,
1845,1845,0.46355900168418884,
1846,1846,0.46945175528526306,
1847,1847,0.4870481789112091,
1848,1848,0.45601925253868103,
1849,1849,,0.4913268983364105
1849,1849,0.4913268983364105,
1850,1850,0.481737345457077,
1851,1851,0.46344706416130066,
1852,1852,0.44652432203292847,
1853,1853,0.47982847690582275,
1854,1854,0.49316248297691345,
1855,1855,0.48075324296951294,
1856,1856,0.4929075539112091,
1857,1857,0.4718362092971802,
1858,1858,0.48095062375068665,
1859,1859,0.4875670373439789,
1860,1860,0.47723376750946045,
1861,1861,0.4765435755252838,
1862,1862,0.47209420800209045,
1863,1863,0.4719792306423187,
1864,1864,0.4783485233783722,
1865,1865,0.48720815777778625,
1866,1866,0.47746601700782776,
1867,1867,0.47176212072372437,
1868,1868,0.4741392731666565,
1869,1869,0.463858962059021,
1870,1870,0.49284377694129944,
1871,1871,0.47751566767692566,
1872,1872,0.47875505685806274,
1873,1873,0.482968270778656,
1874,1874,0.46652379631996155,
1875,1875,0.4915125072002411,
1876,1876,0.4757104516029358,
1877,1877,0.46975722908973694,
1878,1878,0.46550455689430237,
1879,1879,0.47637397050857544,
1880,1880,0.47165778279304504,
1881,1881,0.4848443865776062,
1882,1882,0.4823632538318634,
1883,1883,0.47896721959114075,
1884,1884,0.496154248714447,
1885,1885,0.48597246408462524,
1886,1886,0.47836291790008545,
1887,1887,0.4745020568370819,
1888,1888,0.4721609354019165,
1889,1889,0.47563469409942627,
1890,1890,0.4748886227607727,
1891,1891,0.4734254777431488,
1892,1892,0.48117926716804504,
1893,1893,0.48697465658187866,
1894,1894,0.4810374975204468,
1895,1895,0.44839638471603394,
1896,1896,0.47232720255851746,
1897,1897,0.45124226808547974,
1898,1898,0.478534072637558,
1899,1899,,0.47484686970710754
1899,1899,0.47484686970710754,
1900,1900,0.4809434711933136,
1901,1901,0.47084879875183105,
1902,1902,0.48378604650497437,
1903,1903,0.4714885354042053,
1904,1904,0.46225330233573914,
1905,1905,0.5062929391860962,
1906,1906,0.46858641505241394,
1907,1907,0.4617292881011963,
1908,1908,0.48905426263809204,
1909,1909,0.4717411398887634,
1910,1910,0.4793802499771118,
1911,1911,0.4606521725654602,
1912,1912,0.45997506380081177,
1913,1913,0.484159916639328,
1914,1914,0.4863344430923462,
1915,1915,0.4831014573574066,
1916,1916,0.4716329574584961,
1917,1917,0.4798150956630707,
1918,1918,0.47136715054512024,
1919,1919,0.4747674763202667,
1920,1920,0.4685737192630768,
1921,1921,0.4810574948787689,
1922,1922,0.47879210114479065,
1923,1923,0.4774342477321625,
1924,1924,0.4924415647983551,
1925,1925,0.47973549365997314,
1926,1926,0.4856642186641693,
1927,1927,0.4654259979724884,
1928,1928,0.47753024101257324,
1929,1929,0.46913954615592957,
1930,1930,0.4808923304080963,
1931,1931,0.4621579349040985,
1932,1932,0.4678272008895874,
1933,1933,0.45728135108947754,
1934,1934,0.4702407419681549,
1935,1935,0.48228660225868225,
1936,1936,0.47325271368026733,
1937,1937,0.47275882959365845,
1938,1938,0.4692912995815277,
1939,1939,0.45715951919555664,
1940,1940,0.45727285742759705,
1941,1941,0.47644901275634766,
1942,1942,0.479591965675354,
1943,1943,0.4643210470676422,
1944,1944,0.47110241651535034,
1945,1945,0.45715323090553284,
1946,1946,0.47184526920318604,
1947,1947,0.48947322368621826,
1948,1948,0.4742177426815033,
1949,1949,,0.44842687249183655
1949,1949,0.44842687249183655,
1950,1950,0.46238553524017334,
1951,1951,0.4667826294898987,
1952,1952,0.45055896043777466,
1953,1953,0.4839943051338196,
1954,1954,0.4668094217777252,
1955,1955,0.47841978073120117,
1956,1956,0.47128012776374817,
1957,1957,0.4725855886936188,
1958,1958,0.4711626470088959,
1959,1959,0.46729937195777893,
1960,1960,0.4601075351238251,
1961,1961,0.4668409526348114,
1962,1962,0.4628966450691223,
1963,1963,0.46980175375938416,
1964,1964,0.4658120274543762,
1965,1965,0.4649895131587982,
1966,1966,0.47120410203933716,
1967,1967,0.4728313684463501,
1968,1968,0.4738352596759796,
1969,1969,0.4717252850532532,
1970,1970,0.49082231521606445,
1971,1971,0.4544009268283844,
1972,1972,0.47347354888916016,
1973,1973,0.46365442872047424,
1974,1974,0.46842581033706665,
1975,1975,0.47360414266586304,
1976,1976,0.46516644954681396,
1977,1977,0.4784542918205261,
1978,1978,0.4791446924209595,
1979,1979,0.46619755029678345,
1980,1980,0.45423129200935364,
1981,1981,0.4540659785270691,
1982,1982,0.468628853559494,
1983,1983,0.4682779312133789,
1984,1984,0.4666479527950287,
1985,1985,0.4706936180591583,
1986,1986,0.469137042760849,
1987,1987,0.4679337739944458,
1988,1988,0.4811628758907318,
1989,1989,0.440007746219635,
1990,1990,0.43991056084632874,
1991,1991,0.484951913356781,
1992,1992,0.47409215569496155,
1993,1993,0.4670524299144745,
1994,1994,0.4594637155532837,
1995,1995,0.4657832980155945,
1996,1996,0.4685360789299011,
1997,1997,0.4716511368751526,
1998,1998,0.4676174819469452,
1999,1999,,0.45626288652420044
1999,1999,0.45626288652420044,
2000,2000,0.4745692312717438,
2001,2001,0.4584489166736603,
2002,2002,0.46329110860824585,
2003,2003,0.4669039845466614,
2004,2004,0.46494537591934204,
2005,2005,0.4594099521636963,
2006,2006,0.4655165672302246,
2007,2007,0.4577980935573578,
2008,2008,0.47668081521987915,
2009,2009,0.47429704666137695,
2010,2010,0.46534451842308044,
2011,2011,0.4535772502422333,
2012,2012,0.4422004222869873,
2013,2013,0.485160768032074,
2014,2014,0.46369364857673645,
2015,2015,0.4706745445728302,
2016,2016,0.45583316683769226,
2017,2017,0.4778499901294708,
2018,2018,0.46107569336891174,
2019,2019,0.45850446820259094,
2020,2020,0.4706301987171173,
2021,2021,0.46354174613952637,
2022,2022,0.4733532965183258,
2023,2023,0.46653956174850464,
2024,2024,0.4537346065044403,
2025,2025,0.47797921299934387,
2026,2026,0.4556522071361542,
2027,2027,0.46286624670028687,
2028,2028,0.46254950761795044,
2029,2029,0.4581506848335266,
2030,2030,0.46824443340301514,
2031,2031,0.46517276763916016,
2032,2032,0.4664350152015686,
2033,2033,0.4998948872089386,
2034,2034,0.4656729996204376,
2035,2035,0.45543521642684937,
2036,2036,0.42713460326194763,
2037,2037,0.4537295699119568,
2038,2038,0.4774375855922699,
2039,2039,0.4606170058250427,
2040,2040,0.45079946517944336,
2041,2041,0.45810163021087646,
2042,2042,0.46692386269569397,
2043,2043,0.4459604322910309,
2044,2044,0.4686197340488434,
2045,2045,0.4679647386074066,
2046,2046,0.46262049674987793,
2047,2047,0.4666605293750763,
2048,2048,0.4842321574687958,
2049,2049,,0.47290024161338806
2049,2049,0.47290024161338806,
2050,2050,0.45441409945487976,
2051,2051,0.4638608992099762,
2052,2052,0.4707428812980652,
2053,2053,0.44710975885391235,
2054,2054,0.4902343451976776,
2055,2055,0.4476044774055481,
2056,2056,0.4662761092185974,
2057,2057,0.4620184600353241,
2058,2058,0.4474755823612213,
2059,2059,0.4536076784133911,
2060,2060,0.462960422039032,
2061,2061,0.47386300563812256,
2062,2062,0.4405357241630554,
2063,2063,0.47852593660354614,
2064,2064,0.47594982385635376,
2065,2065,0.45799219608306885,
2066,2066,0.462852418422699,
2067,2067,0.4583050310611725,
2068,2068,0.4695638120174408,
2069,2069,0.46329307556152344,
2070,2070,0.4709487557411194,
2071,2071,0.4751741886138916,
2072,2072,0.47072210907936096,
2073,2073,0.4523541331291199,
2074,2074,0.4636422097682953,
2075,2075,0.46081891655921936,
2076,2076,0.4697524309158325,
2077,2077,0.4667593240737915,
2078,2078,0.4336641728878021,
2079,2079,0.4563533067703247,
2080,2080,0.45210129022598267,
2081,2081,0.46775391697883606,
2082,2082,0.4642004370689392,
2083,2083,0.45283472537994385,
2084,2084,0.465602308511734,
2085,2085,0.4695456624031067,
2086,2086,0.4550144374370575,
2087,2087,0.46002718806266785,
2088,2088,0.45417237281799316,
2089,2089,0.4562593698501587,
2090,2090,0.4577637314796448,
2091,2091,0.45930781960487366,
2092,2092,0.4746626913547516,
2093,2093,0.4410260319709778,
2094,2094,0.4615136981010437,
2095,2095,0.4671650826931,
2096,2096,0.45934367179870605,
2097,2097,0.456840455532074,
2098,2098,0.466788649559021,
2099,2099,,0.4665623903274536
2099,2099,0.4665623903274536,
2100,2100,0.45534002780914307,
2101,2101,0.45660871267318726,
2102,2102,0.45342913269996643,
2103,2103,0.4610077738761902,
2104,2104,0.4724639058113098,
2105,2105,0.4676364064216614,
2106,2106,0.45586931705474854,
2107,2107,0.4647536873817444,
2108,2108,0.45637422800064087,
2109,2109,0.4607943594455719,
2110,2110,0.442191481590271,
2111,2111,0.4673275053501129,
2112,2112,0.4598604440689087,
2113,2113,0.4654541015625,
2114,2114,0.4516935646533966,
2115,2115,0.46808817982673645,
2116,2116,0.4478473365306854,
2117,2117,0.4533093571662903,
2118,2118,0.47886621952056885,
2119,2119,0.44511520862579346,
2120,2120,0.4551045298576355,
2121,2121,0.4607028663158417,
2122,2122,0.4608878195285797,
2123,2123,0.4598446488380432,
2124,2124,0.4619702696800232,
2125,2125,0.46098002791404724,
2126,2126,0.4442044496536255,
2127,2127,0.45126649737358093,
2128,2128,0.46159887313842773,
2129,2129,0.465431809425354,
2130,2130,0.46561378240585327,
2131,2131,0.4495973587036133,
2132,2132,0.47175073623657227,
2133,2133,0.45009830594062805,
2134,2134,0.45772331953048706,
2135,2135,0.42800793051719666,
2136,2136,0.44733843207359314,
2137,2137,0.47049063444137573,
2138,2138,0.4592268764972687,
2139,2139,0.4843452572822571,
2140,2140,0.45024722814559937,
2141,2141,0.45024433732032776,
2142,2142,0.44386816024780273,
2143,2143,0.4814125597476959,
2144,2144,0.4467000961303711,
2145,2145,0.46016794443130493,
2146,2146,0.45509469509124756,
2147,2147,0.46294569969177246,
2148,2148,0.45196884870529175,
2149,2149,,0.4516751766204834
2149,2149,0.4516751766204834,
2150,2150,0.44036296010017395,
2151,2151,0.44509780406951904,
2152,2152,0.4509347677230835,
2153,2153,0.46085625886917114,
2154,2154,0.47454527020454407,
2155,2155,0.4478772282600403,
2156,2156,0.4536765217781067,
2157,2157,0.45518648624420166,
2158,2158,0.46648985147476196,
2159,2159,0.45440518856048584,
2160,2160,0.4500603675842285,
2161,2161,0.46213486790657043,
2162,2162,0.4553501307964325,
2163,2163,0.4407646656036377,
2164,2164,0.45472708344459534,
2165,2165,0.45096060633659363,
2166,2166,0.447029709815979,
2167,2167,0.44727328419685364,
2168,2168,0.4708591401576996,
2169,2169,0.4581072926521301,
2170,2170,0.4531412720680237,
2171,2171,0.45546913146972656,
2172,2172,0.4535435438156128,
2173,2173,0.4572434723377228,
2174,2174,0.4606982469558716,
2175,2175,0.44388943910598755,
2176,2176,0.4532664716243744,
2177,2177,0.4517853856086731,
2178,2178,0.45575079321861267,
2179,2179,0.4550800025463104,
2180,2180,0.44877442717552185,
2181,2181,0.4505343437194824,
2182,2182,0.4544907808303833,
2183,2183,0.462403267621994,
2184,2184,0.4736185371875763,
2185,2185,0.4487728476524353,
2186,2186,0.46117427945137024,
2187,2187,0.4319595694541931,
2188,2188,0.4598602056503296,
2189,2189,0.45374464988708496,
2190,2190,0.4439341425895691,
2191,2191,0.4424877464771271,
2192,2192,0.45296648144721985,
2193,2193,0.46401289105415344,
2194,2194,0.4593113958835602,
2195,2195,0.429299533367157,
2196,2196,0.45522692799568176,
2197,2197,0.45748433470726013,
2198,2198,0.4504621624946594,
2199,2199,,0.450596421957016
2199,2199,0.450596421957016,
2200,2200,0.4545353651046753,
2201,2201,0.44608986377716064,
2202,2202,0.4641386866569519,
2203,2203,0.4571651220321655,
2204,2204,0.4610210955142975,
2205,2205,0.45407211780548096,
2206,2206,0.4546005427837372,
2207,2207,0.4499678611755371,
2208,2208,0.45617249608039856,
2209,2209,0.4472507834434509,
2210,2210,0.4503937065601349,
2211,2211,0.4444551169872284,
2212,2212,0.43428269028663635,
2213,2213,0.4590349793434143,
2214,2214,0.43048548698425293,
2215,2215,0.4491886496543884,
2216,2216,0.44054165482521057,
2217,2217,0.46167656779289246,
2218,2218,0.4732283353805542,
2219,2219,0.4449270963668823,
2220,2220,0.4591100811958313,
2221,2221,0.4465394616127014,
2222,2222,0.4382953941822052,
2223,2223,0.45091044902801514,
2224,2224,0.44025108218193054,
2225,2225,0.46068260073661804,
2226,2226,0.4498380124568939,
2227,2227,0.453967422246933,
2228,2228,0.4492820203304291,
2229,2229,0.45336323976516724,
2230,2230,0.44694486260414124,
2231,2231,0.44825130701065063,
2232,2232,0.44233444333076477,
2233,2233,0.4790266752243042,
2234,2234,0.45797690749168396,
2235,2235,0.45859718322753906,
2236,2236,0.45119383931159973,
2237,2237,0.45920002460479736,
2238,2238,0.46233949065208435,
2239,2239,0.4589916169643402,
2240,2240,0.4358550012111664,
2241,2241,0.456790566444397,
2242,2242,0.44485190510749817,
2243,2243,0.44824886322021484,
2244,2244,0.44126394391059875,
2245,2245,0.44230929017066956,
2246,2246,0.4486653208732605,
2247,2247,0.42929649353027344,
2248,2248,0.4499202370643616,
2249,2249,,0.45257389545440674
2249,2249,0.45257389545440674,
2250,2250,0.45053380727767944,
2251,2251,0.45254746079444885,
2252,2252,0.4518400728702545,
2253,2253,0.4519205391407013,
2254,2254,0.4490865468978882,
2255,2255,0.4384557008743286,
2256,2256,0.44072484970092773,
2257,2257,0.45136693120002747,
2258,2258,0.44157156348228455,
2259,2259,0.4482420086860657,
2260,2260,0.44383469223976135,
2261,2261,0.45235803723335266,
2262,2262,0.4478631615638733,
2263,2263,0.4347533881664276,
2264,2264,0.4452304244041443,
2265,2265,0.45024269819259644,
2266,2266,0.4304191768169403,
2267,2267,0.4421353340148926,
2268,2268,0.44109538197517395,
2269,2269,0.4430643916130066,
2270,2270,0.4340704679489136,
2271,2271,0.44857388734817505,
2272,2272,0.44616955518722534,
2273,2273,0.46027761697769165,
2274,2274,0.4366206228733063,
2275,2275,0.4376777112483978,
2276,2276,0.4414959251880646,
2277,2277,0.45144519209861755,
2278,2278,0.44584569334983826,
2279,2279,0.4411247968673706,
2280,2280,0.4375198185443878,
2281,2281,0.43961817026138306,
2282,2282,0.44669681787490845,
2283,2283,0.4460502564907074,
2284,2284,0.4522504508495331,
2285,2285,0.44331246614456177,
2286,2286,0.4476372301578522,
2287,2287,0.4429934322834015,
2288,2288,0.4368743300437927,
2289,2289,0.43281084299087524,
2290,2290,0.4398747682571411,
2291,2291,0.4346380829811096,
2292,2292,0.4388803541660309,
2293,2293,0.4493885934352875,
2294,2294,0.45661303400993347,
2295,2295,0.4469374120235443,
2296,2296,0.429490864276886,
2297,2297,0.4465862214565277,
2298,2298,0.43971845507621765,
2299,2299,,0.44876667857170105
2299,2299,0.44876667857170105,
2300,2300,0.44484561681747437,
2301,2301,0.4503110945224762,
2302,2302,0.4440750479698181,
2303,2303,0.4466899633407593,
2304,2304,0.44603922963142395,
2305,2305,0.443879634141922,
2306,2306,0.44303297996520996,
2307,2307,0.4373597502708435,
2308,2308,0.4539984166622162,
2309,2309,0.43080464005470276,
2310,2310,0.4404319226741791,
2311,2311,0.44738438725471497,
2312,2312,0.4487113356590271,
2313,2313,0.43055325746536255,
2314,2314,0.44373002648353577,
2315,2315,0.4530205726623535,
2316,2316,0.4480992555618286,
2317,2317,0.4338792562484741,
2318,2318,0.4371456801891327,
2319,2319,0.44118139147758484,
2320,2320,0.4416833221912384,
2321,2321,0.4491341710090637,
2322,2322,0.44210386276245117,
2323,2323,0.44207316637039185,
2324,2324,0.4400187134742737,
2325,2325,0.4281136393547058,
2326,2326,0.4451237618923187,
2327,2327,0.4385298788547516,
2328,2328,0.43792977929115295,
2329,2329,0.4315357506275177,
2330,2330,0.43155261874198914,
2331,2331,0.42936083674430847,
2332,2332,0.4370436668395996,
2333,2333,0.45637568831443787,
2334,2334,0.43203404545783997,
2335,2335,0.44026151299476624,
2336,2336,0.43924495577812195,
2337,2337,0.4377608299255371,
2338,2338,0.4285257160663605,
2339,2339,0.4401351511478424,
2340,2340,0.42513683438301086,
2341,2341,0.4331977367401123,
2342,2342,0.44756871461868286,
2343,2343,0.43378427624702454,
2344,2344,0.43783116340637207,
2345,2345,0.4375949203968048,
2346,2346,0.4312072992324829,
2347,2347,0.4557223916053772,
2348,2348,0.4543089270591736,
2349,2349,,0.43967124819755554
2349,2349,0.43967124819755554,
2350,2350,0.4360213875770569,
2351,2351,0.4359316825866699,
2352,2352,0.44779637455940247,
2353,2353,0.4392196536064148,
2354,2354,0.4376922845840454,
2355,2355,0.43360984325408936,
2356,2356,0.4289500415325165,
2357,2357,0.43291762471199036,
2358,2358,0.45350033044815063,
2359,2359,0.42672768235206604,
2360,2360,0.4340207576751709,
2361,2361,0.43657049536705017,
2362,2362,0.4333209991455078,
2363,2363,0.4341200590133667,
2364,2364,0.4402283728122711,
2365,2365,0.4379246234893799,
2366,2366,0.4367867410182953,
2367,2367,0.4312998354434967,
2368,2368,0.43575528264045715,
2369,2369,0.4301373064517975,
2370,2370,0.4459238350391388,
2371,2371,0.4450823962688446,
2372,2372,0.43789976835250854,
2373,2373,0.4257763624191284,
2374,2374,0.4304322898387909,
2375,2375,0.42001739144325256,
2376,2376,0.43996578454971313,
2377,2377,0.43063968420028687,
2378,2378,0.4262141287326813,
2379,2379,0.441670686006546,
2380,2380,0.43568155169487,
2381,2381,0.43415385484695435,
2382,2382,0.43548834323883057,
2383,2383,0.4034937918186188,
2384,2384,0.4339560866355896,
2385,2385,0.44190916419029236,
2386,2386,0.4390704035758972,
2387,2387,0.43663477897644043,
2388,2388,0.43330618739128113,
2389,2389,0.4141487777233124,
2390,2390,0.4347602128982544,
2391,2391,0.434395968914032,
2392,2392,0.44478029012680054,
2393,2393,0.43909934163093567,
2394,2394,0.4335893392562866,
2395,2395,0.4354683458805084,
2396,2396,0.4321318566799164,
2397,2397,0.42870789766311646,
2398,2398,0.420871376991272,
2399,2399,,0.43712374567985535
2399,2399,0.43712374567985535,
2400,2400,0.4212263226509094,
2401,2401,0.42116475105285645,
2402,2402,0.4363288879394531,
2403,2403,0.4432660937309265,
2404,2404,0.4283088743686676,
2405,2405,0.42277610301971436,
2406,2406,0.43336784839630127,
2407,2407,0.4231186807155609,
2408,2408,0.4399293065071106,
2409,2409,0.41716551780700684,
2410,2410,0.4238799214363098,
2411,2411,0.40833935141563416,
2412,2412,0.4158135950565338,
2413,2413,0.43171098828315735,
2414,2414,0.4382876455783844,
2415,2415,0.43562567234039307,
2416,2416,0.43196314573287964,
2417,2417,0.4280848801136017,
2418,2418,0.4193752110004425,
2419,2419,0.4352477490901947,
2420,2420,0.421931654214859,
2421,2421,0.42872533202171326,
2422,2422,0.43839821219444275,
2423,2423,0.42584601044654846,
2424,2424,0.42689579725265503,
2425,2425,0.43412917852401733,
2426,2426,0.43242666125297546,
2427,2427,0.43334490060806274,
2428,2428,0.43005499243736267,
2429,2429,0.44019562005996704,
2430,2430,0.42292115092277527,
2431,2431,0.4313640594482422,
2432,2432,0.4385441541671753,
2433,2433,0.4262585937976837,
2434,2434,0.429564505815506,
2435,2435,0.4350411891937256,
2436,2436,0.43462830781936646,
2437,2437,0.4294215440750122,
2438,2438,0.4280228912830353,
2439,2439,0.4218083620071411,
2440,2440,0.43234530091285706,
2441,2441,0.4317764639854431,
2442,2442,0.44038277864456177,
2443,2443,0.43406111001968384,
2444,2444,0.4335077404975891,
2445,2445,0.4261394739151001,
2446,2446,0.4279852509498596,
2447,2447,0.4251045286655426,
2448,2448,0.4302794933319092,
2449,2449,,0.4125925302505493
2449,2449,0.4125925302505493,
2450,2450,0.435175359249115,
2451,2451,0.4259994626045227,
2452,2452,0.4312989115715027,
2453,2453,0.4295746386051178,
2454,2454,0.4286229610443115,
2455,2455,0.42818865180015564,
2456,2456,0.42140859365463257,
2457,2457,0.4111177325248718,
2458,2458,0.4226529002189636,
2459,2459,0.43524083495140076,
2460,2460,0.43462392687797546,
2461,2461,0.43382731080055237,
2462,2462,0.41428932547569275,
2463,2463,0.42860350012779236,
2464,2464,0.4233151078224182,
2465,2465,0.41594070196151733,
2466,2466,0.4297402501106262,
2467,2467,0.42694810032844543,
2468,2468,0.4285825490951538,
2469,2469,0.4152447283267975,
2470,2470,0.4327888786792755,
2471,2471,0.43268269300460815,
2472,2472,0.41982346773147583,
2473,2473,0.4186197817325592,
2474,2474,0.42181044816970825,
2475,2475,0.40460294485092163,
2476,2476,0.439429372549057,
2477,2477,0.42356282472610474,
2478,2478,0.4332132041454315,
2479,2479,0.42531275749206543,
2480,2480,0.43283650279045105,
2481,2481,0.4358968436717987,
2482,2482,0.4364035129547119,
2483,2483,0.42207252979278564,
2484,2484,0.42540761828422546,
2485,2485,0.4282321631908417,
2486,2486,0.4306246042251587,
2487,2487,0.42920005321502686,
2488,2488,0.4251396059989929,
2489,2489,0.42567628622055054,
2490,2490,0.43263551592826843,
2491,2491,0.4223490059375763,
2492,2492,0.4484129250049591,
2493,2493,0.42959141731262207,
2494,2494,0.42654022574424744,
2495,2495,0.4269576966762543,
2496,2496,0.42409536242485046,
2497,2497,0.416117399930954,
2498,2498,0.4240858256816864,
2499,2499,,0.4242948293685913
2499,2499,0.4242948293685913,
2500,2500,0.42783409357070923,
2501,2501,0.42069119215011597,
2502,2502,0.4397544264793396,
2503,2503,0.42005783319473267,
2504,2504,0.42067793011665344,
2505,2505,0.43478789925575256,
2506,2506,0.4310532510280609,
2507,2507,0.4389418065547943,
2508,2508,0.41837790608406067,
2509,2509,0.42758384346961975,
2510,2510,0.4197899401187897,
2511,2511,0.4155741035938263,
2512,2512,0.41195017099380493,
2513,2513,0.423265278339386,
2514,2514,0.41680270433425903,
2515,2515,0.4119618237018585,
2516,2516,0.42858508229255676,
2517,2517,0.4313662648200989,
2518,2518,0.41047099232673645,
2519,2519,0.42157015204429626,
2520,2520,0.4285453259944916,
2521,2521,0.4364611804485321,
2522,2522,0.41413605213165283,
2523,2523,0.420003741979599,
2524,2524,0.4266603887081146,
2525,2525,0.4177843928337097,
2526,2526,0.43195855617523193,
2527,2527,0.4193623661994934,
2528,2528,0.41344141960144043,
2529,2529,0.4247679114341736,
2530,2530,0.4164995849132538,
2531,2531,0.42193248867988586,
2532,2532,0.4266689121723175,
2533,2533,0.4296514689922333,
2534,2534,0.42580947279930115,
2535,2535,0.43319299817085266,
2536,2536,0.41627487540245056,
2537,2537,0.42747050523757935,
2538,2538,0.43311476707458496,
2539,2539,0.4235972762107849,
2540,2540,0.4149791896343231,
2541,2541,0.40400993824005127,
2542,2542,0.4270698130130768,
2543,2543,0.4223397374153137,
2544,2544,0.43107834458351135,
2545,2545,0.4102763831615448,
2546,2546,0.43260934948921204,
2547,2547,0.41855961084365845,
2548,2548,0.4344497621059418,
2549,2549,,0.43267685174942017
2549,2549,0.43267685174942017,
2550,2550,0.4239140748977661,
2551,2551,0.41946831345558167,
2552,2552,0.40889111161231995,
2553,2553,0.4153727889060974,
2554,2554,0.3979001045227051,
2555,2555,0.4194048345088959,
2556,2556,0.42821845412254333,
2557,2557,0.411026269197464,
2558,2558,0.409139484167099,
2559,2559,0.41287192702293396,
2560,2560,0.4237911105155945,
2561,2561,0.41002920269966125,
2562,2562,0.417070597410202,
2563,2563,0.419064998626709,
2564,2564,0.412764310836792,
2565,2565,0.4220159947872162,
2566,2566,0.409818172454834,
2567,2567,0.407157838344574,
2568,2568,0.4020262062549591,
2569,2569,0.4128900468349457,
2570,2570,0.40773019194602966,
2571,2571,0.4237903356552124,
2572,2572,0.4232754111289978,
2573,2573,0.4157167971134186,
2574,2574,0.4227517247200012,
2575,2575,0.4085654616355896,
2576,2576,0.4176488518714905,
2577,2577,0.4205276668071747,
2578,2578,0.4157155752182007,
2579,2579,0.41950610280036926,
2580,2580,0.41481220722198486,
2581,2581,0.41530469059944153,
2582,2582,0.42227068543434143,
2583,2583,0.4289461076259613,
2584,2584,0.4278276264667511,
2585,2585,0.4161013066768646,
2586,2586,0.4150949716567993,
2587,2587,0.4148048460483551,
2588,2588,0.415498286485672,
2589,2589,0.4076057970523834,
2590,2590,0.4089074730873108,
2591,2591,0.41479143500328064,
2592,2592,0.42722266912460327,
2593,2593,0.3891240060329437,
2594,2594,0.4322398602962494,
2595,2595,0.3971673548221588,
2596,2596,0.4155808389186859,
2597,2597,0.4084353446960449,
2598,2598,0.4187299907207489,
2599,2599,,0.4084017872810364
2599,2599,0.4084017872810364,
2600,2600,0.4168989360332489,
2601,2601,0.4223737418651581,
2602,2602,0.405874103307724,
2603,2603,0.4122440218925476,
2604,2604,0.4148423969745636,
2605,2605,0.39966881275177,
2606,2606,0.4142548441886902,
2607,2607,0.4165877401828766,
2608,2608,0.413392573595047,
2609,2609,0.4132249355316162,
2610,2610,0.41292449831962585,
2611,2611,0.4071362018585205,
2612,2612,0.416942298412323,
2613,2613,0.4110303223133087,
2614,2614,0.4111337661743164,
2615,2615,0.4149659276008606,
2616,2616,0.39448291063308716,
2617,2617,0.41558438539505005,
2618,2618,0.4127557575702667,
2619,2619,0.40839728713035583,
2620,2620,0.4203864634037018,
2621,2621,0.4298945367336273,
2622,2622,0.41397759318351746,
2623,2623,0.4152876138687134,
2624,2624,0.4110526442527771,
2625,2625,0.4259665608406067,
2626,2626,0.40877261757850647,
2627,2627,0.4153311848640442,
2628,2628,0.4229746460914612,
2629,2629,0.4114438593387604,
2630,2630,0.4035530388355255,
2631,2631,0.41266733407974243,
2632,2632,0.4130840003490448,
2633,2633,0.39002272486686707,
2634,2634,0.41928884387016296,
2635,2635,0.4058511257171631,
2636,2636,0.4082100987434387,
2637,2637,0.40895748138427734,
2638,2638,0.4210481643676758,
2639,2639,0.41084372997283936,
2640,2640,0.4116705358028412,
2641,2641,0.4110085368156433,
2642,2642,0.41056349873542786,
2643,2643,0.4065930247306824,
2644,2644,0.4163950979709625,
2645,2645,0.41130295395851135,
2646,2646,0.41016268730163574,
2647,2647,0.40739956498146057,
2648,2648,0.40946531295776367,
2649,2649,,0.4047302007675171
2649,2649,0.4047302007675171,
2650,2650,0.4139348268508911,
2651,2651,0.41434839367866516,
2652,2652,0.412779301404953,
2653,2653,0.40981850028038025,
2654,2654,0.42642223834991455,
2655,2655,0.413463830947876,
2656,2656,0.4037218689918518,
2657,2657,0.3994663655757904,
2658,2658,0.40923264622688293,
2659,2659,0.41844335198402405,
2660,2660,0.39187800884246826,
2661,2661,0.3960573971271515,
2662,2662,0.4142206609249115,
2663,2663,0.41760745644569397,
2664,2664,0.41184115409851074,
2665,2665,0.4080815017223358,
2666,2666,0.4120832085609436,
2667,2667,0.40979158878326416,
2668,2668,0.4070223867893219,
2669,2669,0.4027180075645447,
2670,2670,0.40195342898368835,
2671,2671,0.39263978600502014,
2672,2672,0.40884676575660706,
2673,2673,0.39571601152420044,
2674,2674,0.41255512833595276,
2675,2675,0.40805357694625854,
2676,2676,0.41896072030067444,
2677,2677,0.42151907086372375,
2678,2678,0.4060671329498291,
2679,2679,0.4089261591434479,
2680,2680,0.4115762412548065,
2681,2681,0.4095550775527954,
2682,2682,0.4075564742088318,
2683,2683,0.407810240983963,
2684,2684,0.39741942286491394,
2685,2685,0.4119971990585327,
2686,2686,0.40028253197669983,
2687,2687,0.3950692415237427,
2688,2688,0.40731382369995117,
2689,2689,0.40629658102989197,
2690,2690,0.41353005170822144,
2691,2691,0.40878158807754517,
2692,2692,0.4149889647960663,
2693,2693,0.4157787263393402,
2694,2694,0.3940529525279999,
2695,2695,0.403673380613327,
2696,2696,0.40544992685317993,
2697,2697,0.4074760377407074,
2698,2698,0.4033566415309906,
2699,2699,,0.42682671546936035
2699,2699,0.42682671546936035,
2700,2700,0.4023457169532776,
2701,2701,0.4115155339241028,
2702,2702,0.4008141756057739,
2703,2703,0.40585029125213623,
2704,2704,0.40803003311157227,
2705,2705,0.41557350754737854,
2706,2706,0.40488868951797485,
2707,2707,0.41158097982406616,
2708,2708,0.40403658151626587,
2709,2709,0.39626118540763855,
2710,2710,0.40778490900993347,
2711,2711,0.41648682951927185,
2712,2712,0.42174437642097473,
2713,2713,0.414612352848053,
2714,2714,0.40356484055519104,
2715,2715,0.39957690238952637,
2716,2716,0.41245749592781067,
2717,2717,0.39970630407333374,
2718,2718,0.4041730761528015,
2719,2719,0.3903190493583679,
2720,2720,0.40116676688194275,
2721,2721,0.4054374694824219,
2722,2722,0.39734938740730286,
2723,2723,0.41740739345550537,
2724,2724,0.40270379185676575,
2725,2725,0.4184546172618866,
2726,2726,0.42399075627326965,
2727,2727,0.40526869893074036,
2728,2728,0.40741071105003357,
2729,2729,0.4129455089569092,
2730,2730,0.40113183856010437,
2731,2731,0.3980558216571808,
2732,2732,0.4026069939136505,
2733,2733,0.40894973278045654,
2734,2734,0.38681480288505554,
2735,2735,0.40456876158714294,
2736,2736,0.3951469361782074,
2737,2737,0.40696635842323303,
2738,2738,0.4059438407421112,
2739,2739,0.4213617742061615,
2740,2740,0.4109582304954529,
2741,2741,0.4110649526119232,
2742,2742,0.4107792377471924,
2743,2743,0.401668518781662,
2744,2744,0.39509373903274536,
2745,2745,0.4105655550956726,
2746,2746,0.3984191417694092,
2747,2747,0.3917548954486847,
2748,2748,0.4087516963481903,
2749,2749,,0.3975840210914612
2749,2749,0.3975840210914612,
2750,2750,0.39999401569366455,
2751,2751,0.4001125991344452,
2752,2752,0.40375497937202454,
2753,2753,0.40917912125587463,
2754,2754,0.40139931440353394,
2755,2755,0.4170398414134979,
2756,2756,0.40333670377731323,
2757,2757,0.39987441897392273,
2758,2758,0.40075719356536865,
2759,2759,0.4070889353752136,
2760,2760,0.40878111124038696,
2761,2761,0.40740296244621277,
2762,2762,0.3910680115222931,
2763,2763,0.39579954743385315,
2764,2764,0.4025658071041107,
2765,2765,0.39674732089042664,
2766,2766,0.38946425914764404,
2767,2767,0.39359864592552185,
2768,2768,0.38689786195755005,
2769,2769,0.3959271311759949,
2770,2770,0.4100220203399658,
2771,2771,0.39677348732948303,
2772,2772,0.393871545791626,
2773,2773,0.405207097530365,
2774,2774,0.4073251783847809,
2775,2775,0.3859028220176697,
2776,2776,0.41268953680992126,
2777,2777,0.40442702174186707,
2778,2778,0.39750394225120544,
2779,2779,0.3825010657310486,
2780,2780,0.3996322453022003,
2781,2781,0.40350744128227234,
2782,2782,0.3925778269767761,
2783,2783,0.38923192024230957,
2784,2784,0.4010131061077118,
2785,2785,0.39975762367248535,
2786,2786,0.39964646100997925,
2787,2787,0.3945655822753906,
2788,2788,0.39697539806365967,
2789,2789,0.40492674708366394,
2790,2790,0.387710839509964,
2791,2791,0.39966076612472534,
2792,2792,0.3914363384246826,
2793,2793,0.3955468237400055,
2794,2794,0.39593082666397095,
2795,2795,0.39887967705726624,
2796,2796,0.3919069170951843,
2797,2797,0.39781832695007324,
2798,2798,0.39764848351478577,
2799,2799,,0.38408806920051575
2799,2799,0.38408806920051575,
2800,2800,0.3984668552875519,
2801,2801,0.4056773781776428,
2802,2802,0.39519163966178894,
2803,2803,0.4070543050765991,
2804,2804,0.39029356837272644,
2805,2805,0.3983418941497803,
2806,2806,0.39992329478263855,
2807,2807,0.3963068425655365,
2808,2808,0.39476048946380615,
2809,2809,0.3953526020050049,
2810,2810,0.40208742022514343,
2811,2811,0.38959649205207825,
2812,2812,0.39210274815559387,
2813,2813,0.40932756662368774,
2814,2814,0.3798309564590454,
2815,2815,0.39849406480789185,
2816,2816,0.4049803912639618,
2817,2817,0.394580602645874,
2818,2818,0.39536717534065247,
2819,2819,0.39616042375564575,
2820,2820,0.4064585268497467,
2821,2821,0.3933280110359192,
2822,2822,0.39365699887275696,
2823,2823,0.38915205001831055,
2824,2824,0.3950349688529968,
2825,2825,0.39655986428260803,
2826,2826,0.3893998861312866,
2827,2827,0.40238526463508606,
2828,2828,0.3773154020309448,
2829,2829,0.3794783055782318,
2830,2830,0.3982582092285156,
2831,2831,0.384736567735672,
2832,2832,0.39141830801963806,
2833,2833,0.4091164767742157,
2834,2834,0.39979037642478943,
2835,2835,0.40989381074905396,
2836,2836,0.391204833984375,
2837,2837,0.4083656668663025,
2838,2838,0.39418843388557434,
2839,2839,0.4072168469429016,
2840,2840,0.4053150713443756,
2841,2841,0.3927097022533417,
2842,2842,0.3935556709766388,
2843,2843,0.39451542496681213,
2844,2844,0.38532212376594543,
2845,2845,0.39595359563827515,
2846,2846,0.3980563282966614,
2847,2847,0.38666731119155884,
2848,2848,0.3911437690258026,
2849,2849,,0.39724695682525635
2849,2849,0.39724695682525635,
2850,2850,0.39102140069007874,
2851,2851,0.3916233479976654,
2852,2852,0.3914404511451721,
2853,2853,0.3949047923088074,
2854,2854,0.39881306886672974,
2855,2855,0.39874860644340515,
2856,2856,0.39073804020881653,
2857,2857,0.3938453793525696,
2858,2858,0.3926580250263214,
2859,2859,0.3892478346824646,
2860,2860,0.3956945836544037,
2861,2861,0.39341118931770325,
2862,2862,0.37803196907043457,
2863,2863,0.3921172320842743,
2864,2864,0.4047503173351288,
2865,2865,0.39172881841659546,
2866,2866,0.3976321816444397,
2867,2867,0.386673241853714,
2868,2868,0.3989449143409729,
2869,2869,0.39614138007164,
2870,2870,0.39752984046936035,
2871,2871,0.4014076888561249,
2872,2872,0.3890547454357147,
2873,2873,0.40345844626426697,
2874,2874,0.40228012204170227,
2875,2875,0.3964107930660248,
2876,2876,0.4067520499229431,
2877,2877,0.3925231099128723,
2878,2878,0.3915291130542755,
2879,2879,0.39042288064956665,
2880,2880,0.3883320689201355,
2881,2881,0.3825368583202362,
2882,2882,0.3889736831188202,
2883,2883,0.39127081632614136,
2884,2884,0.39164111018180847,
2885,2885,0.39360374212265015,
2886,2886,0.4017578363418579,
2887,2887,0.3838246166706085,
2888,2888,0.3939080834388733,
2889,2889,0.3888015151023865,
2890,2890,0.3988141715526581,
2891,2891,0.3884521424770355,
2892,2892,0.3867455720901489,
2893,2893,0.38275930285453796,
2894,2894,0.3877125680446625,
2895,2895,0.37856969237327576,
2896,2896,0.39052674174308777,
2897,2897,0.3914017677307129,
2898,2898,0.39097484946250916,
2899,2899,,0.39085233211517334
2899,2899,0.39085233211517334,
2900,2900,0.38798484206199646,
2901,2901,0.38714173436164856,
2902,2902,0.39799654483795166,
2903,2903,0.38648006319999695,
2904,2904,0.3862418234348297,
2905,2905,0.39130595326423645,
2906,2906,0.3862875998020172,
2907,2907,0.38404223322868347,
2908,2908,0.40268248319625854,
2909,2909,0.39779195189476013,
2910,2910,0.381698340177536,
2911,2911,0.3836641013622284,
2912,2912,0.39877212047576904,
2913,2913,0.38685548305511475,
2914,2914,0.3864629566669464,
2915,2915,0.3799254894256592,
2916,2916,0.3863874673843384,
2917,2917,0.3770163059234619,
2918,2918,0.38777318596839905,
2919,2919,0.3999817967414856,
2920,2920,0.39236879348754883,
2921,2921,0.3776002526283264,
2922,2922,0.38126954436302185,
2923,2923,0.3822491765022278,
2924,2924,0.39081358909606934,
2925,2925,0.38528650999069214,
2926,2926,0.3791768550872803,
2927,2927,0.38069236278533936,
2928,2928,0.38049936294555664,
2929,2929,0.3881959021091461,
2930,2930,0.38483765721321106,
2931,2931,0.3765011429786682,
2932,2932,0.37910571694374084,
2933,2933,0.3988009989261627,
2934,2934,0.3819974958896637,
2935,2935,0.37939372658729553,
2936,2936,0.3949129283428192,
2937,2937,0.38372570276260376,
2938,2938,0.39273497462272644,
2939,2939,0.3964918851852417,
2940,2940,0.38748404383659363,
2941,2941,0.3832574784755707,
2942,2942,0.3783310651779175,
2943,2943,0.390127956867218,
2944,2944,0.3820602297782898,
2945,2945,0.390064001083374,
2946,2946,0.39356163144111633,
2947,2947,0.38512852787971497,
2948,2948,0.39440593123435974,
2949,2949,,0.3899131715297699
2949,2949,0.3899131715297699,
2950,2950,0.37949007749557495,
2951,2951,0.3868838846683502,
2952,2952,0.3863946795463562,
2953,2953,0.3831575810909271,
2954,2954,0.3808507025241852,
2955,2955,0.3799211084842682,
2956,2956,0.3874647617340088,
2957,2957,0.3855879008769989,
2958,2958,0.38459768891334534,
2959,2959,0.3980087637901306,
2960,2960,0.3818122148513794,
2961,2961,0.38347798585891724,
2962,2962,0.38548606634140015,
2963,2963,0.38318854570388794,
2964,2964,0.38686585426330566,
2965,2965,0.39302659034729004,
2966,2966,0.38072866201400757,
2967,2967,0.3704273998737335,
2968,2968,0.3790636956691742,
2969,2969,0.3837563097476959,
2970,2970,0.3840729892253876,
2971,2971,0.38695964217185974,
2972,2972,0.3814905881881714,
2973,2973,0.39216217398643494,
2974,2974,0.39857664704322815,
2975,2975,0.38312458992004395,
2976,2976,0.39054790139198303,
2977,2977,0.38816165924072266,
2978,2978,0.3846445679664612,
2979,2979,0.3745783865451813,
2980,2980,0.38237762451171875,
2981,2981,0.39737778902053833,
2982,2982,0.38235604763031006,
2983,2983,0.39215412735939026,
2984,2984,0.3863869905471802,
2985,2985,0.3823542892932892,
2986,2986,0.38435760140419006,
2987,2987,0.37047091126441956,
2988,2988,0.3725301921367645,
2989,2989,0.3808361291885376,
2990,2990,0.3804067075252533,
2991,2991,0.38054051995277405,
2992,2992,0.3834691345691681,
2993,2993,0.3878805339336395,
2994,2994,0.38666462898254395,
2995,2995,0.36798378825187683,
2996,2996,0.3821420967578888,
2997,2997,0.38143661618232727,
2998,2998,0.3685285747051239,
2999,2999,,0.36389875411987305
2999,2999,0.36389875411987305,
3000,3000,0.37818995118141174,
3001,3001,0.37791234254837036,
3002,3002,0.37124934792518616,
3003,3003,0.3809274733066559,
3004,3004,0.3837750256061554,
3005,3005,0.38258352875709534,
3006,3006,0.37280014157295227,
3007,3007,0.39802706241607666,
3008,3008,0.3766046464443207,
3009,3009,0.37819111347198486,
3010,3010,0.3624095618724823,
3011,3011,0.37765738368034363,
3012,3012,0.3797413110733032,
3013,3013,0.3772042393684387,
3014,3014,0.3484772741794586,
3015,3015,0.3873309791088104,
3016,3016,0.3784184753894806,
3017,3017,0.37142035365104675,
3018,3018,0.37818828225135803,
3019,3019,0.3796738088130951,
3020,3020,0.3928159177303314,
3021,3021,0.38599589467048645,
3022,3022,0.3879084587097168,
3023,3023,0.3724587559700012,
3024,3024,0.3859032690525055,
3025,3025,0.3762736916542053,
3026,3026,0.3794988989830017,
3027,3027,0.3758781850337982,
3028,3028,0.37674421072006226,
3029,3029,0.3703051209449768,
3030,3030,0.383043110370636,
3031,3031,0.3818211853504181,
3032,3032,0.35753318667411804,
3033,3033,0.38834282755851746,
3034,3034,0.38099798560142517,
3035,3035,0.3761187195777893,
3036,3036,0.37559273838996887,
3037,3037,0.3787210285663605,
3038,3038,0.37234148383140564,
3039,3039,0.38998255133628845,
3040,3040,0.3767552077770233,
3041,3041,0.38314512372016907,
3042,3042,0.37633126974105835,
3043,3043,0.37536200881004333,
3044,3044,0.3863159716129303,
3045,3045,0.37455683946609497,
3046,3046,0.3908064663410187,
3047,3047,0.3788726031780243,
3048,3048,0.3822996914386749,
3049,3049,,0.3669563829898834
3049,3049,0.3669563829898834,
3050,3050,0.38370251655578613,
3051,3051,0.38801220059394836,
3052,3052,0.3787488043308258,
3053,3053,0.37646713852882385,
3054,3054,0.376706600189209,
3055,3055,0.38290050625801086,
3056,3056,0.3863432705402374,
3057,3057,0.37700316309928894,
3058,3058,0.3712247610092163,
3059,3059,0.398070752620697,
3060,3060,0.38287559151649475,
3061,3061,0.36940890550613403,
3062,3062,0.36761683225631714,
3063,3063,0.38104045391082764,
3064,3064,0.3773478865623474,
3065,3065,0.3686664402484894,
3066,3066,0.37571534514427185,
3067,3067,0.3769725263118744,
3068,3068,0.3743634521961212,
3069,3069,0.3732062578201294,
3070,3070,0.3770727217197418,
3071,3071,0.3751794099807739,
3072,3072,0.36928102374076843,
3073,3073,0.38592565059661865,
3074,3074,0.3558436632156372,
3075,3075,0.36726996302604675,
3076,3076,0.36752408742904663,
3077,3077,0.37693139910697937,
3078,3078,0.3732152581214905,
3079,3079,0.3667992949485779,
3080,3080,0.37364673614501953,
3081,3081,0.3851543366909027,
3082,3082,0.38194215297698975,
3083,3083,0.3818053901195526,
3084,3084,0.3753790259361267,
3085,3085,0.3776777386665344,
3086,3086,0.37810492515563965,
3087,3087,0.3724276125431061,
3088,3088,0.36845123767852783,
3089,3089,0.3729289770126343,
3090,3090,0.37279218435287476,
3091,3091,0.3786652684211731,
3092,3092,0.3757556974887848,
3093,3093,0.3817870318889618,
3094,3094,0.37427377700805664,
3095,3095,0.3682870864868164,
3096,3096,0.3765523135662079,
3097,3097,0.3692842423915863,
3098,3098,0.3799063563346863,
3099,3099,,0.3560613691806793
3099,3099,0.3560613691806793,
3100,3100,0.37163224816322327,
3101,3101,0.3732142448425293,
3102,3102,0.35859212279319763,
3103,3103,0.36185696721076965,
3104,3104,0.3716192841529846,
3105,3105,0.3694910705089569,
3106,3106,0.3726513087749481,
3107,3107,0.3603416383266449,
3108,3108,0.3888157308101654,
3109,3109,0.39285707473754883,
3110,3110,0.3657724857330322,
3111,3111,0.3732512593269348,
3112,3112,0.3681230843067169,
3113,3113,0.36997514963150024,
3114,3114,0.3710175156593323,
3115,3115,0.36995741724967957,
3116,3116,0.3639855980873108,
3117,3117,0.3726311922073364,
3118,3118,0.3694779574871063,
3119,3119,0.3681837022304535,
3120,3120,0.38110530376434326,
3121,3121,0.3763486444950104,
3122,3122,0.3807257413864136,
3123,3123,0.37301111221313477,
3124,3124,0.39196985960006714,
3125,3125,0.3671993315219879,
3126,3126,0.3782862424850464,
3127,3127,0.37183865904808044,
3128,3128,0.35216036438941956,
3129,3129,0.3639408349990845,
3130,3130,0.3672836422920227,
3131,3131,0.37167617678642273,
3132,3132,0.3560704290866852,
3133,3133,0.3701837956905365,
3134,3134,0.36681661009788513,
3135,3135,0.37508606910705566,
3136,3136,0.3711514174938202,
3137,3137,0.3704971373081207,
3138,3138,0.36356300115585327,
3139,3139,0.3723035454750061,
3140,3140,0.3641544282436371,
3141,3141,0.3746241331100464,
3142,3142,0.36475950479507446,
3143,3143,0.3729497492313385,
3144,3144,0.3723687529563904,
3145,3145,0.37143099308013916,
3146,3146,0.36480462551116943,
3147,3147,0.3618609607219696,
3148,3148,0.3715946078300476,
3149,3149,,0.37892255187034607
3149,3149,0.37892255187034607,
3150,3150,0.3689534068107605,
3151,3151,0.3694196939468384,
3152,3152,0.367440402507782,
3153,3153,0.36728760600090027,
3154,3154,0.3693890869617462,
3155,3155,0.3583992123603821,
3156,3156,0.36624014377593994,
3157,3157,0.366449773311615,
3158,3158,0.36557698249816895,
3159,3159,0.38023611903190613,
3160,3160,0.3797723054885864,
3161,3161,0.3534918427467346,
3162,3162,0.37713301181793213,
3163,3163,0.3631040155887604,
3164,3164,0.3599207103252411,
3165,3165,0.3704622685909271,
3166,3166,0.3700200915336609,
3167,3167,0.3588866889476776,
3168,3168,0.3638865649700165,
3169,3169,0.37317490577697754,
3170,3170,0.3654060959815979,
3171,3171,0.36044174432754517,
3172,3172,0.3647822439670563,
3173,3173,0.3609415888786316,
3174,3174,0.36587411165237427,
3175,3175,0.37206149101257324,
3176,3176,0.3742481768131256,
3177,3177,0.3684062063694,
3178,3178,0.36863973736763,
3179,3179,0.3689820170402527,
3180,3180,0.3706331253051758,
3181,3181,0.360365629196167,
3182,3182,0.36763179302215576,
3183,3183,0.37409907579421997,
3184,3184,0.3659689128398895,
3185,3185,0.3716578483581543,
3186,3186,0.3682042956352234,
3187,3187,0.3568439781665802,
3188,3188,0.3697985112667084,
3189,3189,0.3587639629840851,
3190,3190,0.3673604726791382,
3191,3191,0.3661775588989258,
3192,3192,0.3608497083187103,
3193,3193,0.3669837713241577,
3194,3194,0.36584097146987915,
3195,3195,0.36813589930534363,
3196,3196,0.363933801651001,
3197,3197,0.3574124872684479,
3198,3198,0.3632258176803589,
3199,3199,,0.36642441153526306
3199,3199,0.36642441153526306,
3200,3200,0.3662826716899872,
3201,3201,0.3683183789253235,
3202,3202,0.36226707696914673,
3203,3203,0.3706653416156769,
3204,3204,0.3677702248096466,
3205,3205,0.3690900504589081,
3206,3206,0.3738636374473572,
3207,3207,0.3455595374107361,
3208,3208,0.36554035544395447,
3209,3209,0.3680274486541748,
3210,3210,0.3683338165283203,
3211,3211,0.36985448002815247,
3212,3212,0.36128556728363037,
3213,3213,0.36641982197761536,
3214,3214,0.3735489249229431,
3215,3215,0.3641458749771118,
3216,3216,0.36387577652931213,
3217,3217,0.35899460315704346,
3218,3218,0.35713469982147217,
3219,3219,0.3680768311023712,
3220,3220,0.365787535905838,
3221,3221,0.35873761773109436,
3222,3222,0.36557966470718384,
3223,3223,0.35747891664505005,
3224,3224,0.36756667494773865,
3225,3225,0.35861074924468994,
3226,3226,0.35698413848876953,
3227,3227,0.3759958744049072,
3228,3228,0.36097395420074463,
3229,3229,0.37722694873809814,
3230,3230,0.358254075050354,
3231,3231,0.3573697507381439,
3232,3232,0.3606492280960083,
3233,3233,0.3662590980529785,
3234,3234,0.3611811101436615,
3235,3235,0.3668379485607147,
3236,3236,0.3728850483894348,
3237,3237,0.36922869086265564,
3238,3238,0.3544503152370453,
3239,3239,0.35406020283699036,
3240,3240,0.36947962641716003,
3241,3241,0.3606516420841217,
3242,3242,0.3555137515068054,
3243,3243,0.3665938377380371,
3244,3244,0.3682597577571869,
3245,3245,0.36181068420410156,
3246,3246,0.36462897062301636,
3247,3247,0.37126901745796204,
3248,3248,0.37097302079200745,
3249,3249,,0.3743742108345032
3249,3249,0.3743742108345032,
3250,3250,0.35415488481521606,
3251,3251,0.3615446984767914,
3252,3252,0.36374133825302124,
3253,3253,0.3616633713245392,
3254,3254,0.362394779920578,
3255,3255,0.3620399236679077,
3256,3256,0.36165371537208557,
3257,3257,0.3607797920703888,
3258,3258,0.36824309825897217,
3259,3259,0.35963279008865356,
3260,3260,0.3674337565898895,
3261,3261,0.36419057846069336,
3262,3262,0.35717734694480896,
3263,3263,0.37007978558540344,
3264,3264,0.35031428933143616,
3265,3265,0.38263726234436035,
3266,3266,0.3694528043270111,
3267,3267,0.36103272438049316,
3268,3268,0.35754549503326416,
3269,3269,0.36453554034233093,
3270,3270,0.36438000202178955,
3271,3271,0.34780365228652954,
3272,3272,0.3616958260536194,
3273,3273,0.3687606155872345,
3274,3274,0.37070992588996887,
3275,3275,0.36490398645401,
3276,3276,0.3548244535923004,
3277,3277,0.36114680767059326,
3278,3278,0.3518483638763428,
3279,3279,0.36065155267715454,
3280,3280,0.3734703063964844,
3281,3281,0.35942837595939636,
3282,3282,0.3542672097682953,
3283,3283,0.3526357412338257,
3284,3284,0.36487701535224915,
3285,3285,0.35700979828834534,
3286,3286,0.35481351613998413,
3287,3287,0.36983343958854675,
3288,3288,0.3598739504814148,
3289,3289,0.3629322052001953,
3290,3290,0.3622770607471466,
3291,3291,0.3576473593711853,
3292,3292,0.34844303131103516,
3293,3293,0.3527213931083679,
3294,3294,0.36184048652648926,
3295,3295,0.3548242449760437,
3296,3296,0.3587862551212311,
3297,3297,0.35820165276527405,
3298,3298,0.35530152916908264,
3299,3299,,0.3540659546852112
3299,3299,0.3540659546852112,
3300,3300,0.35558339953422546,
3301,3301,0.3570560812950134,
3302,3302,0.3573973774909973,
3303,3303,0.36183956265449524,
3304,3304,0.3596428334712982,
3305,3305,0.35066407918930054,
3306,3306,0.3444848954677582,
3307,3307,0.3546532094478607,
3308,3308,0.3600732982158661,
3309,3309,0.34517207741737366,
3310,3310,0.3563084006309509,
3311,3311,0.3579365015029907,
3312,3312,0.35531410574913025,
3313,3313,0.356220006942749,
3314,3314,0.3524962365627289,
3315,3315,0.35092732310295105,
3316,3316,0.3560609817504883,
3317,3317,0.3562276065349579,
3318,3318,0.35136255621910095,
3319,3319,0.347992479801178,
3320,3320,0.3512934744358063,
3321,3321,0.3446348011493683,
3322,3322,0.34874841570854187,
3323,3323,0.3541860282421112,
3324,3324,0.3537718653678894,
3325,3325,0.35915377736091614,
3326,3326,0.34205690026283264,
3327,3327,0.3515280485153198,
3328,3328,0.358647882938385,
3329,3329,0.3692532777786255,
3330,3330,0.35454216599464417,
3331,3331,0.3582146465778351,
3332,3332,0.3495531380176544,
3333,3333,0.35597699880599976,
3334,3334,0.3605395555496216,
3335,3335,0.3580222725868225,
3336,3336,0.3651614487171173,
3337,3337,0.35623130202293396,
3338,3338,0.3541184961795807,
3339,3339,0.35584837198257446,
3340,3340,0.3390275239944458,
3341,3341,0.3613683879375458,
3342,3342,0.36147600412368774,
3343,3343,0.3499440550804138,
3344,3344,0.3513736128807068,
3345,3345,0.3521655797958374,
3346,3346,0.35332444310188293,
3347,3347,0.35389894247055054,
3348,3348,0.3555026054382324,
3349,3349,,0.35275232791900635
3349,3349,0.35275232791900635,
3350,3350,0.35069358348846436,
3351,3351,0.3496304750442505,
3352,3352,0.35291606187820435,
3353,3353,0.3486747443675995,
3354,3354,0.35251861810684204,
3355,3355,0.3514203727245331,
3356,3356,0.34562304615974426,
3357,3357,0.3528301417827606,
3358,3358,0.35308781266212463,
3359,3359,0.35262197256088257,
3360,3360,0.3442891538143158,
3361,3361,0.344537615776062,
3362,3362,0.3450802266597748,
3363,3363,0.3516649007797241,
3364,3364,0.3513331115245819,
3365,3365,0.34772929549217224,
3366,3366,0.34947359561920166,
3367,3367,0.35564813017845154,
3368,3368,0.34442415833473206,
3369,3369,0.35257279872894287,
3370,3370,0.3600749373435974,
3371,3371,0.353651225566864,
3372,3372,0.3527076840400696,
3373,3373,0.3555739223957062,
3374,3374,0.345604807138443,
3375,3375,0.352376252412796,
3376,3376,0.34979385137557983,
3377,3377,0.36055251955986023,
3378,3378,0.35537728667259216,
3379,3379,0.34845802187919617,
3380,3380,0.3556569516658783,
3381,3381,0.3461093008518219,
3382,3382,0.35617944598197937,
3383,3383,0.33675602078437805,
3384,3384,0.3487963378429413,
3385,3385,0.36115941405296326,
3386,3386,0.35946595668792725,
3387,3387,0.35123544931411743,
3388,3388,0.3517117500305176,
3389,3389,0.3485681116580963,
3390,3390,0.3518584370613098,
3391,3391,0.3462790846824646,
3392,3392,0.35715964436531067,
3393,3393,0.3471824526786804,
3394,3394,0.34986281394958496,
3395,3395,0.34508875012397766,
3396,3396,0.36223888397216797,
3397,3397,0.3451431393623352,
3398,3398,0.3243430554866791,
3399,3399,,0.34698033332824707
3399,3399,0.34698033332824707,
3400,3400,0.3476315438747406,
3401,3401,0.34932249784469604,
3402,3402,0.34300902485847473,
3403,3403,0.3671801686286926,
3404,3404,0.34843650460243225,
3405,3405,0.34479865431785583,
3406,3406,0.3533603549003601,
3407,3407,0.3491283059120178,
3408,3408,0.3418913781642914,
3409,3409,0.3487795293331146,
3410,3410,0.354190856218338,
3411,3411,0.3528190851211548,
3412,3412,0.3418610095977783,
3413,3413,0.3448425829410553,
3414,3414,0.3435262441635132,
3415,3415,0.3455277383327484,
3416,3416,0.3489953577518463,
3417,3417,0.3457205593585968,
3418,3418,0.34006375074386597,
3419,3419,0.34901535511016846,
3420,3420,0.33955803513526917,
3421,3421,0.3457289934158325,
3422,3422,0.34354257583618164,
3423,3423,0.3414245843887329,
3424,3424,0.35128384828567505,
3425,3425,0.34558677673339844,
3426,3426,0.35013547539711,
3427,3427,0.3406870365142822,
3428,3428,0.3466833531856537,
3429,3429,0.3472900986671448,
3430,3430,0.34796780347824097,
3431,3431,0.3446972966194153,
3432,3432,0.3455822467803955,
3433,3433,0.3462870717048645,
3434,3434,0.34479761123657227,
3435,3435,0.35544097423553467,
3436,3436,0.33886754512786865,
3437,3437,0.3522621691226959,
3438,3438,0.33880507946014404,
3439,3439,0.3417189419269562,
3440,3440,0.3437478244304657,
3441,3441,0.3567940592765808,
3442,3442,0.34462055563926697,
3443,3443,0.34191155433654785,
3444,3444,0.3395579159259796,
3445,3445,0.3500173091888428,
3446,3446,0.3342938721179962,
3447,3447,0.3459632098674774,
3448,3448,0.34820014238357544,
3449,3449,,0.33872371912002563
3449,3449,0.33872371912002563,
3450,3450,0.33632367849349976,
3451,3451,0.35150864720344543,
3452,3452,0.3362824618816376,
3453,3453,0.343715637922287,
3454,3454,0.341888427734375,
3455,3455,0.343954473733902,
3456,3456,0.35600924491882324,
3457,3457,0.34396642446517944,
3458,3458,0.34245651960372925,
3459,3459,0.3384089469909668,
3460,3460,0.34421756863594055,
3461,3461,0.3492061495780945,
3462,3462,0.3404765725135803,
3463,3463,0.342622846364975,
3464,3464,0.34691059589385986,
3465,3465,0.33874356746673584,
3466,3466,0.34157952666282654,
3467,3467,0.3507459759712219,
3468,3468,0.33987104892730713,
3469,3469,0.34444156289100647,
3470,3470,0.33532342314720154,
3471,3471,0.3419685661792755,
3472,3472,0.34056124091148376,
3473,3473,0.34184277057647705,
3474,3474,0.33767935633659363,
3475,3475,0.3405087888240814,
3476,3476,0.32529380917549133,
3477,3477,0.3362221121788025,
3478,3478,0.3321664035320282,
3479,3479,0.3390412926673889,
3480,3480,0.3428887128829956,
3481,3481,0.34435388445854187,
3482,3482,0.3351925015449524,
3483,3483,0.3405361771583557,
3484,3484,0.3412322998046875,
3485,3485,0.3482185900211334,
3486,3486,0.34433531761169434,
3487,3487,0.3403996527194977,
3488,3488,0.34381404519081116,
3489,3489,0.3425268530845642,
3490,3490,0.34083738923072815,
3491,3491,0.3514821529388428,
3492,3492,0.3422210216522217,
3493,3493,0.3380020558834076,
3494,3494,0.3448359966278076,
3495,3495,0.3342616856098175,
3496,3496,0.3426194190979004,
3497,3497,0.3372511863708496,
3498,3498,0.3415522575378418,
3499,3499,,0.34175774455070496
3499,3499,0.34175774455070496,
3500,3500,0.333689421415329,
3501,3501,0.33196303248405457,
3502,3502,0.33253639936447144,
3503,3503,0.3413374125957489,
3504,3504,0.33949556946754456,
3505,3505,0.3466295301914215,
3506,3506,0.35189545154571533,
3507,3507,0.3357645273208618,
3508,3508,0.3354716897010803,
3509,3509,0.3411434590816498,
3510,3510,0.3354271948337555,
3511,3511,0.34254971146583557,
3512,3512,0.33672910928726196,
3513,3513,0.3404708504676819,
3514,3514,0.34842097759246826,
3515,3515,0.33121809363365173,
3516,3516,0.33652040362358093,
3517,3517,0.34137776494026184,
3518,3518,0.3370712697505951,
3519,3519,0.3312540650367737,
3520,3520,0.34155771136283875,
3521,3521,0.3343384265899658,
3522,3522,0.33309322595596313,
3523,3523,0.33082592487335205,
3524,3524,0.3429349958896637,
3525,3525,0.3267233967781067,
3526,3526,0.3357495963573456,
3527,3527,0.3417721390724182,
3528,3528,0.34811723232269287,
3529,3529,0.3470945358276367,
3530,3530,0.33014217019081116,
3531,3531,0.3378533124923706,
3532,3532,0.33411091566085815,
3533,3533,0.3436705768108368,
3534,3534,0.3444291949272156,
3535,3535,0.3303243815898895,
3536,3536,0.3263193368911743,
3537,3537,0.3385339379310608,
3538,3538,0.340764582157135,
3539,3539,0.3353937566280365,
3540,3540,0.329208642244339,
3541,3541,0.33767786622047424,
3542,3542,0.3377422094345093,
3543,3543,0.3452264666557312,
3544,3544,0.33672016859054565,
3545,3545,0.3393220901489258,
3546,3546,0.3367285430431366,
3547,3547,0.34123027324676514,
3548,3548,0.33702465891838074,
3549,3549,,0.3367663323879242
3549,3549,0.3367663323879242,
3550,3550,0.34088507294654846,
3551,3551,0.33148565888404846,
3552,3552,0.34423524141311646,
3553,3553,0.34683048725128174,
3554,3554,0.3375529646873474,
3555,3555,0.34246397018432617,
3556,3556,0.34404096007347107,
3557,3557,0.3322656750679016,
3558,3558,0.3339574933052063,
3559,3559,0.33768922090530396,
3560,3560,0.33904749155044556,
3561,3561,0.33213433623313904,
3562,3562,0.32605409622192383,
3563,3563,0.34320491552352905,
3564,3564,0.3376098871231079,
3565,3565,0.342549592256546,
3566,3566,0.3410416543483734,
3567,3567,0.337147057056427,
3568,3568,0.34156808257102966,
3569,3569,0.3313688337802887,
3570,3570,0.33211469650268555,
3571,3571,0.334951251745224,
3572,3572,0.3339691460132599,
3573,3573,0.3305864930152893,
3574,3574,0.33887770771980286,
3575,3575,0.33247408270835876,
3576,3576,0.34244292974472046,
3577,3577,0.32608717679977417,
3578,3578,0.3388688862323761,
3579,3579,0.32860222458839417,
3580,3580,0.3292703330516815,
3581,3581,0.3335501551628113,
3582,3582,0.334018349647522,
3583,3583,0.32580316066741943,
3584,3584,0.3353217840194702,
3585,3585,0.33081305027008057,
3586,3586,0.3394932150840759,
3587,3587,0.3276403546333313,
3588,3588,0.3416593372821808,
3589,3589,0.3370102643966675,
3590,3590,0.3310990631580353,
3591,3591,0.32800114154815674,
3592,3592,0.32336246967315674,
3593,3593,0.3301207423210144,
3594,3594,0.3317224383354187,
3595,3595,0.33924564719200134,
3596,3596,0.32013437151908875,
3597,3597,0.31386733055114746,
3598,3598,0.3332762122154236,
3599,3599,,0.3319011628627777
3599,3599,0.3319011628627777,
3600,3600,0.3384884297847748,
3601,3601,0.33728769421577454,
3602,3602,0.32810673117637634,
3603,3603,0.3346325755119324,
3604,3604,0.3342987298965454,
3605,3605,0.3295705318450928,
3606,3606,0.33812010288238525,
3607,3607,0.3290311396121979,
3608,3608,0.3336993455886841,
3609,3609,0.321933388710022,
3610,3610,0.3259098529815674,
3611,3611,0.32810312509536743,
3612,3612,0.3251368999481201,
3613,3613,0.32097914814949036,
3614,3614,0.32767224311828613,
3615,3615,0.3388725221157074,
3616,3616,0.3289887309074402,
3617,3617,0.33174756169319153,
3618,3618,0.32949259877204895,
3619,3619,0.3306884467601776,
3620,3620,0.32733380794525146,
3621,3621,0.31724798679351807,
3622,3622,0.3287011384963989,
3623,3623,0.323637455701828,
3624,3624,0.32262739539146423,
3625,3625,0.32551485300064087,
3626,3626,0.32637080550193787,
3627,3627,0.32831302285194397,
3628,3628,0.33575496077537537,
3629,3629,0.32697808742523193,
3630,3630,0.32408371567726135,
3631,3631,0.33810552954673767,
3632,3632,0.32262784242630005,
3633,3633,0.33334335684776306,
3634,3634,0.3279147446155548,
3635,3635,0.33218541741371155,
3636,3636,0.33496320247650146,
3637,3637,0.3314124345779419,
3638,3638,0.331440269947052,
3639,3639,0.3301824629306793,
3640,3640,0.33159396052360535,
3641,3641,0.3283531665802002,
3642,3642,0.32725828886032104,
3643,3643,0.32955434918403625,
3644,3644,0.3264670670032501,
3645,3645,0.3341907262802124,
3646,3646,0.3190864324569702,
3647,3647,0.32756173610687256,
3648,3648,0.3234805762767792,
3649,3649,,0.32593977451324463
3649,3649,0.32593977451324463,
3650,3650,0.3243456780910492,
3651,3651,0.31557172536849976,
3652,3652,0.3344293534755707,
3653,3653,0.3189384639263153,
3654,3654,0.3283710479736328,
3655,3655,0.32525983452796936,
3656,3656,0.31788116693496704,
3657,3657,0.32263240218162537,
3658,3658,0.32962357997894287,
3659,3659,0.32298851013183594,
3660,3660,0.32955402135849,
3661,3661,0.3306261897087097,
3662,3662,0.3218117952346802,
3663,3663,0.3263046145439148,
3664,3664,0.32725271582603455,
3665,3665,0.3270125091075897,
3666,3666,0.32119059562683105,
3667,3667,0.33879706263542175,
3668,3668,0.3352213203907013,
3669,3669,0.33706405758857727,
3670,3670,0.3267073631286621,
3671,3671,0.3182774484157562,
3672,3672,0.3220268487930298,
3673,3673,0.31464460492134094,
3674,3674,0.33019527792930603,
3675,3675,0.3232269287109375,
3676,3676,0.3304500877857208,
3677,3677,0.33156245946884155,
3678,3678,0.32912421226501465,
3679,3679,0.3316442370414734,
3680,3680,0.32451266050338745,
3681,3681,0.3267182409763336,
3682,3682,0.32199740409851074,
3683,3683,0.32546335458755493,
3684,3684,0.33070215582847595,
3685,3685,0.3299977481365204,
3686,3686,0.3155149817466736,
3687,3687,0.3235858380794525,
3688,3688,0.32637327909469604,
3689,3689,0.3258994221687317,
3690,3690,0.32645267248153687,
3691,3691,0.33182162046432495,
3692,3692,0.3241596221923828,
3693,3693,0.31486815214157104,
3694,3694,0.32336142659187317,
3695,3695,0.32781681418418884,
3696,3696,0.3357309401035309,
3697,3697,0.3450378477573395,
3698,3698,0.31677594780921936,
3699,3699,,0.31071582436561584
3699,3699,0.31071582436561584,
3700,3700,0.31896620988845825,
3701,3701,0.3244931399822235,
3702,3702,0.3202972710132599,
3703,3703,0.32550907135009766,
3704,3704,0.3283616900444031,
3705,3705,0.32734087109565735,
3706,3706,0.31525352597236633,
3707,3707,0.32610246539115906,
3708,3708,0.33016112446784973,
3709,3709,0.3344663381576538,
3710,3710,0.3123965859413147,
3711,3711,0.3445071280002594,
3712,3712,0.32483869791030884,
3713,3713,0.3245374858379364,
3714,3714,0.3260631263256073,
3715,3715,0.3174741566181183,
3716,3716,0.31870564818382263,
3717,3717,0.32372671365737915,
3718,3718,0.3264368772506714,
3719,3719,0.33476102352142334,
3720,3720,0.3212331533432007,
3721,3721,0.32814091444015503,
3722,3722,0.32633253931999207,
3723,3723,0.32293322682380676,
3724,3724,0.33299005031585693,
3725,3725,0.3137216567993164,
3726,3726,0.325265496969223,
3727,3727,0.32244351506233215,
3728,3728,0.3272510766983032,
3729,3729,0.32288113236427307,
3730,3730,0.3226849436759949,
3731,3731,0.3204957842826843,
3732,3732,0.3252122700214386,
3733,3733,0.3213432729244232,
3734,3734,0.3204900920391083,
3735,3735,0.3326343297958374,
3736,3736,0.3252113163471222,
3737,3737,0.330384224653244,
3738,3738,0.3270639479160309,
3739,3739,0.3161281943321228,
3740,3740,0.3189247250556946,
3741,3741,0.31591615080833435,
3742,3742,0.320535808801651,
3743,3743,0.32517772912979126,
3744,3744,0.322726845741272,
3745,3745,0.324869841337204,
3746,3746,0.3205869793891907,
3747,3747,0.32402902841567993,
3748,3748,0.3151078522205353,
3749,3749,,0.31897738575935364
3749,3749,0.31897738575935364,
3750,3750,0.32154035568237305,
3751,3751,0.3215145170688629,
3752,3752,0.3152884840965271,
3753,3753,0.3241555988788605,
3754,3754,0.32369405031204224,
3755,3755,0.33013638854026794,
3756,3756,0.32079222798347473,
3757,3757,0.3250245153903961,
3758,3758,0.322729229927063,
3759,3759,0.31797221302986145,
3760,3760,0.32901427149772644,
3761,3761,0.3252412974834442,
3762,3762,0.31833532452583313,
3763,3763,0.32452183961868286,
3764,3764,0.3274368345737457,
3765,3765,0.32023364305496216,
3766,3766,0.32024669647216797,
3767,3767,0.3009972870349884,
3768,3768,0.320590615272522,
3769,3769,0.3134917914867401,
3770,3770,0.3179388642311096,
3771,3771,0.30727723240852356,
3772,3772,0.3214680254459381,
3773,3773,0.32136204838752747,
3774,3774,0.31501665711402893,
3775,3775,0.31272420287132263,
3776,3776,0.32074230909347534,
3777,3777,0.32289567589759827,
3778,3778,0.33008280396461487,
3779,3779,0.3175685405731201,
3780,3780,0.31340497732162476,
3781,3781,0.3056483864784241,
3782,3782,0.3150216341018677,
3783,3783,0.32719895243644714,
3784,3784,0.31723394989967346,
3785,3785,0.3132733702659607,
3786,3786,0.3205187916755676,
3787,3787,0.3273056149482727,
3788,3788,0.31701570749282837,
3789,3789,0.32173335552215576,
3790,3790,0.31331804394721985,
3791,3791,0.31075039505958557,
3792,3792,0.31842637062072754,
3793,3793,0.3365790843963623,
3794,3794,0.32672119140625,
3795,3795,0.3111788034439087,
3796,3796,0.3180299401283264,
3797,3797,0.3091364800930023,
3798,3798,0.32405510544776917,
3799,3799,,0.31933408975601196
3799,3799,0.31933408975601196,
3800,3800,0.33469536900520325,
3801,3801,0.3231643736362457,
3802,3802,0.31824827194213867,
3803,3803,0.3102405071258545,
3804,3804,0.3224925696849823,
3805,3805,0.31570181250572205,
3806,3806,0.318962037563324,
3807,3807,0.3161625862121582,
3808,3808,0.3209187090396881,
3809,3809,0.3162750005722046,
3810,3810,0.31490179896354675,
3811,3811,0.31884896755218506,
3812,3812,0.31276735663414,
3813,3813,0.30482688546180725,
3814,3814,0.324042946100235,
3815,3815,0.32295742630958557,
3816,3816,0.3309919834136963,
3817,3817,0.3187621533870697,
3818,3818,0.3153003752231598,
3819,3819,0.3260725736618042,
3820,3820,0.3164920508861542,
3821,3821,0.323127418756485,
3822,3822,0.3183073103427887,
3823,3823,0.32880234718322754,
3824,3824,0.31868523359298706,
3825,3825,0.32159364223480225,
3826,3826,0.30987420678138733,
3827,3827,0.3197191655635834,
3828,3828,0.31211721897125244,
3829,3829,0.32330965995788574,
3830,3830,0.3142560124397278,
3831,3831,0.31508350372314453,
3832,3832,0.3179333209991455,
3833,3833,0.30778154730796814,
3834,3834,0.3077221214771271,
3835,3835,0.3132774829864502,
3836,3836,0.3208111524581909,
3837,3837,0.2988041341304779,
3838,3838,0.3160010576248169,
3839,3839,0.32139450311660767,
3840,3840,0.32675546407699585,
3841,3841,0.31093358993530273,
3842,3842,0.3160689175128937,
3843,3843,0.310846209526062,
3844,3844,0.32704710960388184,
3845,3845,0.3127043843269348,
3846,3846,0.31370219588279724,
3847,3847,0.3108917772769928,
3848,3848,0.30974066257476807,
3849,3849,,0.3127513825893402
3849,3849,0.3127513825893402,
3850,3850,0.31236547231674194,
3851,3851,0.31742650270462036,
3852,3852,0.31323906779289246,
3853,3853,0.3077172636985779,
3854,3854,0.312361478805542,
3855,3855,0.31144535541534424,
3856,3856,0.3141624629497528,
3857,3857,0.31852880120277405,
3858,3858,0.3223414719104767,
3859,3859,0.31621021032333374,
3860,3860,0.3151448369026184,
3861,3861,0.31973642110824585,
3862,3862,0.3206275403499603,
3863,3863,0.313844233751297,
3864,3864,0.31128254532814026,
3865,3865,0.3161677122116089,
3866,3866,0.3156489431858063,
3867,3867,0.30307331681251526,
3868,3868,0.3148772716522217,
3869,3869,0.3122241199016571,
3870,3870,0.3178337812423706,
3871,3871,0.3172357976436615,
3872,3872,0.3140682578086853,
3873,3873,0.3132748007774353,
3874,3874,0.3135049045085907,
3875,3875,0.3108195960521698,
3876,3876,0.3065376579761505,
3877,3877,0.31858885288238525,
3878,3878,0.3111838400363922,
3879,3879,0.3151589035987854,
3880,3880,0.3185862600803375,
3881,3881,0.3072383999824524,
3882,3882,0.31086266040802,
3883,3883,0.31090056896209717,
3884,3884,0.31124192476272583,
3885,3885,0.3190843164920807,
3886,3886,0.31218916177749634,
3887,3887,0.3037518560886383,
3888,3888,0.31550830602645874,
3889,3889,0.3115234375,
3890,3890,0.31455063819885254,
3891,3891,0.3051649034023285,
3892,3892,0.3139607906341553,
3893,3893,0.3113120496273041,
3894,3894,0.31103619933128357,
3895,3895,0.3136415183544159,
3896,3896,0.31192073225975037,
3897,3897,0.31258466839790344,
3898,3898,0.31667086482048035,
3899,3899,,0.3092537522315979
3899,3899,0.3092537522315979,
3900,3900,0.30885738134384155,
3901,3901,0.3095008134841919,
3902,3902,0.3060160279273987,
3903,3903,0.314720094203949,
3904,3904,0.30506664514541626,
3905,3905,0.3094666004180908,
3906,3906,0.3032151758670807,
3907,3907,0.30894771218299866,
3908,3908,0.31057530641555786,
3909,3909,0.3074740171432495,
3910,3910,0.3096420168876648,
3911,3911,0.3088984191417694,
3912,3912,0.30953720211982727,
3913,3913,0.3111498951911926,
3914,3914,0.3154614269733429,
3915,3915,0.30899739265441895,
3916,3916,0.30892324447631836,
3917,3917,0.31004950404167175,
3918,3918,0.2988300621509552,
3919,3919,0.3100203275680542,
3920,3920,0.30459246039390564,
3921,3921,0.31797924637794495,
3922,3922,0.31884944438934326,
3923,3923,0.3119160532951355,
3924,3924,0.3126569390296936,
3925,3925,0.31651926040649414,
3926,3926,0.3100316524505615,
3927,3927,0.3098510801792145,
3928,3928,0.3097097873687744,
3929,3929,0.30344921350479126,
3930,3930,0.3061085641384125,
3931,3931,0.3194422721862793,
3932,3932,0.30989348888397217,
3933,3933,0.3009923994541168,
3934,3934,0.32004448771476746,
3935,3935,0.29692763090133667,
3936,3936,0.31600579619407654,
3937,3937,0.3106737732887268,
3938,3938,0.31748366355895996,
3939,3939,0.317776083946228,
3940,3940,0.3141272962093353,
3941,3941,0.3018808662891388,
3942,3942,0.31882035732269287,
3943,3943,0.2903578281402588,
3944,3944,0.30514833331108093,
3945,3945,0.3117140829563141,
3946,3946,0.31408506631851196,
3947,3947,0.3097507059574127,
3948,3948,0.32114624977111816,
3949,3949,,0.3058658540248871
3949,3949,0.3058658540248871,
3950,3950,0.3064093589782715,
3951,3951,0.30863437056541443,
3952,3952,0.3079895079135895,
3953,3953,0.29635897278785706,
3954,3954,0.304959774017334,
3955,3955,0.302995890378952,
3956,3956,0.3133382797241211,
3957,3957,0.2952856719493866,
3958,3958,0.31343910098075867,
3959,3959,0.30412110686302185,
3960,3960,0.3035034239292145,
3961,3961,0.31042733788490295,
3962,3962,0.30788519978523254,
3963,3963,0.3070817291736603,
3964,3964,0.30371832847595215,
3965,3965,0.3112458288669586,
3966,3966,0.3141201436519623,
3967,3967,0.3020043969154358,
3968,3968,0.31057241559028625,
3969,3969,0.3023081123828888,
3970,3970,0.31636691093444824,
3971,3971,0.30128151178359985,
3972,3972,0.3148232698440552,
3973,3973,0.3097027540206909,
3974,3974,0.30517634749412537,
3975,3975,0.29952770471572876,
3976,3976,0.30283600091934204,
3977,3977,0.29983893036842346,
3978,3978,0.30169016122817993,
3979,3979,0.304449200630188,
3980,3980,0.30439579486846924,
3981,3981,0.30521419644355774,
3982,3982,0.3104107677936554,
3983,3983,0.3065060079097748,
3984,3984,0.3025282025337219,
3985,3985,0.320814311504364,
3986,3986,0.30200502276420593,
3987,3987,0.30478090047836304,
3988,3988,0.30742910504341125,
3989,3989,0.2971976697444916,
3990,3990,0.2956102192401886,
3991,3991,0.3033016324043274,
3992,3992,0.309688538312912,
3993,3993,0.30211108922958374,
3994,3994,0.3063485324382782,
3995,3995,0.29902905225753784,
3996,3996,0.3105718493461609,
3997,3997,0.3023279309272766,
3998,3998,0.3004516363143921,
3999,3999,,0.30055490136146545
3999,3999,0.30055490136146545,
