epoch,step,train_loss_epoch,train_loss_step
0,0,4.41201114654541,
1,1,3.435861110687256,
2,2,3.034727096557617,
3,3,4.044222831726074,
4,4,3.181885004043579,
5,5,1.8312889337539673,
6,6,2.409700870513916,
7,7,3.1394577026367188,
8,8,3.11445689201355,
9,9,2.397042989730835,
10,10,2.7571890354156494,
11,11,1.5660134553909302,
12,12,2.4661929607391357,
13,13,2.493152618408203,
14,14,2.282937526702881,
15,15,2.735808849334717,
16,16,2.4054856300354004,
17,17,2.8625552654266357,
18,18,2.429617166519165,
19,19,2.5122079849243164,
20,20,2.4451916217803955,
21,21,2.125688314437866,
22,22,2.7077417373657227,
23,23,2.3842267990112305,
24,24,2.4827260971069336,
25,25,1.854428768157959,
26,26,2.4111928939819336,
27,27,2.1484568119049072,
28,28,1.9963345527648926,
29,29,2.420283079147339,
30,30,2.5637197494506836,
31,31,2.0970418453216553,
32,32,1.6654846668243408,
33,33,2.595217704772949,
34,34,2.321237564086914,
35,35,2.6140220165252686,
36,36,1.6345455646514893,
37,37,2.549872398376465,
38,38,2.514399528503418,
39,39,2.553338050842285,
40,40,2.4558064937591553,
41,41,2.5434582233428955,
42,42,2.3995213508605957,
43,43,2.459479331970215,
44,44,2.2661690711975098,
45,45,2.4937257766723633,
46,46,2.4946107864379883,
47,47,2.0998902320861816,
48,48,2.0134990215301514,
49,49,,2.4257688522338867
49,49,2.4257688522338867,
50,50,2.4149274826049805,
51,51,2.3308053016662598,
52,52,2.1314024925231934,
53,53,1.3465189933776855,
54,54,2.5213799476623535,
55,55,2.087228775024414,
56,56,2.8318252563476562,
57,57,2.3362832069396973,
58,58,2.302762031555176,
59,59,2.3605661392211914,
60,60,2.668226718902588,
61,61,2.230869770050049,
62,62,2.337153673171997,
63,63,2.5399155616760254,
64,64,2.8210740089416504,
65,65,2.3356218338012695,
66,66,2.3719301223754883,
67,67,2.390989303588867,
68,68,2.0149481296539307,
69,69,2.459869384765625,
70,70,2.4068641662597656,
71,71,2.604417324066162,
72,72,1.910996675491333,
73,73,2.4909071922302246,
74,74,2.658785820007324,
75,75,2.5819668769836426,
76,76,2.332932710647583,
77,77,2.64654541015625,
78,78,2.1317074298858643,
79,79,2.4158854484558105,
80,80,2.3672704696655273,
81,81,1.642976999282837,
82,82,2.4022412300109863,
83,83,2.3311514854431152,
84,84,1.8765652179718018,
85,85,2.3862338066101074,
86,86,2.0151824951171875,
87,87,1.9624855518341064,
88,88,2.5314295291900635,
89,89,2.4806671142578125,
90,90,2.7721400260925293,
91,91,2.3455464839935303,
92,92,2.354167938232422,
93,93,2.68168568611145,
94,94,2.677886962890625,
95,95,2.6173782348632812,
96,96,2.4927709102630615,
97,97,2.4016218185424805,
98,98,1.8963871002197266,
99,99,,2.4912595748901367
99,99,2.4912595748901367,
100,100,2.463033676147461,
101,101,1.6533217430114746,
102,102,1.608008623123169,
103,103,2.5004498958587646,
104,104,1.9037320613861084,
105,105,2.3549020290374756,
106,106,2.453033447265625,
107,107,2.432365655899048,
108,108,2.619358539581299,
109,109,1.9319708347320557,
110,110,2.3254446983337402,
111,111,2.3922269344329834,
112,112,2.2016940116882324,
113,113,1.8268390893936157,
114,114,2.2999799251556396,
115,115,2.531369686126709,
116,116,2.2203450202941895,
117,117,2.366666793823242,
118,118,2.3157434463500977,
119,119,2.549489974975586,
120,120,2.4673705101013184,
121,121,2.7355923652648926,
122,122,2.022494316101074,
123,123,2.3261876106262207,
124,124,2.001349687576294,
125,125,1.9601867198944092,
126,126,1.6224288940429688,
127,127,2.75982928276062,
128,128,2.8444714546203613,
129,129,2.271632194519043,
130,130,2.5613551139831543,
131,131,2.1374900341033936,
132,132,2.494492530822754,
133,133,2.2933645248413086,
134,134,2.1036510467529297,
135,135,2.526294708251953,
136,136,2.442228317260742,
137,137,2.003793954849243,
138,138,2.0907270908355713,
139,139,2.5418858528137207,
140,140,1.9904670715332031,
141,141,2.338895559310913,
142,142,1.9490303993225098,
143,143,2.3594679832458496,
144,144,2.1220576763153076,
145,145,2.3526172637939453,
146,146,2.549121379852295,
147,147,2.7443714141845703,
148,148,2.2891664505004883,
149,149,,2.39492130279541
149,149,2.39492130279541,
150,150,2.362362861633301,
151,151,2.531338691711426,
152,152,2.6149814128875732,
153,153,2.6784768104553223,
154,154,2.485805034637451,
155,155,2.258150100708008,
156,156,2.613420009613037,
157,157,2.412083148956299,
158,158,1.8213222026824951,
159,159,1.9132988452911377,
160,160,2.5910186767578125,
161,161,2.337752342224121,
162,162,2.3858823776245117,
163,163,2.1380527019500732,
164,164,2.401198148727417,
165,165,2.11399507522583,
166,166,2.6410670280456543,
167,167,1.9356300830841064,
168,168,2.3174355030059814,
169,169,2.4151015281677246,
170,170,2.548884868621826,
171,171,2.098001480102539,
172,172,1.8462538719177246,
173,173,2.1365387439727783,
174,174,1.36842679977417,
175,175,2.3445591926574707,
176,176,2.556307077407837,
177,177,2.2955331802368164,
178,178,1.654118299484253,
179,179,1.819742202758789,
180,180,2.298384189605713,
181,181,2.445021629333496,
182,182,1.6159559488296509,
183,183,2.424623966217041,
184,184,2.5845143795013428,
185,185,2.73610520362854,
186,186,2.3717615604400635,
187,187,2.3413045406341553,
188,188,2.4582180976867676,
189,189,2.347907304763794,
190,190,2.818087339401245,
191,191,2.3358511924743652,
192,192,2.4353153705596924,
193,193,2.331047296524048,
194,194,2.619328022003174,
195,195,1.934248685836792,
196,196,1.8090614080429077,
197,197,2.6475443840026855,
198,198,2.3267180919647217,
199,199,,1.7583131790161133
199,199,1.7583131790161133,
200,200,2.2545433044433594,
201,201,2.3399665355682373,
202,202,2.40462064743042,
203,203,2.567620277404785,
204,204,2.1285276412963867,
205,205,1.9062224626541138,
206,206,2.3643736839294434,
207,207,2.0462687015533447,
208,208,2.3752408027648926,
209,209,2.3426761627197266,
210,210,2.003441333770752,
211,211,2.4098076820373535,
212,212,2.156283378601074,
213,213,2.349529981613159,
214,214,2.3097286224365234,
215,215,2.3879754543304443,
216,216,2.036099910736084,
217,217,2.432474136352539,
218,218,2.0042600631713867,
219,219,2.233603000640869,
220,220,2.3146889209747314,
221,221,2.322303295135498,
222,222,2.345953941345215,
223,223,2.6954898834228516,
224,224,2.3783345222473145,
225,225,2.0837204456329346,
226,226,1.9836835861206055,
227,227,2.555921792984009,
228,228,2.306635856628418,
229,229,2.336010456085205,
230,230,2.3863797187805176,
231,231,2.3582794666290283,
232,232,2.3581132888793945,
233,233,2.3755908012390137,
234,234,2.299023389816284,
235,235,2.6782689094543457,
236,236,2.37014102935791,
237,237,2.3011553287506104,
238,238,2.3557236194610596,
239,239,2.4275705814361572,
240,240,2.384848117828369,
241,241,2.503844738006592,
242,242,2.1759157180786133,
243,243,2.3308074474334717,
244,244,2.685835838317871,
245,245,1.6308257579803467,
246,246,2.3215513229370117,
247,247,2.4505958557128906,
248,248,2.386885643005371,
249,249,,2.7926902770996094
249,249,2.7926902770996094,
250,250,2.7754111289978027,
251,251,2.3348422050476074,
252,252,1.971635341644287,
253,253,2.6641430854797363,
254,254,2.6113691329956055,
255,255,2.4655649662017822,
256,256,2.013021230697632,
257,257,2.481674909591675,
258,258,2.484929084777832,
259,259,2.3710832595825195,
260,260,2.1797070503234863,
261,261,2.2249279022216797,
262,262,1.8789210319519043,
263,263,2.3372559547424316,
264,264,2.5933380126953125,
265,265,1.5897425413131714,
266,266,1.8804192543029785,
267,267,2.079141139984131,
268,268,2.3345627784729004,
269,269,2.384523868560791,
270,270,2.3546652793884277,
271,271,2.683230400085449,
272,272,2.4811792373657227,
273,273,2.0634708404541016,
274,274,2.584099769592285,
275,275,2.4630064964294434,
276,276,2.107912063598633,
277,277,1.8331451416015625,
278,278,2.7637181282043457,
279,279,2.54207444190979,
280,280,2.109882354736328,
281,281,2.365680694580078,
282,282,2.5025577545166016,
283,283,2.2804691791534424,
284,284,2.5435352325439453,
285,285,2.449845552444458,
286,286,2.435802936553955,
287,287,2.340770721435547,
288,288,2.422443151473999,
289,289,2.3325276374816895,
290,290,2.455580472946167,
291,291,2.01181697845459,
292,292,2.751239776611328,
293,293,2.3818793296813965,
294,294,2.4788036346435547,
295,295,2.436342477798462,
296,296,2.063021659851074,
297,297,2.289492130279541,
298,298,2.1292061805725098,
299,299,,2.5875511169433594
299,299,2.5875511169433594,
300,300,2.2210617065429688,
301,301,2.7854723930358887,
302,302,2.7470548152923584,
303,303,2.2686049938201904,
304,304,2.123863935470581,
305,305,2.24368953704834,
306,306,2.121805429458618,
307,307,2.012071132659912,
308,308,2.2345619201660156,
309,309,2.328453779220581,
310,310,2.2982592582702637,
311,311,2.203613758087158,
312,312,2.503509998321533,
313,313,2.2041032314300537,
314,314,2.126706123352051,
315,315,2.2286441326141357,
316,316,2.3677432537078857,
317,317,2.1580843925476074,
318,318,2.165375232696533,
319,319,1.957101583480835,
320,320,1.9771161079406738,
321,321,1.9196152687072754,
322,322,2.194464921951294,
323,323,2.776470184326172,
324,324,2.1500542163848877,
325,325,1.8235851526260376,
326,326,2.146103620529175,
327,327,2.579925298690796,
328,328,2.1809048652648926,
329,329,1.9044971466064453,
330,330,2.1811091899871826,
331,331,2.0777997970581055,
332,332,1.5796087980270386,
333,333,1.9890236854553223,
334,334,2.157310962677002,
335,335,2.137976884841919,
336,336,2.2464499473571777,
337,337,2.1913223266601562,
338,338,2.6320207118988037,
339,339,1.7716469764709473,
340,340,2.1159937381744385,
341,341,2.0527191162109375,
342,342,2.1215388774871826,
343,343,2.256153106689453,
344,344,2.2068581581115723,
345,345,2.6141371726989746,
346,346,2.048111915588379,
347,347,2.237649917602539,
348,348,2.0434231758117676,
349,349,,2.194863796234131
349,349,2.194863796234131,
350,350,1.9248342514038086,
351,351,2.152907371520996,
352,352,2.008511543273926,
353,353,2.0253102779388428,
354,354,2.009068489074707,
355,355,1.3432295322418213,
356,356,1.9348056316375732,
357,357,1.9694299697875977,
358,358,2.1065335273742676,
359,359,1.9078950881958008,
360,360,1.596445918083191,
361,361,2.0629167556762695,
362,362,1.525359869003296,
363,363,1.6375224590301514,
364,364,1.5408488512039185,
365,365,1.8135709762573242,
366,366,2.011321783065796,
367,367,1.971535563468933,
368,368,1.9308584928512573,
369,369,1.474205732345581,
370,370,1.8537062406539917,
371,371,2.0547432899475098,
372,372,1.9283112287521362,
373,373,1.7580022811889648,
374,374,2.053177833557129,
375,375,1.8874797821044922,
376,376,2.0546345710754395,
377,377,2.394667148590088,
378,378,1.9362373352050781,
379,379,1.9373929500579834,
380,380,1.848468542098999,
381,381,1.9181838035583496,
382,382,1.889134168624878,
383,383,1.6476874351501465,
384,384,2.047102928161621,
385,385,2.0921578407287598,
386,386,1.655031442642212,
387,387,2.091179609298706,
388,388,1.4068083763122559,
389,389,2.12789249420166,
390,390,1.7980167865753174,
391,391,1.988186001777649,
392,392,1.8942615985870361,
393,393,1.8866000175476074,
394,394,2.1518211364746094,
395,395,2.1495795249938965,
396,396,1.9695936441421509,
397,397,1.8700997829437256,
398,398,1.9193432331085205,
399,399,,2.1096713542938232
399,399,2.1096713542938232,
400,400,1.852809190750122,
401,401,1.4238595962524414,
402,402,1.9194051027297974,
403,403,1.7238600254058838,
404,404,1.9488327503204346,
405,405,1.7988767623901367,
406,406,1.5017693042755127,
407,407,2.1897263526916504,
408,408,1.5836219787597656,
409,409,1.666877269744873,
410,410,2.0560779571533203,
411,411,1.5880249738693237,
412,412,1.4947158098220825,
413,413,1.5406482219696045,
414,414,1.8604168891906738,
415,415,1.8020532131195068,
416,416,1.0711437463760376,
417,417,1.4491701126098633,
418,418,1.8359425067901611,
419,419,1.9785405397415161,
420,420,1.8847219944000244,
421,421,1.2665597200393677,
422,422,1.7986462116241455,
423,423,1.7552227973937988,
424,424,1.9911479949951172,
425,425,1.7686924934387207,
426,426,1.7618956565856934,
427,427,1.591372013092041,
428,428,1.772186040878296,
429,429,1.710813283920288,
430,430,1.8050501346588135,
431,431,1.811727523803711,
432,432,1.719831943511963,
433,433,2.1177732944488525,
434,434,1.6594123840332031,
435,435,1.7845041751861572,
436,436,1.3388081789016724,
437,437,1.7679169178009033,
438,438,2.3148727416992188,
439,439,0.8358034491539001,
440,440,2.393759250640869,
441,441,1.7494537830352783,
442,442,1.93410325050354,
443,443,1.8337359428405762,
444,444,1.726980447769165,
445,445,1.120182991027832,
446,446,1.7239164113998413,
447,447,1.4663348197937012,
448,448,1.7712832689285278,
449,449,,1.918339729309082
449,449,1.918339729309082,
450,450,1.319185733795166,
451,451,1.5018948316574097,
452,452,1.5387253761291504,
453,453,1.4785568714141846,
454,454,1.4727174043655396,
455,455,1.791998028755188,
456,456,1.068090558052063,
457,457,1.6280004978179932,
458,458,0.7585359811782837,
459,459,1.7027561664581299,
460,460,0.9918224811553955,
461,461,1.031888484954834,
462,462,1.676215648651123,
463,463,2.0434703826904297,
464,464,1.885129690170288,
465,465,1.7956452369689941,
466,466,1.9449818134307861,
467,467,0.9793969392776489,
468,468,1.405297040939331,
469,469,1.8125872611999512,
470,470,1.7498393058776855,
471,471,1.9698150157928467,
472,472,1.7340176105499268,
473,473,1.423603892326355,
474,474,1.640378475189209,
475,475,1.1050962209701538,
476,476,1.978318452835083,
477,477,1.4657942056655884,
478,478,1.5151121616363525,
479,479,1.3624351024627686,
480,480,1.5922595262527466,
481,481,1.2622194290161133,
482,482,1.528106451034546,
483,483,1.8304815292358398,
484,484,1.7963260412216187,
485,485,1.5857551097869873,
486,486,0.9394940733909607,
487,487,1.383575439453125,
488,488,1.5607492923736572,
489,489,1.6388580799102783,
490,490,1.5872728824615479,
491,491,1.6606776714324951,
492,492,1.0228428840637207,
493,493,2.4212563037872314,
494,494,1.7639083862304688,
495,495,1.2860589027404785,
496,496,1.7353789806365967,
497,497,1.7631882429122925,
498,498,1.3499209880828857,
499,499,,1.572325587272644
499,499,1.572325587272644,
500,500,1.255216121673584,
501,501,1.642662763595581,
502,502,0.7950310707092285,
503,503,1.4880187511444092,
504,504,1.586050271987915,
505,505,1.559453010559082,
506,506,1.5158586502075195,
507,507,2.5226712226867676,
508,508,1.4334440231323242,
509,509,1.683850646018982,
510,510,1.4563193321228027,
511,511,1.47404146194458,
512,512,1.685646891593933,
513,513,1.497323989868164,
514,514,2.062420129776001,
515,515,1.4613432884216309,
516,516,1.28767728805542,
517,517,1.2790502309799194,
518,518,1.6467043161392212,
519,519,1.4766731262207031,
520,520,1.2660248279571533,
521,521,1.7680015563964844,
522,522,1.3639814853668213,
523,523,1.410341501235962,
524,524,1.5324585437774658,
525,525,1.4346307516098022,
526,526,1.421278476715088,
527,527,1.2149254083633423,
528,528,1.4079647064208984,
529,529,1.1905860900878906,
530,530,1.371988296508789,
531,531,1.352928876876831,
532,532,1.4063611030578613,
533,533,1.3074393272399902,
534,534,1.2637512683868408,
535,535,1.0537420511245728,
536,536,0.9748091697692871,
537,537,1.3115251064300537,
538,538,1.1537604331970215,
539,539,1.1170082092285156,
540,540,1.1391938924789429,
541,541,1.1922152042388916,
542,542,1.321535587310791,
543,543,1.3732919692993164,
544,544,1.3143310546875,
545,545,1.1806628704071045,
546,546,0.9150691032409668,
547,547,1.0773676633834839,
548,548,1.2020010948181152,
549,549,,1.4050730466842651
549,549,1.4050730466842651,
550,550,1.2441095113754272,
551,551,1.0459778308868408,
552,552,1.121668815612793,
553,553,1.13735032081604,
554,554,1.005815029144287,
555,555,1.0513793230056763,
556,556,1.0194652080535889,
557,557,0.9719909429550171,
558,558,0.9736342430114746,
559,559,1.2492094039916992,
560,560,1.0257929563522339,
561,561,0.9485647678375244,
562,562,0.977401852607727,
563,563,0.9364097118377686,
564,564,0.9320515394210815,
565,565,1.0318677425384521,
566,566,0.8960894346237183,
567,567,0.898743212223053,
568,568,0.8921557664871216,
569,569,0.8170653581619263,
570,570,1.1810874938964844,
571,571,0.8778284788131714,
572,572,0.834173321723938,
573,573,1.2845659255981445,
574,574,0.8722333908081055,
575,575,0.9297140836715698,
576,576,1.0626018047332764,
577,577,0.9823669195175171,
578,578,1.0176535844802856,
579,579,0.929911732673645,
580,580,0.8275235295295715,
581,581,0.9546465873718262,
582,582,0.8701865673065186,
583,583,0.7520775198936462,
584,584,0.8070803284645081,
585,585,0.755764901638031,
586,586,0.7722771167755127,
587,587,0.6975523233413696,
588,588,0.9829025268554688,
589,589,0.8199504017829895,
590,590,0.7306666374206543,
591,591,0.7484630346298218,
592,592,0.8481316566467285,
593,593,0.7599698305130005,
594,594,0.7858949899673462,
595,595,1.0468405485153198,
596,596,0.781691312789917,
597,597,0.7762311100959778,
598,598,0.6758620738983154,
599,599,,0.7280147075653076
599,599,0.7280147075653076,
600,600,0.6730560660362244,
601,601,0.7345741391181946,
602,602,0.6883435249328613,
603,603,0.7014858722686768,
604,604,0.688849687576294,
605,605,0.7072631120681763,
606,606,0.8202842473983765,
607,607,0.6767634749412537,
608,608,0.6643544435501099,
609,609,0.7016398906707764,
610,610,0.6337289810180664,
611,611,0.6448238492012024,
612,612,0.6527663469314575,
613,613,0.636593759059906,
614,614,0.7288658618927002,
615,615,0.6989226341247559,
616,616,0.701528787612915,
617,617,0.6735139489173889,
618,618,0.9909152984619141,
619,619,0.6806640625,
620,620,0.7314897179603577,
621,621,0.6743951439857483,
622,622,0.6382822394371033,
623,623,0.7326514720916748,
624,624,0.7088270783424377,
625,625,0.6670063734054565,
626,626,0.662493884563446,
627,627,0.8892879486083984,
628,628,0.7205450534820557,
629,629,0.6571348905563354,
630,630,0.6470738053321838,
631,631,0.7923100590705872,
632,632,0.6661456227302551,
633,633,0.6412918567657471,
634,634,0.6449649333953857,
635,635,0.722402811050415,
636,636,0.6339472532272339,
637,637,0.6441211104393005,
638,638,0.6514717936515808,
639,639,0.6571171283721924,
640,640,0.6332481503486633,
641,641,0.6495792269706726,
642,642,0.6615214347839355,
643,643,0.6232520341873169,
644,644,0.6269315481185913,
645,645,0.6222288012504578,
646,646,0.6533645391464233,
647,647,0.643298864364624,
648,648,0.6416091918945312,
649,649,,0.6598752737045288
649,649,0.6598752737045288,
650,650,0.7681844234466553,
651,651,0.6412224769592285,
652,652,0.6227766871452332,
653,653,0.6207844614982605,
654,654,0.6120463013648987,
655,655,0.5958543419837952,
656,656,0.6516262888908386,
657,657,0.6393380165100098,
658,658,0.5951417684555054,
659,659,0.615050733089447,
660,660,0.6113609075546265,
661,661,0.621171236038208,
662,662,0.5936179757118225,
663,663,0.6367948651313782,
664,664,0.6044149994850159,
665,665,0.6168010234832764,
666,666,0.620680570602417,
667,667,0.6178392767906189,
668,668,0.5879091024398804,
669,669,0.6937881112098694,
670,670,0.6086977124214172,
671,671,0.6206156015396118,
672,672,0.6143808960914612,
673,673,0.5971806645393372,
674,674,0.613941490650177,
675,675,0.5907626152038574,
676,676,0.6075589656829834,
677,677,0.6123857498168945,
678,678,0.5873894691467285,
679,679,0.5909033417701721,
680,680,0.5749678611755371,
681,681,0.6051567196846008,
682,682,0.6088089942932129,
683,683,0.5911610126495361,
684,684,0.6009255647659302,
685,685,0.5811680555343628,
686,686,0.6427044868469238,
687,687,0.6180273294448853,
688,688,0.6079809069633484,
689,689,0.6077747344970703,
690,690,0.6027990579605103,
691,691,0.6034722924232483,
692,692,0.6218500137329102,
693,693,0.6175967454910278,
694,694,0.5737874507904053,
695,695,0.5867028832435608,
696,696,0.587509036064148,
697,697,0.6071568727493286,
698,698,0.5956187844276428,
699,699,,0.6139272451400757
699,699,0.6139272451400757,
700,700,0.5847426056861877,
701,701,0.6096072196960449,
702,702,0.5957278609275818,
703,703,0.6947947144508362,
704,704,0.5894264578819275,
705,705,0.5960290431976318,
706,706,0.6487420797348022,
707,707,0.5920960903167725,
708,708,0.5908527970314026,
709,709,0.5938432216644287,
710,710,0.590587317943573,
711,711,0.6184360980987549,
712,712,0.6105249524116516,
713,713,0.5853039026260376,
714,714,0.6242167353630066,
715,715,0.6080830097198486,
716,716,0.6015471816062927,
717,717,0.5827205777168274,
718,718,0.5965799689292908,
719,719,0.5932801961898804,
720,720,0.5950624346733093,
721,721,0.6002840995788574,
722,722,0.6051569581031799,
723,723,0.5936577916145325,
724,724,0.5990301370620728,
725,725,0.6015519499778748,
726,726,0.5833701491355896,
727,727,0.6071418523788452,
728,728,0.6143506765365601,
729,729,0.5854713320732117,
730,730,0.5931516289710999,
731,731,0.5852779150009155,
732,732,0.6144235134124756,
733,733,0.6092190146446228,
734,734,0.5935109257698059,
735,735,0.5768212676048279,
736,736,0.5707113742828369,
737,737,0.5857625603675842,
738,738,0.6017143726348877,
739,739,0.5946782827377319,
740,740,0.5799806118011475,
741,741,0.6016210913658142,
742,742,0.5805047154426575,
743,743,0.5976213216781616,
744,744,0.5887844562530518,
745,745,0.5888601541519165,
746,746,0.5958865284919739,
747,747,0.590835452079773,
748,748,0.583528995513916,
749,749,,0.5928085446357727
749,749,0.5928085446357727,
750,750,0.5832753777503967,
751,751,0.5782264471054077,
752,752,0.5783075094223022,
753,753,0.5761139988899231,
754,754,0.6097384691238403,
755,755,0.6950234770774841,
756,756,0.5818380117416382,
757,757,0.5901526808738708,
758,758,0.5869805216789246,
759,759,0.6021311283111572,
760,760,0.6118006706237793,
761,761,0.6194359064102173,
762,762,0.6025200486183167,
763,763,0.6213400363922119,
764,764,0.591968297958374,
765,765,0.571209192276001,
766,766,0.5741726160049438,
767,767,0.5858994126319885,
768,768,0.5630254149436951,
769,769,0.5906511545181274,
770,770,0.6042374968528748,
771,771,0.5852780342102051,
772,772,0.5847718715667725,
773,773,0.6102439165115356,
774,774,0.6098799705505371,
775,775,0.568979799747467,
776,776,0.5835545063018799,
777,777,0.6005462408065796,
778,778,0.5729197263717651,
779,779,0.5799434781074524,
780,780,0.6018593311309814,
781,781,0.5940181612968445,
782,782,0.5739976167678833,
783,783,0.5830860733985901,
784,784,0.5918999314308167,
785,785,0.6207551956176758,
786,786,0.5796670913696289,
787,787,0.592284083366394,
788,788,0.5829150676727295,
789,789,0.5813761353492737,
790,790,0.5733711123466492,
791,791,0.5796190500259399,
792,792,0.5796583294868469,
793,793,0.6065844297409058,
794,794,0.5853244066238403,
795,795,0.5748626589775085,
796,796,0.5820727348327637,
797,797,0.5827743411064148,
798,798,0.6044216752052307,
799,799,,0.5858946442604065
799,799,0.5858946442604065,
800,800,0.567051887512207,
801,801,0.5894280076026917,
802,802,0.5954140424728394,
803,803,0.5668700337409973,
804,804,0.6046041250228882,
805,805,0.5772523880004883,
806,806,0.5705217123031616,
807,807,0.5813406109809875,
808,808,0.5521602630615234,
809,809,0.5767139196395874,
810,810,0.5568192005157471,
811,811,0.5607942938804626,
812,812,0.5730603337287903,
813,813,0.5549643039703369,
814,814,0.5629528164863586,
815,815,0.5709456205368042,
816,816,0.5798904299736023,
817,817,0.5590786337852478,
818,818,0.5718594193458557,
819,819,0.5618575811386108,
820,820,0.6030248999595642,
821,821,0.5779306888580322,
822,822,0.5877768397331238,
823,823,0.5644598603248596,
824,824,0.5829134583473206,
825,825,0.5471137762069702,
826,826,0.5595310926437378,
827,827,0.5655848383903503,
828,828,0.5921809673309326,
829,829,0.5825909376144409,
830,830,0.5571021437644958,
831,831,0.5881425738334656,
832,832,0.5770366191864014,
833,833,0.5698803663253784,
834,834,0.5660865902900696,
835,835,0.5746796131134033,
836,836,0.582885205745697,
837,837,0.5697354078292847,
838,838,0.562474250793457,
839,839,0.5530192255973816,
840,840,0.5644980072975159,
841,841,0.5505378842353821,
842,842,0.5649985074996948,
843,843,0.5813062191009521,
844,844,0.5504337549209595,
845,845,0.5952957272529602,
846,846,0.5638008713722229,
847,847,0.5714506506919861,
848,848,0.5690561532974243,
849,849,,0.5617881417274475
849,849,0.5617881417274475,
850,850,0.5687588453292847,
851,851,0.5768135190010071,
852,852,0.5701500177383423,
853,853,0.5695899724960327,
854,854,0.5755525231361389,
855,855,0.578845739364624,
856,856,0.5618755221366882,
857,857,0.574627161026001,
858,858,0.5668471455574036,
859,859,0.5809780359268188,
860,860,0.5644990801811218,
861,861,0.5748733282089233,
862,862,0.561344563961029,
863,863,0.5621148347854614,
864,864,0.5603916049003601,
865,865,2.8919858932495117,
866,866,0.5749523639678955,
867,867,0.5873357653617859,
868,868,0.5766660571098328,
869,869,0.6008313298225403,
870,870,0.5765569806098938,
871,871,0.5834113359451294,
872,872,0.5558214783668518,
873,873,0.5950777530670166,
874,874,0.5841439962387085,
875,875,0.61194908618927,
876,876,0.5700640082359314,
877,877,0.5617830157279968,
878,878,0.5693873167037964,
879,879,0.5689119696617126,
880,880,0.5950216054916382,
881,881,0.6099912524223328,
882,882,0.552795946598053,
883,883,0.5525221228599548,
884,884,0.5473059415817261,
885,885,1.2016735076904297,
886,886,0.564181923866272,
887,887,0.6453520059585571,
888,888,0.628021240234375,
889,889,0.6599917411804199,
890,890,0.7085863351821899,
891,891,0.6517127752304077,
892,892,0.641687273979187,
893,893,0.604363739490509,
894,894,0.5820466876029968,
895,895,0.6037651896476746,
896,896,0.5681271553039551,
897,897,0.5560619235038757,
898,898,0.5893221497535706,
899,899,,0.5824739336967468
899,899,0.5824739336967468,
900,900,0.5555389523506165,
901,901,0.6406100392341614,
902,902,0.5590521097183228,
903,903,0.5768414735794067,
904,904,0.647662341594696,
905,905,0.6384294033050537,
906,906,0.5866184830665588,
907,907,0.6069873571395874,
908,908,0.6267058253288269,
909,909,0.564914882183075,
910,910,0.5789843201637268,
911,911,0.581921398639679,
912,912,0.5892149209976196,
913,913,0.5781823396682739,
914,914,0.6014389991760254,
915,915,0.5629636645317078,
916,916,0.5720093250274658,
917,917,0.6069123148918152,
918,918,0.573252260684967,
919,919,0.574959397315979,
920,920,0.5660229921340942,
921,921,0.5609090924263,
922,922,0.5663526058197021,
923,923,0.5740302205085754,
924,924,0.5637533068656921,
925,925,0.5300047397613525,
926,926,0.5541024804115295,
927,927,0.5661561489105225,
928,928,0.5581915378570557,
929,929,0.5611977577209473,
930,930,0.6200748682022095,
931,931,0.6006468534469604,
932,932,0.563685417175293,
933,933,0.9736161231994629,
934,934,0.5775926113128662,
935,935,0.6489285826683044,
936,936,0.7039608359336853,
937,937,0.7651662826538086,
938,938,0.707632839679718,
939,939,0.6758744716644287,
940,940,0.5786836743354797,
941,941,0.606919527053833,
942,942,0.5761103630065918,
943,943,0.5958890318870544,
944,944,0.5748159289360046,
945,945,0.9753901362419128,
946,946,0.5818803310394287,
947,947,0.6125353574752808,
948,948,0.6432838439941406,
949,949,,0.6287369728088379
949,949,0.6287369728088379,
950,950,0.6345594525337219,
951,951,0.5729960799217224,
952,952,0.5612807869911194,
953,953,0.5796038508415222,
954,954,0.6635937690734863,
955,955,0.5573453307151794,
956,956,0.5614573955535889,
957,957,0.5940647125244141,
958,958,0.5570866465568542,
959,959,0.568932056427002,
960,960,0.5674208998680115,
961,961,0.612349271774292,
962,962,0.5772452354431152,
963,963,0.5681709051132202,
964,964,0.6317082643508911,
965,965,0.5490143299102783,
966,966,0.5339156985282898,
967,967,0.5397199988365173,
968,968,0.5667064785957336,
969,969,0.6278790235519409,
970,970,0.5545561909675598,
971,971,0.5639617443084717,
972,972,0.569568395614624,
973,973,0.58701092004776,
974,974,0.5659521818161011,
975,975,0.5631528496742249,
976,976,0.5460169315338135,
977,977,0.5440696477890015,
978,978,0.567150354385376,
979,979,0.5509408116340637,
980,980,0.5569184422492981,
981,981,0.523444414138794,
982,982,0.5612742900848389,
983,983,0.5615587830543518,
984,984,0.563118577003479,
985,985,0.568636953830719,
986,986,0.5401706099510193,
987,987,0.5765873789787292,
988,988,0.5485258102416992,
989,989,0.5672292709350586,
990,990,0.5719437599182129,
991,991,0.553922176361084,
992,992,0.5751726031303406,
993,993,0.5543037056922913,
994,994,0.5635619163513184,
995,995,0.608565092086792,
996,996,0.5567551255226135,
997,997,0.5664854645729065,
998,998,0.5647198557853699,
999,999,,0.5573899745941162
999,999,0.5573899745941162,
1000,1000,0.5489280223846436,
1001,1001,0.5644338726997375,
1002,1002,0.565194845199585,
1003,1003,0.573197066783905,
1004,1004,0.5631189346313477,
1005,1005,0.5845561027526855,
1006,1006,0.5487244129180908,
1007,1007,0.5368075370788574,
1008,1008,0.5651493072509766,
1009,1009,0.5498991012573242,
1010,1010,0.5396649241447449,
1011,1011,0.5584678649902344,
1012,1012,0.5439406633377075,
1013,1013,0.5405877232551575,
1014,1014,0.5407810211181641,
1015,1015,0.5682182908058167,
1016,1016,0.543013334274292,
1017,1017,0.555747389793396,
1018,1018,0.5340418815612793,
1019,1019,0.5723243951797485,
1020,1020,0.55531245470047,
1021,1021,0.5261868238449097,
1022,1022,0.5460201501846313,
1023,1023,0.5425330400466919,
1024,1024,0.561343252658844,
1025,1025,0.5573266744613647,
1026,1026,0.5580729246139526,
1027,1027,0.5478672981262207,
1028,1028,0.5459179878234863,
1029,1029,0.551384449005127,
1030,1030,0.5728281736373901,
1031,1031,0.5412168502807617,
1032,1032,0.5487775802612305,
1033,1033,0.5563611388206482,
1034,1034,0.5577220320701599,
1035,1035,0.5442121028900146,
1036,1036,0.5384706258773804,
1037,1037,0.5522999167442322,
1038,1038,0.5700374841690063,
1039,1039,0.5605002045631409,
1040,1040,0.5561001896858215,
1041,1041,0.5422416925430298,
1042,1042,0.5289892554283142,
1043,1043,0.5539100170135498,
1044,1044,0.5399366617202759,
1045,1045,0.542159914970398,
1046,1046,0.5200046896934509,
1047,1047,0.5533838868141174,
1048,1048,0.565170168876648,
1049,1049,,0.5382636785507202
1049,1049,0.5382636785507202,
1050,1050,0.5520491003990173,
1051,1051,0.5435826778411865,
1052,1052,0.5474827289581299,
1053,1053,0.5513798594474792,
1054,1054,0.5425639152526855,
1055,1055,0.5547865033149719,
1056,1056,0.5517547130584717,
1057,1057,0.5443477034568787,
1058,1058,0.5331174731254578,
1059,1059,0.537067174911499,
1060,1060,0.537368655204773,
1061,1061,0.5407781600952148,
1062,1062,0.5650776624679565,
1063,1063,0.5305907130241394,
1064,1064,0.5345974564552307,
1065,1065,0.5493087768554688,
1066,1066,0.5563720464706421,
1067,1067,0.5395491123199463,
1068,1068,0.5457582473754883,
1069,1069,0.5406291484832764,
1070,1070,0.5503214001655579,
1071,1071,0.5453721284866333,
1072,1072,0.5564992427825928,
1073,1073,0.5446211695671082,
1074,1074,0.5464069247245789,
1075,1075,0.5359756946563721,
1076,1076,0.5403429269790649,
1077,1077,0.5303114652633667,
1078,1078,0.5316688418388367,
1079,1079,0.5463133454322815,
1080,1080,0.5657786130905151,
1081,1081,0.5302053093910217,
1082,1082,0.5416702032089233,
1083,1083,0.5292069911956787,
1084,1084,0.5478143095970154,
1085,1085,0.5577793717384338,
1086,1086,0.5490886569023132,
1087,1087,0.5431679487228394,
1088,1088,0.5416465401649475,
1089,1089,0.5287906527519226,
1090,1090,0.5432040095329285,
1091,1091,0.5377469062805176,
1092,1092,0.5299570560455322,
1093,1093,0.5294240713119507,
1094,1094,0.5184200406074524,
1095,1095,0.566457986831665,
1096,1096,0.5365420579910278,
1097,1097,0.5411873459815979,
1098,1098,0.5185717940330505,
1099,1099,,0.543851912021637
1099,1099,0.543851912021637,
1100,1100,0.5491150617599487,
1101,1101,0.5565640330314636,
1102,1102,0.5410698056221008,
1103,1103,0.5387645363807678,
1104,1104,0.5408517122268677,
1105,1105,0.5512799620628357,
1106,1106,0.5411337614059448,
1107,1107,0.5412656664848328,
1108,1108,0.5544421672821045,
1109,1109,0.5354673266410828,
1110,1110,0.5344002842903137,
1111,1111,0.5687447190284729,
1112,1112,0.5392416715621948,
1113,1113,0.5410910844802856,
1114,1114,0.5713649392127991,
1115,1115,0.5441780686378479,
1116,1116,0.5384232401847839,
1117,1117,0.5251184105873108,
1118,1118,0.5341343879699707,
1119,1119,0.5571455955505371,
1120,1120,0.5448572039604187,
1121,1121,0.5341055989265442,
1122,1122,0.5450244545936584,
1123,1123,0.5332863926887512,
1124,1124,0.5349903106689453,
1125,1125,0.5441539287567139,
1126,1126,0.5229219794273376,
1127,1127,0.5496910214424133,
1128,1128,0.5212514996528625,
1129,1129,0.5444489121437073,
1130,1130,0.5296748876571655,
1131,1131,0.5559395551681519,
1132,1132,0.5354217886924744,
1133,1133,0.5338593125343323,
1134,1134,0.5411986708641052,
1135,1135,0.5154855847358704,
1136,1136,0.5385923385620117,
1137,1137,0.5289415717124939,
1138,1138,0.5119474530220032,
1139,1139,0.5237221121788025,
1140,1140,0.5388104915618896,
1141,1141,0.5344126224517822,
1142,1142,0.5313228368759155,
1143,1143,0.526999831199646,
1144,1144,0.5403978824615479,
1145,1145,0.5408290028572083,
1146,1146,0.5386545062065125,
1147,1147,0.5396314263343811,
1148,1148,0.5387577414512634,
1149,1149,,0.53850919008255
1149,1149,0.53850919008255,
1150,1150,0.5348400473594666,
1151,1151,0.5372681617736816,
1152,1152,0.533282458782196,
1153,1153,0.5399456024169922,
1154,1154,0.5367589592933655,
1155,1155,0.5415087342262268,
1156,1156,0.5156764388084412,
1157,1157,0.534961462020874,
1158,1158,0.5237405896186829,
1159,1159,0.5330328941345215,
1160,1160,0.5287737250328064,
1161,1161,0.530773937702179,
1162,1162,0.5300779938697815,
1163,1163,0.5380295515060425,
1164,1164,0.5446847677230835,
1165,1165,0.5511572360992432,
1166,1166,0.5326952934265137,
1167,1167,0.5360404253005981,
1168,1168,0.5478432178497314,
1169,1169,0.5440952181816101,
1170,1170,0.5463281273841858,
1171,1171,0.520855188369751,
1172,1172,0.5346923470497131,
1173,1173,0.5400899052619934,
1174,1174,0.5376851558685303,
1175,1175,0.5414167046546936,
1176,1176,0.5326993465423584,
1177,1177,0.510784924030304,
1178,1178,0.5345604419708252,
1179,1179,0.5254438519477844,
1180,1180,0.5352423787117004,
1181,1181,0.5296587347984314,
1182,1182,0.5439855456352234,
1183,1183,0.5211130976676941,
1184,1184,0.5305072665214539,
1185,1185,0.5068853497505188,
1186,1186,0.5276328921318054,
1187,1187,0.5298570394515991,
1188,1188,0.5269986987113953,
1189,1189,0.5325925946235657,
1190,1190,0.5382212996482849,
1191,1191,0.5226994156837463,
1192,1192,0.5485756397247314,
1193,1193,0.5488618612289429,
1194,1194,0.5321560502052307,
1195,1195,0.5299532413482666,
1196,1196,0.5315130949020386,
1197,1197,0.5214351415634155,
1198,1198,0.5270185470581055,
1199,1199,,0.5411831140518188
1199,1199,0.5411831140518188,
1200,1200,0.5292738080024719,
1201,1201,0.5450159907341003,
1202,1202,0.5356976985931396,
1203,1203,0.5025374293327332,
1204,1204,0.5176990032196045,
1205,1205,0.523617684841156,
1206,1206,0.5327129364013672,
1207,1207,0.5376287698745728,
1208,1208,0.5416606068611145,
1209,1209,0.5312767028808594,
1210,1210,0.5362581014633179,
1211,1211,0.5336787104606628,
1212,1212,0.5436233282089233,
1213,1213,0.5409849882125854,
1214,1214,0.5365309715270996,
1215,1215,0.5323753952980042,
1216,1216,0.5292089581489563,
1217,1217,0.518149733543396,
1218,1218,0.5276364684104919,
1219,1219,0.5335187315940857,
1220,1220,0.5267043113708496,
1221,1221,0.5330269932746887,
1222,1222,0.5334069728851318,
1223,1223,0.5359228849411011,
1224,1224,0.5281464457511902,
1225,1225,0.5300698280334473,
1226,1226,0.544808566570282,
1227,1227,0.5374988913536072,
1228,1228,0.5352262854576111,
1229,1229,0.5492556691169739,
1230,1230,0.5208839774131775,
1231,1231,0.5239729285240173,
1232,1232,0.5327989459037781,
1233,1233,0.5238049030303955,
1234,1234,0.534896731376648,
1235,1235,0.5485954284667969,
1236,1236,0.5146623253822327,
1237,1237,0.5250545144081116,
1238,1238,0.5144742131233215,
1239,1239,0.5262225270271301,
1240,1240,0.5316303968429565,
1241,1241,0.5370495319366455,
1242,1242,0.5302204489707947,
1243,1243,0.5317972898483276,
1244,1244,0.5348172783851624,
1245,1245,0.5401394367218018,
1246,1246,0.5119227766990662,
1247,1247,0.542272686958313,
1248,1248,0.5277336239814758,
1249,1249,,0.5390447378158569
1249,1249,0.5390447378158569,
1250,1250,0.5293877124786377,
1251,1251,0.5334206223487854,
1252,1252,0.5357511639595032,
1253,1253,0.5121975541114807,
1254,1254,0.5199813842773438,
1255,1255,0.5339580178260803,
1256,1256,0.5348749160766602,
1257,1257,0.5236110091209412,
1258,1258,0.5256533026695251,
1259,1259,0.5303774476051331,
1260,1260,0.4898344874382019,
1261,1261,0.5345742702484131,
1262,1262,0.5281562805175781,
1263,1263,0.52471923828125,
1264,1264,0.5184355974197388,
1265,1265,0.5358707904815674,
1266,1266,0.5255369544029236,
1267,1267,0.5174347162246704,
1268,1268,0.5268822312355042,
1269,1269,0.526953935623169,
1270,1270,0.5265003442764282,
1271,1271,0.53339684009552,
1272,1272,0.5293540954589844,
1273,1273,0.5394936800003052,
1274,1274,0.5170763731002808,
1275,1275,0.5254941582679749,
1276,1276,0.5377640128135681,
1277,1277,0.5415957570075989,
1278,1278,0.5265249013900757,
1279,1279,0.5297403335571289,
1280,1280,0.5105812549591064,
1281,1281,0.527126133441925,
1282,1282,0.5233798623085022,
1283,1283,0.5146133303642273,
1284,1284,0.5003689527511597,
1285,1285,0.5167945027351379,
1286,1286,0.5300793051719666,
1287,1287,0.5295619368553162,
1288,1288,0.5164816975593567,
1289,1289,0.5182724595069885,
1290,1290,0.5271522402763367,
1291,1291,0.5303398966789246,
1292,1292,0.5249894857406616,
1293,1293,0.5083143711090088,
1294,1294,0.5333636403083801,
1295,1295,0.5377122759819031,
1296,1296,0.5319810509681702,
1297,1297,0.5261138081550598,
1298,1298,0.5218695998191833,
1299,1299,,0.5425107479095459
1299,1299,0.5425107479095459,
1300,1300,0.5278859734535217,
1301,1301,0.5257523655891418,
1302,1302,0.49563437700271606,
1303,1303,0.5195496678352356,
1304,1304,0.5208231806755066,
1305,1305,0.5261005163192749,
1306,1306,0.5441719889640808,
1307,1307,0.5248059034347534,
1308,1308,0.5273227095603943,
1309,1309,0.5286226272583008,
1310,1310,0.5256310701370239,
1311,1311,0.5202856659889221,
1312,1312,0.5084326267242432,
1313,1313,0.512555718421936,
1314,1314,0.5110380053520203,
1315,1315,0.5254744291305542,
1316,1316,0.5242131352424622,
1317,1317,0.5272752046585083,
1318,1318,0.5276777744293213,
1319,1319,0.513805091381073,
1320,1320,0.5200813412666321,
1321,1321,0.5268090963363647,
1322,1322,0.5226842761039734,
1323,1323,0.5086250901222229,
1324,1324,0.5320368409156799,
1325,1325,0.5150483846664429,
1326,1326,0.5225303769111633,
1327,1327,0.5211620330810547,
1328,1328,0.5171797871589661,
1329,1329,0.5237298011779785,
1330,1330,0.5211275815963745,
1331,1331,0.5266945958137512,
1332,1332,0.5030729174613953,
1333,1333,0.5248152613639832,
1334,1334,0.5376551151275635,
1335,1335,0.5252507925033569,
1336,1336,0.529484212398529,
1337,1337,0.5225237011909485,
1338,1338,0.5243667960166931,
1339,1339,0.5195642113685608,
1340,1340,0.5085291266441345,
1341,1341,0.5067234039306641,
1342,1342,0.5243276357650757,
1343,1343,0.5064741373062134,
1344,1344,0.5353993773460388,
1345,1345,0.5267153382301331,
1346,1346,0.5177268981933594,
1347,1347,0.5198279023170471,
1348,1348,0.5266116261482239,
1349,1349,,0.5270117521286011
1349,1349,0.5270117521286011,
1350,1350,0.55388343334198,
1351,1351,0.5218793153762817,
1352,1352,0.5209711194038391,
1353,1353,0.5504858493804932,
1354,1354,0.5145329236984253,
1355,1355,0.513661801815033,
1356,1356,0.516172468662262,
1357,1357,0.5221241116523743,
1358,1358,0.5323559045791626,
1359,1359,0.5238512754440308,
1360,1360,0.5231046676635742,
1361,1361,0.5177714228630066,
1362,1362,0.5195565223693848,
1363,1363,0.5112048387527466,
1364,1364,0.5161800384521484,
1365,1365,0.5340546369552612,
1366,1366,0.5473425388336182,
1367,1367,0.5232388973236084,
1368,1368,0.5158361196517944,
1369,1369,0.5232231616973877,
1370,1370,0.5199505090713501,
1371,1371,0.5156956911087036,
1372,1372,0.5042106509208679,
1373,1373,0.523070752620697,
1374,1374,0.5254231691360474,
1375,1375,0.5324848294258118,
1376,1376,0.5191783905029297,
1377,1377,0.5379456877708435,
1378,1378,0.504596471786499,
1379,1379,0.5238479375839233,
1380,1380,0.5107536315917969,
1381,1381,0.511134684085846,
1382,1382,0.4889127314090729,
1383,1383,0.5103445649147034,
1384,1384,0.5211475491523743,
1385,1385,0.5082007050514221,
1386,1386,0.5620803833007812,
1387,1387,0.5239049196243286,
1388,1388,0.5397983193397522,
1389,1389,0.5146372318267822,
1390,1390,0.5195810198783875,
1391,1391,0.5254571437835693,
1392,1392,0.5069122314453125,
1393,1393,0.5196828246116638,
1394,1394,0.509045422077179,
1395,1395,0.5122297406196594,
1396,1396,0.5106590390205383,
1397,1397,0.502743124961853,
1398,1398,0.5154368281364441,
1399,1399,,0.5326352119445801
1399,1399,0.5326352119445801,
1400,1400,0.5150423645973206,
1401,1401,0.5098118782043457,
1402,1402,0.5172158479690552,
1403,1403,0.5274845361709595,
1404,1404,0.5226020216941833,
1405,1405,0.5278521776199341,
1406,1406,0.517853319644928,
1407,1407,0.5106703639030457,
1408,1408,0.5079545974731445,
1409,1409,0.5210859179496765,
1410,1410,0.5129928588867188,
1411,1411,0.5185532569885254,
1412,1412,0.5047906637191772,
1413,1413,0.5139155983924866,
1414,1414,0.5150019526481628,
1415,1415,0.5192132592201233,
1416,1416,0.5062305331230164,
1417,1417,0.5181221961975098,
1418,1418,0.49306777119636536,
1419,1419,0.5062717199325562,
1420,1420,0.5212283134460449,
1421,1421,0.5153799057006836,
1422,1422,0.5278078317642212,
1423,1423,0.526354193687439,
1424,1424,0.5050253868103027,
1425,1425,0.509273111820221,
1426,1426,0.5138768553733826,
1427,1427,0.5228078365325928,
1428,1428,0.5177450180053711,
1429,1429,0.5125284194946289,
1430,1430,0.5014784932136536,
1431,1431,0.5196146368980408,
1432,1432,0.5182161331176758,
1433,1433,0.5076411962509155,
1434,1434,0.49454131722450256,
1435,1435,0.5124549865722656,
1436,1436,0.5066531896591187,
1437,1437,0.5064584612846375,
1438,1438,0.5330960154533386,
1439,1439,0.5161101222038269,
1440,1440,0.5154272317886353,
1441,1441,0.5044918656349182,
1442,1442,0.5003607273101807,
1443,1443,0.5130269527435303,
1444,1444,0.5169669985771179,
1445,1445,0.5131873488426208,
1446,1446,0.5137252807617188,
1447,1447,0.5163248777389526,
1448,1448,0.5080845355987549,
1449,1449,,0.5169193744659424
1449,1449,0.5169193744659424,
1450,1450,0.5291644334793091,
1451,1451,0.5275343060493469,
1452,1452,0.5197462439537048,
1453,1453,0.5084243416786194,
1454,1454,0.5126648545265198,
1455,1455,0.4897952973842621,
1456,1456,0.5107190012931824,
1457,1457,0.5188025236129761,
1458,1458,0.4885145127773285,
1459,1459,0.5306030511856079,
1460,1460,0.5172536373138428,
1461,1461,0.5116859078407288,
1462,1462,0.5007535815238953,
1463,1463,0.5069324374198914,
1464,1464,0.49609458446502686,
1465,1465,0.512519121170044,
1466,1466,0.5285772085189819,
1467,1467,0.5063052177429199,
1468,1468,0.512880265712738,
1469,1469,0.5121136903762817,
1470,1470,0.5114536881446838,
1471,1471,0.514907956123352,
1472,1472,0.5088650584220886,
1473,1473,0.5076716542243958,
1474,1474,0.5162985920906067,
1475,1475,0.49873143434524536,
1476,1476,0.52955561876297,
1477,1477,0.5012100338935852,
1478,1478,0.5289835333824158,
1479,1479,0.5048025250434875,
1480,1480,0.5200523734092712,
1481,1481,0.4851505160331726,
1482,1482,0.49976328015327454,
1483,1483,0.5112829804420471,
1484,1484,0.5175831317901611,
1485,1485,0.5249704122543335,
1486,1486,0.5124416351318359,
1487,1487,0.5081358551979065,
1488,1488,0.507649838924408,
1489,1489,0.5046430230140686,
1490,1490,0.5138236284255981,
1491,1491,0.5231773853302002,
1492,1492,0.5148285627365112,
1493,1493,0.5314272046089172,
1494,1494,0.5076231956481934,
1495,1495,0.5226864218711853,
1496,1496,0.5076391100883484,
1497,1497,0.5210385322570801,
1498,1498,0.5101580023765564,
1499,1499,,0.5132366418838501
1499,1499,0.5132366418838501,
1500,1500,0.5185902118682861,
1501,1501,0.5092241168022156,
1502,1502,0.49033811688423157,
1503,1503,0.5115931630134583,
1504,1504,0.5163512825965881,
1505,1505,0.5033242702484131,
1506,1506,0.5117771029472351,
1507,1507,0.5082053542137146,
1508,1508,0.5069106221199036,
1509,1509,0.5071910619735718,
1510,1510,0.49138617515563965,
1511,1511,0.5023652911186218,
1512,1512,0.5148123502731323,
1513,1513,0.5137735605239868,
1514,1514,0.5117537975311279,
1515,1515,0.5185467600822449,
1516,1516,0.46549102663993835,
1517,1517,0.5123257040977478,
1518,1518,0.4999692440032959,
1519,1519,0.5087147355079651,
1520,1520,0.5181742906570435,
1521,1521,0.5091567039489746,
1522,1522,0.517803430557251,
1523,1523,0.513695240020752,
1524,1524,0.5350196361541748,
1525,1525,0.514859139919281,
1526,1526,0.5106778740882874,
1527,1527,0.5090614557266235,
1528,1528,0.5092715620994568,
1529,1529,0.521424412727356,
1530,1530,0.505178689956665,
1531,1531,0.5155412554740906,
1532,1532,0.49374112486839294,
1533,1533,0.49600863456726074,
1534,1534,0.50862056016922,
1535,1535,0.5084619522094727,
1536,1536,0.5082031488418579,
1537,1537,0.517561674118042,
1538,1538,0.497672438621521,
1539,1539,0.5199251174926758,
1540,1540,0.5154180526733398,
1541,1541,0.509143590927124,
1542,1542,0.5099765062332153,
1543,1543,0.5011383891105652,
1544,1544,0.5114038586616516,
1545,1545,0.5070472955703735,
1546,1546,0.5119650363922119,
1547,1547,0.5382804274559021,
1548,1548,0.5013963580131531,
1549,1549,,0.5000638961791992
1549,1549,0.5000638961791992,
1550,1550,0.49903494119644165,
1551,1551,0.509523868560791,
1552,1552,0.4958418309688568,
1553,1553,0.49476200342178345,
1554,1554,0.5083160400390625,
1555,1555,0.5029624104499817,
1556,1556,0.5177121758460999,
1557,1557,0.49104222655296326,
1558,1558,0.5115941166877747,
1559,1559,0.5042898058891296,
1560,1560,0.5118914842605591,
1561,1561,0.5131158232688904,
1562,1562,0.5057703256607056,
1563,1563,0.4933028817176819,
1564,1564,0.4985615611076355,
1565,1565,0.5091318488121033,
1566,1566,0.4891836643218994,
1567,1567,0.5015542507171631,
1568,1568,0.4986051321029663,
1569,1569,0.5002836585044861,
1570,1570,0.5227126479148865,
1571,1571,0.5165508985519409,
1572,1572,0.5062429904937744,
1573,1573,0.505000650882721,
1574,1574,0.5067474842071533,
1575,1575,0.5063079595565796,
1576,1576,0.4896111488342285,
1577,1577,0.5039286017417908,
1578,1578,0.4871442914009094,
1579,1579,0.5010592341423035,
1580,1580,0.5004870891571045,
1581,1581,0.5177530646324158,
1582,1582,0.5037329196929932,
1583,1583,0.5104606747627258,
1584,1584,0.5162599682807922,
1585,1585,0.5140241980552673,
1586,1586,0.49017101526260376,
1587,1587,0.4992575943470001,
1588,1588,0.503063440322876,
1589,1589,0.5096563696861267,
1590,1590,0.5229170918464661,
1591,1591,0.5071061253547668,
1592,1592,0.5005791783332825,
1593,1593,0.4936171770095825,
1594,1594,0.48967206478118896,
1595,1595,0.5038195848464966,
1596,1596,0.5054613947868347,
1597,1597,0.4931737780570984,
1598,1598,0.5072103142738342,
1599,1599,,0.5019901990890503
1599,1599,0.5019901990890503,
1600,1600,0.5291082859039307,
1601,1601,0.5057449340820312,
1602,1602,0.4967499077320099,
1603,1603,0.5039789080619812,
1604,1604,0.4893523156642914,
1605,1605,0.49226441979408264,
1606,1606,0.5011793971061707,
1607,1607,0.4995436370372772,
1608,1608,0.502525269985199,
1609,1609,0.5079522132873535,
1610,1610,0.5191164016723633,
1611,1611,0.5218684673309326,
1612,1612,0.5092954635620117,
1613,1613,0.5020173192024231,
1614,1614,0.5042127370834351,
1615,1615,0.5054328441619873,
1616,1616,0.5062127113342285,
1617,1617,0.5066985487937927,
1618,1618,0.5085618495941162,
1619,1619,0.5100288391113281,
1620,1620,0.5021979212760925,
1621,1621,0.5059040188789368,
1622,1622,0.5376640558242798,
1623,1623,0.4996379017829895,
1624,1624,0.49928584694862366,
1625,1625,0.5180224776268005,
1626,1626,0.5032528042793274,
1627,1627,0.5073161721229553,
1628,1628,0.5128236413002014,
1629,1629,0.4965038299560547,
1630,1630,0.4938851594924927,
1631,1631,0.4899646043777466,
1632,1632,0.4984745681285858,
1633,1633,0.4963296353816986,
1634,1634,0.5040447115898132,
1635,1635,0.5186384320259094,
1636,1636,0.4962546229362488,
1637,1637,0.5102862119674683,
1638,1638,0.5291435718536377,
1639,1639,0.5120276212692261,
1640,1640,0.5017832517623901,
1641,1641,0.49315693974494934,
1642,1642,0.5009343028068542,
1643,1643,0.5084648132324219,
1644,1644,0.4974519610404968,
1645,1645,0.4932008683681488,
1646,1646,0.509048342704773,
1647,1647,0.5009094476699829,
1648,1648,0.5119156241416931,
1649,1649,,0.48521509766578674
1649,1649,0.48521509766578674,
1650,1650,0.4987747371196747,
1651,1651,0.4970347285270691,
1652,1652,0.5134179592132568,
1653,1653,0.4880253076553345,
1654,1654,0.49269282817840576,
1655,1655,0.49056726694107056,
1656,1656,0.49803629517555237,
1657,1657,0.49724888801574707,
1658,1658,0.4957088530063629,
1659,1659,0.5171001553535461,
1660,1660,0.500291645526886,
1661,1661,0.5113670825958252,
1662,1662,0.5061411261558533,
1663,1663,0.5018214583396912,
1664,1664,0.5058985352516174,
1665,1665,0.49214890599250793,
1666,1666,0.4949038624763489,
1667,1667,0.4928787648677826,
1668,1668,0.4971059560775757,
1669,1669,0.48465147614479065,
1670,1670,0.4880337715148926,
1671,1671,0.5037369132041931,
1672,1672,0.4976019859313965,
1673,1673,0.48189017176628113,
1674,1674,0.5020801424980164,
1675,1675,0.49721646308898926,
1676,1676,0.5001742839813232,
1677,1677,0.5008575916290283,
1678,1678,0.5010988712310791,
1679,1679,0.504274308681488,
1680,1680,0.503484308719635,
1681,1681,0.4959838092327118,
1682,1682,0.4986061155796051,
1683,1683,0.4856097400188446,
1684,1684,0.5081844925880432,
1685,1685,0.48885640501976013,
1686,1686,0.4775635004043579,
1687,1687,0.5017260313034058,
1688,1688,0.4986341595649719,
1689,1689,0.48073092103004456,
1690,1690,0.502011239528656,
1691,1691,0.49359288811683655,
1692,1692,0.477924108505249,
1693,1693,0.5149098038673401,
1694,1694,0.5090352296829224,
1695,1695,0.4862386882305145,
1696,1696,0.49447277188301086,
1697,1697,0.4945480227470398,
1698,1698,0.4953874349594116,
1699,1699,,0.49881064891815186
1699,1699,0.49881064891815186,
1700,1700,0.4963800609111786,
1701,1701,0.512958824634552,
1702,1702,0.4978775382041931,
1703,1703,0.49370354413986206,
1704,1704,0.4840511977672577,
1705,1705,0.49230796098709106,
1706,1706,0.5060886740684509,
1707,1707,0.4933217763900757,
1708,1708,0.4980981647968292,
1709,1709,0.5178731083869934,
1710,1710,0.499867707490921,
1711,1711,0.5024502277374268,
1712,1712,0.51413494348526,
1713,1713,0.5015287399291992,
1714,1714,0.5045351386070251,
1715,1715,0.5031337738037109,
1716,1716,0.49976247549057007,
1717,1717,0.4984811246395111,
1718,1718,0.49788177013397217,
1719,1719,0.4943479001522064,
1720,1720,0.4837680160999298,
1721,1721,0.48499348759651184,
1722,1722,0.4956788718700409,
1723,1723,0.48284095525741577,
1724,1724,0.49664270877838135,
1725,1725,0.5011501908302307,
1726,1726,0.4849855303764343,
1727,1727,0.5159347653388977,
1728,1728,0.49412909150123596,
1729,1729,0.48007524013519287,
1730,1730,0.4919271171092987,
1731,1731,0.46828779578208923,
1732,1732,0.48569196462631226,
1733,1733,0.49156346917152405,
1734,1734,0.5094118714332581,
1735,1735,0.4941222369670868,
1736,1736,0.49937939643859863,
1737,1737,0.47547581791877747,
1738,1738,0.4890601933002472,
1739,1739,0.4920910894870758,
1740,1740,0.4959672689437866,
1741,1741,0.49966704845428467,
1742,1742,0.4910556674003601,
1743,1743,0.4818078875541687,
1744,1744,0.47709766030311584,
1745,1745,0.4884340763092041,
1746,1746,0.49695339798927307,
1747,1747,0.49722158908843994,
1748,1748,0.4991079270839691,
1749,1749,,0.4941968619823456
1749,1749,0.4941968619823456,
1750,1750,0.4872422516345978,
1751,1751,0.4810701310634613,
1752,1752,0.5148900747299194,
1753,1753,0.49210935831069946,
1754,1754,0.5026901960372925,
1755,1755,0.4819977879524231,
1756,1756,0.4961618483066559,
1757,1757,0.4902888238430023,
1758,1758,0.49277985095977783,
1759,1759,0.5029212236404419,
1760,1760,0.5023075938224792,
1761,1761,0.4892005920410156,
1762,1762,0.4864599406719208,
1763,1763,0.49584344029426575,
1764,1764,0.5028041005134583,
1765,1765,0.49386462569236755,
1766,1766,0.4887749254703522,
1767,1767,0.4865925908088684,
1768,1768,0.4939274787902832,
1769,1769,0.5031053423881531,
1770,1770,0.49885183572769165,
1771,1771,0.48521965742111206,
1772,1772,0.4915643632411957,
1773,1773,0.46188294887542725,
1774,1774,0.4839082658290863,
1775,1775,0.4914530813694,
1776,1776,0.48913025856018066,
1777,1777,0.4804309904575348,
1778,1778,0.5000459551811218,
1779,1779,0.4835893511772156,
1780,1780,0.48704323172569275,
1781,1781,0.48822876811027527,
1782,1782,0.4989151954650879,
1783,1783,0.4838559925556183,
1784,1784,0.4734480082988739,
1785,1785,0.4813231825828552,
1786,1786,0.4788534939289093,
1787,1787,0.48944568634033203,
1788,1788,0.4981963336467743,
1789,1789,0.4926142394542694,
1790,1790,0.4919106066226959,
1791,1791,0.4747923016548157,
1792,1792,0.4974106252193451,
1793,1793,0.48774710297584534,
1794,1794,0.4850126802921295,
1795,1795,0.4911807179450989,
1796,1796,0.48178139328956604,
1797,1797,0.49134647846221924,
1798,1798,0.48638826608657837,
1799,1799,,0.49277934432029724
1799,1799,0.49277934432029724,
1800,1800,0.47801998257637024,
1801,1801,0.461723268032074,
1802,1802,0.4919084906578064,
1803,1803,0.47505709528923035,
1804,1804,0.5018367171287537,
1805,1805,0.49235567450523376,
1806,1806,0.487560898065567,
1807,1807,0.4904819428920746,
1808,1808,0.4806002676486969,
1809,1809,0.4968774616718292,
1810,1810,0.4917970299720764,
1811,1811,0.4869174063205719,
1812,1812,0.4868427813053131,
1813,1813,0.48234376311302185,
1814,1814,0.4888675808906555,
1815,1815,0.5149872899055481,
1816,1816,0.4767816364765167,
1817,1817,0.49010318517684937,
1818,1818,0.4892285466194153,
1819,1819,0.49319055676460266,
1820,1820,0.5046536922454834,
1821,1821,0.4776199162006378,
1822,1822,0.4872628152370453,
1823,1823,0.48921799659729004,
1824,1824,0.5036419630050659,
1825,1825,0.5072555541992188,
1826,1826,0.48170894384384155,
1827,1827,0.48212313652038574,
1828,1828,0.49375998973846436,
1829,1829,0.47406309843063354,
1830,1830,0.49507471919059753,
1831,1831,0.463177353143692,
1832,1832,0.501977801322937,
1833,1833,0.48482561111450195,
1834,1834,0.4888359308242798,
1835,1835,0.4871942698955536,
1836,1836,0.47053807973861694,
1837,1837,0.5026059746742249,
1838,1838,0.48217788338661194,
1839,1839,0.48226556181907654,
1840,1840,0.4886007308959961,
1841,1841,0.48557624220848083,
1842,1842,0.4778912663459778,
1843,1843,0.5122721791267395,
1844,1844,0.48780882358551025,
1845,1845,0.5042409300804138,
1846,1846,0.49231377243995667,
1847,1847,0.4806816279888153,
1848,1848,0.4910109043121338,
1849,1849,,0.4784543514251709
1849,1849,0.4784543514251709,
1850,1850,0.4864276349544525,
1851,1851,0.4839158356189728,
1852,1852,0.48577040433883667,
1853,1853,0.4860169589519501,
1854,1854,0.47719699144363403,
1855,1855,0.497926265001297,
1856,1856,0.4791134297847748,
1857,1857,0.5060747861862183,
1858,1858,0.48933377861976624,
1859,1859,0.4961436688899994,
1860,1860,0.49031907320022583,
1861,1861,0.4833615720272064,
1862,1862,0.4878070652484894,
1863,1863,0.4800384044647217,
1864,1864,0.4847756028175354,
1865,1865,0.4892634451389313,
1866,1866,0.48422664403915405,
1867,1867,0.4879569709300995,
1868,1868,0.49243345856666565,
1869,1869,0.5179083943367004,
1870,1870,0.48931586742401123,
1871,1871,0.5006362795829773,
1872,1872,0.47966235876083374,
1873,1873,0.47361066937446594,
1874,1874,0.48499056696891785,
1875,1875,0.48680904507637024,
1876,1876,0.48351430892944336,
1877,1877,0.4759320020675659,
1878,1878,0.47298863530158997,
1879,1879,0.49233853816986084,
1880,1880,0.4936610162258148,
1881,1881,0.47862479090690613,
1882,1882,0.4842885136604309,
1883,1883,0.48867297172546387,
1884,1884,0.49011459946632385,
1885,1885,0.4893290102481842,
1886,1886,0.47694656252861023,
1887,1887,0.47798070311546326,
1888,1888,0.48408713936805725,
1889,1889,0.4857131838798523,
1890,1890,0.47412019968032837,
1891,1891,0.49652907252311707,
1892,1892,0.4887981712818146,
1893,1893,0.4774060845375061,
1894,1894,0.4810379445552826,
1895,1895,0.48165085911750793,
1896,1896,0.4827471971511841,
1897,1897,0.48007816076278687,
1898,1898,0.49206551909446716,
1899,1899,,0.4764691889286041
1899,1899,0.4764691889286041,
1900,1900,0.4755059778690338,
1901,1901,0.4861173629760742,
1902,1902,0.4760186970233917,
1903,1903,0.4865323007106781,
1904,1904,0.47194617986679077,
1905,1905,0.46967074275016785,
1906,1906,0.4994780123233795,
1907,1907,0.4819718301296234,
1908,1908,0.48832759261131287,
1909,1909,0.4791102409362793,
1910,1910,0.47300562262535095,
1911,1911,0.4896245300769806,
1912,1912,0.4789721667766571,
1913,1913,0.48439785838127136,
1914,1914,0.4903503954410553,
1915,1915,0.47908487915992737,
1916,1916,0.48257553577423096,
1917,1917,0.48981839418411255,
1918,1918,0.47889041900634766,
1919,1919,0.48827794194221497,
1920,1920,0.45159444212913513,
1921,1921,0.474006325006485,
1922,1922,0.47746753692626953,
1923,1923,0.4818652868270874,
1924,1924,0.47749897837638855,
1925,1925,0.4620600938796997,
1926,1926,0.48399659991264343,
1927,1927,0.47773098945617676,
1928,1928,0.48489123582839966,
1929,1929,0.48432210087776184,
1930,1930,0.4783785343170166,
1931,1931,0.5038619637489319,
1932,1932,0.48323556780815125,
1933,1933,0.47463327646255493,
1934,1934,0.4950467050075531,
1935,1935,0.49043917655944824,
1936,1936,0.47520244121551514,
1937,1937,0.48236551880836487,
1938,1938,0.4791809916496277,
1939,1939,0.4820387065410614,
1940,1940,0.47862374782562256,
1941,1941,0.47338175773620605,
1942,1942,0.4700244963169098,
1943,1943,0.4858585596084595,
1944,1944,0.48358026146888733,
1945,1945,0.4727732539176941,
1946,1946,0.4824027419090271,
1947,1947,0.4638388156890869,
1948,1948,0.4798027276992798,
1949,1949,,0.48392394185066223
1949,1949,0.48392394185066223,
1950,1950,0.4743068516254425,
1951,1951,0.475996732711792,
1952,1952,0.4757499694824219,
1953,1953,0.469527930021286,
1954,1954,0.4746498465538025,
1955,1955,0.48297205567359924,
1956,1956,0.49256137013435364,
1957,1957,0.46005091071128845,
1958,1958,0.4935949742794037,
1959,1959,0.4720582067966461,
1960,1960,0.4854157567024231,
1961,1961,0.47959086298942566,
1962,1962,0.4754222333431244,
1963,1963,0.4666007161140442,
1964,1964,0.47795164585113525,
1965,1965,0.46176770329475403,
1966,1966,0.4840310215950012,
1967,1967,0.4732531011104584,
1968,1968,0.44744423031806946,
1969,1969,0.4753088355064392,
1970,1970,0.4794734716415405,
1971,1971,0.4777285158634186,
1972,1972,0.47878044843673706,
1973,1973,0.46947944164276123,
1974,1974,0.47483471035957336,
1975,1975,0.4753079116344452,
1976,1976,0.4903043508529663,
1977,1977,0.4721561670303345,
1978,1978,0.4731614291667938,
1979,1979,0.4865047335624695,
1980,1980,0.46929052472114563,
1981,1981,0.4762023687362671,
1982,1982,0.48349729180336,
1983,1983,0.476002037525177,
1984,1984,0.47234681248664856,
1985,1985,0.4799615442752838,
1986,1986,0.47360265254974365,
1987,1987,0.4807712733745575,
1988,1988,0.47575461864471436,
1989,1989,0.4794154763221741,
1990,1990,0.47893720865249634,
1991,1991,0.4725850224494934,
1992,1992,0.4806475043296814,
1993,1993,0.4915981590747833,
1994,1994,0.47398874163627625,
1995,1995,0.47532233595848083,
1996,1996,0.48034119606018066,
1997,1997,0.47334858775138855,
1998,1998,0.48308059573173523,
1999,1999,,0.47911620140075684
1999,1999,0.47911620140075684,
2000,2000,0.4587913751602173,
2001,2001,0.46692824363708496,
2002,2002,0.47713080048561096,
2003,2003,0.46910327672958374,
2004,2004,0.47670814394950867,
2005,2005,0.47098538279533386,
2006,2006,0.4747939705848694,
2007,2007,0.4734729826450348,
2008,2008,0.475883811712265,
2009,2009,0.4500143826007843,
2010,2010,0.47632765769958496,
2011,2011,0.4756372272968292,
2012,2012,0.46723422408103943,
2013,2013,0.47507598996162415,
2014,2014,0.47617900371551514,
2015,2015,0.4875558912754059,
2016,2016,0.48232704401016235,
2017,2017,0.4931488335132599,
2018,2018,0.46498140692710876,
2019,2019,0.4717160761356354,
2020,2020,0.474253386259079,
2021,2021,0.46739357709884644,
2022,2022,0.46565091609954834,
2023,2023,0.45678824186325073,
2024,2024,0.47830983996391296,
2025,2025,0.45625820755958557,
2026,2026,0.4641667902469635,
2027,2027,0.4686536490917206,
2028,2028,0.4609473943710327,
2029,2029,0.47119563817977905,
2030,2030,0.4595373272895813,
2031,2031,0.47432252764701843,
2032,2032,0.45478522777557373,
2033,2033,0.46140554547309875,
2034,2034,0.4621344208717346,
2035,2035,0.47061842679977417,
2036,2036,0.4645284116268158,
2037,2037,0.4759918451309204,
2038,2038,0.46462833881378174,
2039,2039,0.4700360596179962,
2040,2040,0.4852869212627411,
2041,2041,0.46205925941467285,
2042,2042,0.4572914242744446,
2043,2043,0.4785268306732178,
2044,2044,0.4622616171836853,
2045,2045,0.4631820619106293,
2046,2046,0.4731752574443817,
2047,2047,0.4760036766529083,
2048,2048,0.47351810336112976,
2049,2049,,0.4753251075744629
2049,2049,0.4753251075744629,
2050,2050,0.46530094742774963,
2051,2051,0.5069677829742432,
2052,2052,0.47091421484947205,
2053,2053,0.4583670496940613,
2054,2054,0.4761050343513489,
2055,2055,0.4686586856842041,
2056,2056,0.48474130034446716,
2057,2057,0.4568195044994354,
2058,2058,0.45588943362236023,
2059,2059,0.4744541347026825,
2060,2060,0.4685594141483307,
2061,2061,0.469902902841568,
2062,2062,0.4436222016811371,
2063,2063,0.4650518000125885,
2064,2064,0.4636739492416382,
2065,2065,0.46008291840553284,
2066,2066,0.4779019057750702,
2067,2067,0.47518792748451233,
2068,2068,0.4623872637748718,
2069,2069,0.46373623609542847,
2070,2070,0.46580958366394043,
2071,2071,0.4677489101886749,
2072,2072,0.47193679213523865,
2073,2073,0.4689551293849945,
2074,2074,0.47349077463150024,
2075,2075,0.4729435443878174,
2076,2076,0.47924110293388367,
2077,2077,0.4659053385257721,
2078,2078,0.4646841585636139,
2079,2079,0.46037283539772034,
2080,2080,0.4598739445209503,
2081,2081,0.4857892692089081,
2082,2082,0.4614972472190857,
2083,2083,0.49655091762542725,
2084,2084,0.4612921476364136,
2085,2085,0.47193071246147156,
2086,2086,0.47324270009994507,
2087,2087,0.45363229513168335,
2088,2088,0.4612013101577759,
2089,2089,0.47933441400527954,
2090,2090,0.46869269013404846,
2091,2091,0.4743417799472809,
2092,2092,0.46389421820640564,
2093,2093,0.4638758897781372,
2094,2094,0.4595626890659332,
2095,2095,0.46001988649368286,
2096,2096,0.46069496870040894,
2097,2097,0.4792461097240448,
2098,2098,0.4636322259902954,
2099,2099,,0.4650392234325409
2099,2099,0.4650392234325409,
2100,2100,0.4677084982395172,
2101,2101,0.4510939121246338,
2102,2102,0.4787500202655792,
2103,2103,0.45345965027809143,
2104,2104,0.4658050239086151,
2105,2105,0.47000840306282043,
2106,2106,0.48266059160232544,
2107,2107,0.4595629572868347,
2108,2108,0.4696218967437744,
2109,2109,0.4616977274417877,
2110,2110,0.4643462300300598,
2111,2111,0.45765551924705505,
2112,2112,0.457832932472229,
2113,2113,0.465302437543869,
2114,2114,0.4782765507698059,
2115,2115,0.4572957754135132,
2116,2116,0.45989033579826355,
2117,2117,0.4754820764064789,
2118,2118,0.4570911228656769,
2119,2119,0.4639620780944824,
2120,2120,0.4526362717151642,
2121,2121,0.4665297567844391,
2122,2122,0.46041810512542725,
2123,2123,0.471594899892807,
2124,2124,0.45917606353759766,
2125,2125,0.4675852358341217,
2126,2126,0.45990851521492004,
2127,2127,0.46335405111312866,
2128,2128,0.4566953480243683,
2129,2129,0.4667952358722687,
2130,2130,0.4522097408771515,
2131,2131,0.4552691876888275,
2132,2132,0.474351167678833,
2133,2133,0.4418486952781677,
2134,2134,0.47987306118011475,
2135,2135,0.4594869911670685,
2136,2136,0.453041136264801,
2137,2137,0.46397948265075684,
2138,2138,0.47342365980148315,
2139,2139,0.45937782526016235,
2140,2140,0.45424628257751465,
2141,2141,0.46504366397857666,
2142,2142,0.48576831817626953,
2143,2143,0.4561826288700104,
2144,2144,0.45336347818374634,
2145,2145,0.4702950119972229,
2146,2146,0.4583422839641571,
2147,2147,0.4587920606136322,
2148,2148,0.46435225009918213,
2149,2149,,0.4711090326309204
2149,2149,0.4711090326309204,
2150,2150,0.46086928248405457,
2151,2151,0.45240041613578796,
2152,2152,0.46907761693000793,
2153,2153,0.4603578448295593,
2154,2154,0.4582256078720093,
2155,2155,0.45238515734672546,
2156,2156,0.4604969620704651,
2157,2157,0.45565280318260193,
2158,2158,0.4672589898109436,
2159,2159,0.46227961778640747,
2160,2160,0.4686852991580963,
2161,2161,0.4650205373764038,
2162,2162,0.4582822918891907,
2163,2163,0.4558667540550232,
2164,2164,0.46349212527275085,
2165,2165,0.47067174315452576,
2166,2166,0.44907426834106445,
2167,2167,0.4630916118621826,
2168,2168,0.4488547444343567,
2169,2169,0.45384323596954346,
2170,2170,0.45125284790992737,
2171,2171,0.4510621726512909,
2172,2172,0.46626609563827515,
2173,2173,0.4633280634880066,
2174,2174,0.4382782280445099,
2175,2175,0.45706382393836975,
2176,2176,0.4632411003112793,
2177,2177,0.4622563421726227,
2178,2178,0.4623897969722748,
2179,2179,0.46301016211509705,
2180,2180,0.4636867642402649,
2181,2181,0.4518015682697296,
2182,2182,0.4601233899593353,
2183,2183,0.46961429715156555,
2184,2184,0.4600864350795746,
2185,2185,0.4666256606578827,
2186,2186,0.4418410062789917,
2187,2187,0.46635353565216064,
2188,2188,0.45576563477516174,
2189,2189,0.4739353358745575,
2190,2190,0.46728819608688354,
2191,2191,0.4711787700653076,
2192,2192,0.46313750743865967,
2193,2193,0.45928382873535156,
2194,2194,0.46209537982940674,
2195,2195,0.4664197862148285,
2196,2196,0.4343754053115845,
2197,2197,0.46071183681488037,
2198,2198,0.45861372351646423,
2199,2199,,0.47723668813705444
2199,2199,0.47723668813705444,
2200,2200,0.46813708543777466,
2201,2201,0.45443615317344666,
2202,2202,0.46719107031822205,
2203,2203,0.47566214203834534,
2204,2204,0.4505845606327057,
2205,2205,0.4505026638507843,
2206,2206,0.4627002775669098,
2207,2207,0.44619885087013245,
2208,2208,0.4486304223537445,
2209,2209,0.45953071117401123,
2210,2210,0.45731088519096375,
2211,2211,0.4557705521583557,
2212,2212,0.45360636711120605,
2213,2213,0.45763659477233887,
2214,2214,0.46245428919792175,
2215,2215,0.46224865317344666,
2216,2216,0.45202240347862244,
2217,2217,0.4726406931877136,
2218,2218,0.4534439444541931,
2219,2219,0.4739278256893158,
2220,2220,0.45958277583122253,
2221,2221,0.45942068099975586,
2222,2222,0.45535025000572205,
2223,2223,0.45188742876052856,
2224,2224,0.4862705171108246,
2225,2225,0.44558048248291016,
2226,2226,0.4555682837963104,
2227,2227,0.45693784952163696,
2228,2228,0.4505314528942108,
2229,2229,0.4439954161643982,
2230,2230,0.4805411696434021,
2231,2231,0.4375697076320648,
2232,2232,0.4668375551700592,
2233,2233,0.44707486033439636,
2234,2234,0.4414260983467102,
2235,2235,0.45321595668792725,
2236,2236,0.4299676716327667,
2237,2237,0.46783778071403503,
2238,2238,0.44457998871803284,
2239,2239,0.4550407826900482,
2240,2240,0.46604543924331665,
2241,2241,0.44070664048194885,
2242,2242,0.46104276180267334,
2243,2243,0.4557511806488037,
2244,2244,0.45511120557785034,
2245,2245,0.4610462188720703,
2246,2246,0.45966047048568726,
2247,2247,0.4625290632247925,
2248,2248,0.4583474397659302,
2249,2249,,0.47476574778556824
2249,2249,0.47476574778556824,
2250,2250,0.45201411843299866,
2251,2251,0.444842129945755,
2252,2252,0.47214818000793457,
2253,2253,0.4518211781978607,
2254,2254,0.4572794437408447,
2255,2255,0.4662723243236542,
2256,2256,0.4582730531692505,
2257,2257,0.45702189207077026,
2258,2258,0.4681709408760071,
2259,2259,0.4582769572734833,
2260,2260,0.4518093764781952,
2261,2261,0.45177361369132996,
2262,2262,0.45078983902931213,
2263,2263,0.45720240473747253,
2264,2264,0.4361579716205597,
2265,2265,0.4323955178260803,
2266,2266,0.47020575404167175,
2267,2267,0.4294215738773346,
2268,2268,0.44972407817840576,
2269,2269,0.4457140564918518,
2270,2270,0.4465656876564026,
2271,2271,0.4476081132888794,
2272,2272,0.4540182054042816,
2273,2273,0.4495396912097931,
2274,2274,0.45510542392730713,
2275,2275,0.4528912603855133,
2276,2276,0.4361567795276642,
2277,2277,0.45336776971817017,
2278,2278,0.4595188796520233,
2279,2279,0.444955050945282,
2280,2280,0.44764962792396545,
2281,2281,0.4519956409931183,
2282,2282,0.46546122431755066,
2283,2283,0.45266494154930115,
2284,2284,0.44715946912765503,
2285,2285,0.44027820229530334,
2286,2286,0.44514915347099304,
2287,2287,0.43233102560043335,
2288,2288,0.4500546157360077,
2289,2289,0.46214044094085693,
2290,2290,0.4493953585624695,
2291,2291,0.44953376054763794,
2292,2292,0.4591129422187805,
2293,2293,0.4531615972518921,
2294,2294,0.45942437648773193,
2295,2295,0.450590580701828,
2296,2296,0.4483732581138611,
2297,2297,0.438015341758728,
2298,2298,0.4477764666080475,
2299,2299,,0.4586879014968872
2299,2299,0.4586879014968872,
2300,2300,0.44098442792892456,
2301,2301,0.45074841380119324,
2302,2302,0.4501649737358093,
2303,2303,0.45783376693725586,
2304,2304,0.45093560218811035,
2305,2305,0.44702425599098206,
2306,2306,0.44621917605400085,
2307,2307,0.45600828528404236,
2308,2308,0.45703965425491333,
2309,2309,0.44772300124168396,
2310,2310,0.4454527497291565,
2311,2311,0.4548390507698059,
2312,2312,0.4414719343185425,
2313,2313,0.44027891755104065,
2314,2314,0.43830952048301697,
2315,2315,0.45899292826652527,
2316,2316,0.4431779086589813,
2317,2317,0.4234623610973358,
2318,2318,0.4587148427963257,
2319,2319,0.4365277588367462,
2320,2320,0.45136386156082153,
2321,2321,0.4432271122932434,
2322,2322,0.4316786229610443,
2323,2323,0.4817541837692261,
2324,2324,0.45158499479293823,
2325,2325,0.445588618516922,
2326,2326,0.4443087875843048,
2327,2327,0.4373525381088257,
2328,2328,0.4467814266681671,
2329,2329,0.4638024568557739,
2330,2330,0.4361847937107086,
2331,2331,0.45266053080558777,
2332,2332,0.43129321932792664,
2333,2333,0.45066744089126587,
2334,2334,0.4430324137210846,
2335,2335,0.4688711166381836,
2336,2336,0.4444328546524048,
2337,2337,0.4437907040119171,
2338,2338,0.4282160699367523,
2339,2339,0.43939319252967834,
2340,2340,0.43962112069129944,
2341,2341,0.4456707537174225,
2342,2342,0.45159193873405457,
2343,2343,0.4516158401966095,
2344,2344,0.4430711567401886,
2345,2345,0.4453371465206146,
2346,2346,0.4403306245803833,
2347,2347,0.45643487572669983,
2348,2348,0.4574253261089325,
2349,2349,,0.4406462609767914
2349,2349,0.4406462609767914,
2350,2350,0.44115346670150757,
2351,2351,0.4369230568408966,
2352,2352,0.43012699484825134,
2353,2353,0.4172443449497223,
2354,2354,0.4533754885196686,
2355,2355,0.4421316087245941,
2356,2356,0.4398972988128662,
2357,2357,0.4391227066516876,
2358,2358,0.45056378841400146,
2359,2359,0.44518813490867615,
2360,2360,0.44498661160469055,
2361,2361,0.42481353878974915,
2362,2362,0.44011586904525757,
2363,2363,0.4414958655834198,
2364,2364,0.44067704677581787,
2365,2365,0.44429123401641846,
2366,2366,0.44145846366882324,
2367,2367,0.4390256404876709,
2368,2368,0.43427252769470215,
2369,2369,0.4470840096473694,
2370,2370,0.4486261308193207,
2371,2371,0.43597280979156494,
2372,2372,0.4544425308704376,
2373,2373,0.42405539751052856,
2374,2374,0.4395464062690735,
2375,2375,0.4479644000530243,
2376,2376,0.437338650226593,
2377,2377,0.4678120017051697,
2378,2378,0.42243024706840515,
2379,2379,0.4407292604446411,
2380,2380,0.44857728481292725,
2381,2381,0.4472992718219757,
2382,2382,0.44698020815849304,
2383,2383,0.4367368221282959,
2384,2384,0.43918275833129883,
2385,2385,0.4328514039516449,
2386,2386,0.4345192015171051,
2387,2387,0.45716145634651184,
2388,2388,0.4419304430484772,
2389,2389,0.4692539572715759,
2390,2390,0.42956382036209106,
2391,2391,0.4329000413417816,
2392,2392,0.43189603090286255,
2393,2393,0.42509353160858154,
2394,2394,0.4477814733982086,
2395,2395,0.44039052724838257,
2396,2396,0.44983360171318054,
2397,2397,0.44834721088409424,
2398,2398,0.44265317916870117,
2399,2399,,0.43926703929901123
2399,2399,0.43926703929901123,
2400,2400,0.45668137073516846,
2401,2401,0.4398130774497986,
2402,2402,0.462491512298584,
2403,2403,0.44566431641578674,
2404,2404,0.4577694535255432,
2405,2405,0.4318174123764038,
2406,2406,0.43403732776641846,
2407,2407,0.4444224238395691,
2408,2408,0.43937113881111145,
2409,2409,0.4395153224468231,
2410,2410,0.435172438621521,
2411,2411,0.4346127212047577,
2412,2412,0.4355889558792114,
2413,2413,0.44711121916770935,
2414,2414,0.44400256872177124,
2415,2415,0.4312581717967987,
2416,2416,0.4342001676559448,
2417,2417,0.44124433398246765,
2418,2418,0.43749138712882996,
2419,2419,0.4335247874259949,
2420,2420,0.4538268446922302,
2421,2421,0.44684550166130066,
2422,2422,0.4400060176849365,
2423,2423,0.43905210494995117,
2424,2424,0.4254935085773468,
2425,2425,0.4411240518093109,
2426,2426,0.4243842661380768,
2427,2427,0.42028963565826416,
2428,2428,0.4473196566104889,
2429,2429,0.43483975529670715,
2430,2430,0.44003772735595703,
2431,2431,0.43358689546585083,
2432,2432,0.43682605028152466,
2433,2433,0.43449342250823975,
2434,2434,0.4386557638645172,
2435,2435,0.41854554414749146,
2436,2436,0.44877398014068604,
2437,2437,0.44033506512641907,
2438,2438,0.43994972109794617,
2439,2439,0.4392690360546112,
2440,2440,0.42763814330101013,
2441,2441,0.41870999336242676,
2442,2442,0.4198741316795349,
2443,2443,0.42606642842292786,
2444,2444,0.43620094656944275,
2445,2445,0.44074252247810364,
2446,2446,0.4418469965457916,
2447,2447,0.4333912432193756,
2448,2448,0.4283331632614136,
2449,2449,,0.4429386258125305
2449,2449,0.4429386258125305,
2450,2450,0.44309714436531067,
2451,2451,0.4334368407726288,
2452,2452,0.4336502254009247,
2453,2453,0.4497293531894684,
2454,2454,0.4302402436733246,
2455,2455,0.427599161863327,
2456,2456,0.4303451478481293,
2457,2457,0.4248727858066559,
2458,2458,0.43032658100128174,
2459,2459,0.42598819732666016,
2460,2460,0.4369013011455536,
2461,2461,0.4287398159503937,
2462,2462,0.4370986521244049,
2463,2463,0.4377569854259491,
2464,2464,0.436869353055954,
2465,2465,0.4455493092536926,
2466,2466,0.43234485387802124,
2467,2467,0.425708144903183,
2468,2468,0.4352179765701294,
2469,2469,0.43358999490737915,
2470,2470,0.4312084913253784,
2471,2471,0.43522557616233826,
2472,2472,0.44344377517700195,
2473,2473,0.43254345655441284,
2474,2474,0.4414045810699463,
2475,2475,0.42954617738723755,
2476,2476,0.43446677923202515,
2477,2477,0.4317966103553772,
2478,2478,0.4325845539569855,
2479,2479,0.4344198703765869,
2480,2480,0.43119344115257263,
2481,2481,0.43780654668807983,
2482,2482,0.4371691644191742,
2483,2483,0.43103352189064026,
2484,2484,0.44459712505340576,
2485,2485,0.42381033301353455,
2486,2486,0.4258200228214264,
2487,2487,0.4431273341178894,
2488,2488,0.4292779862880707,
2489,2489,0.42732226848602295,
2490,2490,0.4541187286376953,
2491,2491,0.4149916172027588,
2492,2492,0.42775753140449524,
2493,2493,0.4351937472820282,
2494,2494,0.4288613796234131,
2495,2495,0.432989239692688,
2496,2496,0.4342488646507263,
2497,2497,0.4284743070602417,
2498,2498,0.4254077672958374,
2499,2499,,0.42986777424812317
2499,2499,0.42986777424812317,
2500,2500,0.430165559053421,
2501,2501,0.43097609281539917,
2502,2502,0.43387243151664734,
2503,2503,0.4133073687553406,
2504,2504,0.4293302595615387,
2505,2505,0.43337950110435486,
2506,2506,0.43329542875289917,
2507,2507,0.4316551983356476,
2508,2508,0.43829718232154846,
2509,2509,0.42416054010391235,
2510,2510,0.41691479086875916,
2511,2511,0.4291011095046997,
2512,2512,0.43282899260520935,
2513,2513,0.43084511160850525,
2514,2514,0.43637263774871826,
2515,2515,0.4536890685558319,
2516,2516,0.43392711877822876,
2517,2517,0.4294222295284271,
2518,2518,0.42027705907821655,
2519,2519,0.4305360019207001,
2520,2520,0.430114209651947,
2521,2521,0.42294934391975403,
2522,2522,0.43650537729263306,
2523,2523,0.4278270900249481,
2524,2524,0.43874070048332214,
2525,2525,0.4320744574069977,
2526,2526,0.41766631603240967,
2527,2527,0.4267660677433014,
2528,2528,0.42718032002449036,
2529,2529,0.4292604327201843,
2530,2530,0.4233766794204712,
2531,2531,0.45925116539001465,
2532,2532,0.41209226846694946,
2533,2533,0.42920076847076416,
2534,2534,0.40944838523864746,
2535,2535,0.43447524309158325,
2536,2536,0.4501769542694092,
2537,2537,0.4291236400604248,
2538,2538,0.4423289895057678,
2539,2539,0.42470139265060425,
2540,2540,0.4265483319759369,
2541,2541,0.4023336172103882,
2542,2542,0.4450503885746002,
2543,2543,0.4256909191608429,
2544,2544,0.428479939699173,
2545,2545,0.4543236196041107,
2546,2546,0.4293252229690552,
2547,2547,0.4229913651943207,
2548,2548,0.4276576042175293,
2549,2549,,0.4286707639694214
2549,2549,0.4286707639694214,
2550,2550,0.43394482135772705,
2551,2551,0.44237634539604187,
2552,2552,0.4297865331172943,
2553,2553,0.4332137107849121,
2554,2554,0.4331885874271393,
2555,2555,0.4296233355998993,
2556,2556,0.43607136607170105,
2557,2557,0.43269506096839905,
2558,2558,0.4249246120452881,
2559,2559,0.42975470423698425,
2560,2560,0.4424743950366974,
2561,2561,0.4293707013130188,
2562,2562,0.4191052317619324,
2563,2563,0.4235234558582306,
2564,2564,0.42148566246032715,
2565,2565,0.4207901358604431,
2566,2566,0.419925332069397,
2567,2567,0.4192062020301819,
2568,2568,0.42921778559684753,
2569,2569,0.4183293879032135,
2570,2570,0.4312765598297119,
2571,2571,0.4239715039730072,
2572,2572,0.41886410117149353,
2573,2573,0.42234286665916443,
2574,2574,0.4185482859611511,
2575,2575,0.44167572259902954,
2576,2576,0.42818015813827515,
2577,2577,0.4139443337917328,
2578,2578,0.4093276560306549,
2579,2579,0.42990031838417053,
2580,2580,0.43176597356796265,
2581,2581,0.4415193200111389,
2582,2582,0.4352111220359802,
2583,2583,0.4299708902835846,
2584,2584,0.43061932921409607,
2585,2585,0.42607709765434265,
2586,2586,0.41219231486320496,
2587,2587,0.42788073420524597,
2588,2588,0.42755192518234253,
2589,2589,0.43743184208869934,
2590,2590,0.4252593517303467,
2591,2591,0.4212608337402344,
2592,2592,0.4233258366584778,
2593,2593,0.42384979128837585,
2594,2594,0.42404815554618835,
2595,2595,0.41779980063438416,
2596,2596,0.4183168411254883,
2597,2597,0.45466580986976624,
2598,2598,0.42477983236312866,
2599,2599,,0.4251958131790161
2599,2599,0.4251958131790161,
2600,2600,0.4290839433670044,
2601,2601,0.4145306646823883,
2602,2602,0.4269912540912628,
2603,2603,0.413254976272583,
2604,2604,0.4179140031337738,
2605,2605,0.4362708330154419,
2606,2606,0.41513508558273315,
2607,2607,0.4361117482185364,
2608,2608,0.4255179762840271,
2609,2609,0.4215489625930786,
2610,2610,0.41694551706314087,
2611,2611,0.4256284832954407,
2612,2612,0.42095187306404114,
2613,2613,0.4181808829307556,
2614,2614,0.4365730285644531,
2615,2615,0.42800456285476685,
2616,2616,0.42175325751304626,
2617,2617,0.42615777254104614,
2618,2618,0.4272497594356537,
2619,2619,0.42012345790863037,
2620,2620,0.4276813864707947,
2621,2621,0.43336209654808044,
2622,2622,0.42661675810813904,
2623,2623,0.4220028221607208,
2624,2624,0.4099794328212738,
2625,2625,0.42084652185440063,
2626,2626,0.4242335855960846,
2627,2627,0.41871869564056396,
2628,2628,0.4214481711387634,
2629,2629,0.4324065148830414,
2630,2630,0.41729238629341125,
2631,2631,0.4336468279361725,
2632,2632,0.41932299733161926,
2633,2633,0.4197128117084503,
2634,2634,0.42293107509613037,
2635,2635,0.41590073704719543,
2636,2636,0.4471784234046936,
2637,2637,0.4266546368598938,
2638,2638,0.4266265034675598,
2639,2639,0.4159408211708069,
2640,2640,0.41986244916915894,
2641,2641,0.41741472482681274,
2642,2642,0.4224536716938019,
2643,2643,0.40929558873176575,
2644,2644,0.4035821855068207,
2645,2645,0.4311925172805786,
2646,2646,0.41780298948287964,
2647,2647,0.42992159724235535,
2648,2648,0.42234453558921814,
2649,2649,,0.41924771666526794
2649,2649,0.41924771666526794,
2650,2650,0.42145994305610657,
2651,2651,0.4184653162956238,
2652,2652,0.4122808873653412,
2653,2653,0.42093992233276367,
2654,2654,0.41914036870002747,
2655,2655,0.39701324701309204,
2656,2656,0.40854692459106445,
2657,2657,0.41239967942237854,
2658,2658,0.41682809591293335,
2659,2659,0.42357420921325684,
2660,2660,0.4182063639163971,
2661,2661,0.4096953272819519,
2662,2662,0.4112689197063446,
2663,2663,0.4172556698322296,
2664,2664,0.41327616572380066,
2665,2665,0.41374409198760986,
2666,2666,0.4205414056777954,
2667,2667,0.412582665681839,
2668,2668,0.41807448863983154,
2669,2669,0.41501936316490173,
2670,2670,0.42669713497161865,
2671,2671,0.4154220223426819,
2672,2672,0.4221925139427185,
2673,2673,0.4113195240497589,
2674,2674,0.40958595275878906,
2675,2675,0.433831125497818,
2676,2676,0.4280940294265747,
2677,2677,0.4177921712398529,
2678,2678,0.42674654722213745,
2679,2679,0.4168730080127716,
2680,2680,0.4232448935508728,
2681,2681,0.4132246971130371,
2682,2682,0.41958534717559814,
2683,2683,0.4195326268672943,
2684,2684,0.4253459572792053,
2685,2685,0.42141038179397583,
2686,2686,0.41491371393203735,
2687,2687,0.4100882112979889,
2688,2688,0.4156152009963989,
2689,2689,0.41518518328666687,
2690,2690,0.4178115725517273,
2691,2691,0.4183647036552429,
2692,2692,0.41497910022735596,
2693,2693,0.4137088656425476,
2694,2694,0.41271454095840454,
2695,2695,0.4142927825450897,
2696,2696,0.4212688207626343,
2697,2697,0.40473610162734985,
2698,2698,0.4089709520339966,
2699,2699,,0.40149441361427307
2699,2699,0.40149441361427307,
2700,2700,0.4198113977909088,
2701,2701,0.41251564025878906,
2702,2702,0.4144989252090454,
2703,2703,0.4078182578086853,
2704,2704,0.42763108015060425,
2705,2705,0.40800389647483826,
2706,2706,0.4045213758945465,
2707,2707,0.4411359131336212,
2708,2708,0.41333767771720886,
2709,2709,0.3977334797382355,
2710,2710,0.41589295864105225,
2711,2711,0.4011373221874237,
2712,2712,0.40580323338508606,
2713,2713,0.4200773239135742,
2714,2714,0.4050824046134949,
2715,2715,0.40655195713043213,
2716,2716,0.4113130569458008,
2717,2717,0.4099251627922058,
2718,2718,0.4115197956562042,
2719,2719,0.4192681312561035,
2720,2720,0.39726898074150085,
2721,2721,0.40901073813438416,
2722,2722,0.41593265533447266,
2723,2723,0.4099544286727905,
2724,2724,0.41421228647232056,
2725,2725,0.41356053948402405,
2726,2726,0.4039863348007202,
2727,2727,0.4140743911266327,
2728,2728,0.4113256335258484,
2729,2729,0.39835020899772644,
2730,2730,0.42013540863990784,
2731,2731,0.40362879633903503,
2732,2732,0.4125889837741852,
2733,2733,0.41289281845092773,
2734,2734,0.4299872815608978,
2735,2735,0.41953685879707336,
2736,2736,0.41354313492774963,
2737,2737,0.41058990359306335,
2738,2738,0.40193018317222595,
2739,2739,0.41117507219314575,
2740,2740,0.3935493528842926,
2741,2741,0.40796583890914917,
2742,2742,0.4080796539783478,
2743,2743,0.4102008044719696,
2744,2744,0.41272902488708496,
2745,2745,0.40673887729644775,
2746,2746,0.40642520785331726,
2747,2747,0.4147035479545593,
2748,2748,0.41839781403541565,
2749,2749,,0.4167715013027191
2749,2749,0.4167715013027191,
2750,2750,0.39889973402023315,
2751,2751,0.42018797993659973,
2752,2752,0.424547016620636,
2753,2753,0.40862372517585754,
2754,2754,0.4009380340576172,
2755,2755,0.41358786821365356,
2756,2756,0.42017626762390137,
2757,2757,0.40886905789375305,
2758,2758,0.4124840497970581,
2759,2759,0.4063801169395447,
2760,2760,0.41427624225616455,
2761,2761,0.41368046402931213,
2762,2762,0.4107249677181244,
2763,2763,0.4106299877166748,
2764,2764,0.40797385573387146,
2765,2765,0.4091883897781372,
2766,2766,0.4016352891921997,
2767,2767,0.40983909368515015,
2768,2768,0.40791720151901245,
2769,2769,0.40908417105674744,
2770,2770,0.3979945182800293,
2771,2771,0.4045141637325287,
2772,2772,0.3945291042327881,
2773,2773,0.4028394818305969,
2774,2774,0.40289366245269775,
2775,2775,0.41286808252334595,
2776,2776,0.41304266452789307,
2777,2777,0.4129009544849396,
2778,2778,0.40335556864738464,
2779,2779,0.40156853199005127,
2780,2780,0.40083760023117065,
2781,2781,0.405874639749527,
2782,2782,0.3988998234272003,
2783,2783,0.41711679100990295,
2784,2784,0.41009432077407837,
2785,2785,0.4095279574394226,
2786,2786,0.39973554015159607,
2787,2787,0.39888012409210205,
2788,2788,0.4044610261917114,
2789,2789,0.40625429153442383,
2790,2790,0.4070611298084259,
2791,2791,0.4058639407157898,
2792,2792,0.4100210666656494,
2793,2793,0.4024578630924225,
2794,2794,0.4020489454269409,
2795,2795,0.4212096333503723,
2796,2796,0.4154767692089081,
2797,2797,0.4154026210308075,
2798,2798,0.4156174957752228,
2799,2799,,0.4136723279953003
2799,2799,0.4136723279953003,
2800,2800,0.4026072919368744,
2801,2801,0.4016154408454895,
2802,2802,0.405704140663147,
2803,2803,0.4096108376979828,
2804,2804,0.40068361163139343,
2805,2805,0.4094213545322418,
2806,2806,0.41470733284950256,
2807,2807,0.40292173624038696,
2808,2808,0.4074592888355255,
2809,2809,0.4056697487831116,
2810,2810,0.3985992670059204,
2811,2811,0.41143691539764404,
2812,2812,0.4021233022212982,
2813,2813,0.3935602009296417,
2814,2814,0.39441928267478943,
2815,2815,0.4086972177028656,
2816,2816,0.4014049470424652,
2817,2817,0.4101913869380951,
2818,2818,0.3986610770225525,
2819,2819,0.40384969115257263,
2820,2820,0.410920649766922,
2821,2821,0.40399447083473206,
2822,2822,0.4010256826877594,
2823,2823,0.39888039231300354,
2824,2824,0.38716012239456177,
2825,2825,0.39328816533088684,
2826,2826,0.39361992478370667,
2827,2827,0.4099099934101105,
2828,2828,0.40446019172668457,
2829,2829,0.3987240195274353,
2830,2830,0.4006488025188446,
2831,2831,0.39943090081214905,
2832,2832,0.40409305691719055,
2833,2833,0.4052698016166687,
2834,2834,0.4036671817302704,
2835,2835,0.3994310796260834,
2836,2836,0.404134601354599,
2837,2837,0.39740851521492004,
2838,2838,0.40948188304901123,
2839,2839,0.4154440760612488,
2840,2840,0.3861019015312195,
2841,2841,0.39476147294044495,
2842,2842,0.39353257417678833,
2843,2843,0.39603570103645325,
2844,2844,0.40740373730659485,
2845,2845,0.4110676050186157,
2846,2846,0.40281474590301514,
2847,2847,0.40450307726860046,
2848,2848,0.40102091431617737,
2849,2849,,0.39611366391181946
2849,2849,0.39611366391181946,
2850,2850,0.4025070369243622,
2851,2851,0.40062415599823,
2852,2852,0.39287108182907104,
2853,2853,0.3899626135826111,
2854,2854,0.39609667658805847,
2855,2855,0.40263184905052185,
2856,2856,0.4018152952194214,
2857,2857,0.3977430462837219,
2858,2858,0.3981156051158905,
2859,2859,0.4027058482170105,
2860,2860,0.39191141724586487,
2861,2861,0.39946621656417847,
2862,2862,0.4053939878940582,
2863,2863,0.4014188349246979,
2864,2864,0.3949894309043884,
2865,2865,0.3909359574317932,
2866,2866,0.41297975182533264,
2867,2867,0.39546775817871094,
2868,2868,0.40273839235305786,
2869,2869,0.3965350091457367,
2870,2870,0.3959519565105438,
2871,2871,0.39161932468414307,
2872,2872,0.3879246711730957,
2873,2873,0.4098075032234192,
2874,2874,0.40015551447868347,
2875,2875,0.40050071477890015,
2876,2876,0.4164522588253021,
2877,2877,0.41513723134994507,
2878,2878,0.3878408968448639,
2879,2879,0.3984116315841675,
2880,2880,0.4010795056819916,
2881,2881,0.39068248867988586,
2882,2882,0.3996288776397705,
2883,2883,0.3935807943344116,
2884,2884,0.39573803544044495,
2885,2885,0.3967229127883911,
2886,2886,0.39546725153923035,
2887,2887,0.4025234282016754,
2888,2888,0.3966958522796631,
2889,2889,0.3879767060279846,
2890,2890,0.41232386231422424,
2891,2891,0.3977189064025879,
2892,2892,0.3912365436553955,
2893,2893,0.3951299488544464,
2894,2894,0.4095440208911896,
2895,2895,0.40125101804733276,
2896,2896,0.39254269003868103,
2897,2897,0.39702850580215454,
2898,2898,0.39301279187202454,
2899,2899,,0.3987918198108673
2899,2899,0.3987918198108673,
2900,2900,0.4038463234901428,
2901,2901,0.39233583211898804,
2902,2902,0.3944896459579468,
2903,2903,0.38668814301490784,
2904,2904,0.39613571763038635,
2905,2905,0.3919680714607239,
2906,2906,0.3976525366306305,
2907,2907,0.39366477727890015,
2908,2908,0.40098321437835693,
2909,2909,0.3999384343624115,
2910,2910,0.3773002028465271,
2911,2911,0.3996752202510834,
2912,2912,0.39542490243911743,
2913,2913,0.39566105604171753,
2914,2914,0.3981436491012573,
2915,2915,0.39735522866249084,
2916,2916,0.38911858201026917,
2917,2917,0.38535112142562866,
2918,2918,0.38497427105903625,
2919,2919,0.3876197338104248,
2920,2920,0.39905792474746704,
2921,2921,0.3756033778190613,
2922,2922,0.39015305042266846,
2923,2923,0.38476261496543884,
2924,2924,0.3972323536872864,
2925,2925,0.3928866386413574,
2926,2926,0.3984980583190918,
2927,2927,0.3929347097873688,
2928,2928,0.4004296362400055,
2929,2929,0.38470935821533203,
2930,2930,0.3871721625328064,
2931,2931,0.3874315917491913,
2932,2932,0.39106184244155884,
2933,2933,0.3932267427444458,
2934,2934,0.3822001814842224,
2935,2935,0.3931005597114563,
2936,2936,0.3879084587097168,
2937,2937,0.3951098322868347,
2938,2938,0.40238016843795776,
2939,2939,0.3718423843383789,
2940,2940,0.4014926254749298,
2941,2941,0.38941535353660583,
2942,2942,0.38830825686454773,
2943,2943,0.38759878277778625,
2944,2944,0.3944554626941681,
2945,2945,0.3856709599494934,
2946,2946,0.3641260862350464,
2947,2947,0.39068228006362915,
2948,2948,0.3948255181312561,
2949,2949,,0.3943222761154175
2949,2949,0.3943222761154175,
2950,2950,0.38691404461860657,
2951,2951,0.3913814127445221,
2952,2952,0.3854150176048279,
2953,2953,0.3925585150718689,
2954,2954,0.38944968581199646,
2955,2955,0.38764214515686035,
2956,2956,0.3980829417705536,
2957,2957,0.3947691321372986,
2958,2958,0.3961140513420105,
2959,2959,0.3923439383506775,
2960,2960,0.384613573551178,
2961,2961,0.3865969777107239,
2962,2962,0.3897324502468109,
2963,2963,0.39573290944099426,
2964,2964,0.38796675205230713,
2965,2965,0.39581918716430664,
2966,2966,0.39095979928970337,
2967,2967,0.38628092408180237,
2968,2968,0.36815494298934937,
2969,2969,0.38904428482055664,
2970,2970,0.391604483127594,
2971,2971,0.3959752023220062,
2972,2972,0.40065404772758484,
2973,2973,0.3932264745235443,
2974,2974,0.38641098141670227,
2975,2975,0.383568674325943,
2976,2976,0.3900250196456909,
2977,2977,0.386555016040802,
2978,2978,0.3888879418373108,
2979,2979,0.3792879283428192,
2980,2980,0.3789795935153961,
2981,2981,0.39220449328422546,
2982,2982,0.4026907682418823,
2983,2983,0.3919031322002411,
2984,2984,0.39266589283943176,
2985,2985,0.3933548629283905,
2986,2986,0.3900393843650818,
2987,2987,0.38721197843551636,
2988,2988,0.3896850347518921,
2989,2989,0.39359810948371887,
2990,2990,0.4057624340057373,
2991,2991,0.38879942893981934,
2992,2992,0.39801883697509766,
2993,2993,0.3900293707847595,
2994,2994,0.3885045051574707,
2995,2995,0.37988823652267456,
2996,2996,0.3930163085460663,
2997,2997,0.38879483938217163,
2998,2998,0.39722779393196106,
2999,2999,,0.38578030467033386
2999,2999,0.38578030467033386,
3000,3000,0.3964061141014099,
3001,3001,0.38419002294540405,
3002,3002,0.3825593888759613,
3003,3003,0.3835177421569824,
3004,3004,0.3783980906009674,
3005,3005,0.38914790749549866,
3006,3006,0.393553763628006,
3007,3007,0.3897075653076172,
3008,3008,0.38791513442993164,
3009,3009,0.4023178219795227,
3010,3010,0.37466222047805786,
3011,3011,0.37306249141693115,
3012,3012,0.3799813985824585,
3013,3013,0.3937573730945587,
3014,3014,0.3923760652542114,
3015,3015,0.3982340693473816,
3016,3016,0.3972586691379547,
3017,3017,0.3879529535770416,
3018,3018,0.3787444531917572,
3019,3019,0.39008161425590515,
3020,3020,0.39209529757499695,
3021,3021,0.3913254737854004,
3022,3022,0.3839067220687866,
3023,3023,0.39542141556739807,
3024,3024,0.383448988199234,
3025,3025,0.39128589630126953,
3026,3026,0.3853209316730499,
3027,3027,0.4018527865409851,
3028,3028,0.3867253065109253,
3029,3029,0.38312292098999023,
3030,3030,0.38370218873023987,
3031,3031,0.3847897946834564,
3032,3032,0.38399559259414673,
3033,3033,0.3947306275367737,
3034,3034,0.38363218307495117,
3035,3035,0.3848508298397064,
3036,3036,0.38369131088256836,
3037,3037,0.38746577501296997,
3038,3038,0.3833465278148651,
3039,3039,0.3814998269081116,
3040,3040,0.3821631371974945,
3041,3041,0.3874524235725403,
3042,3042,0.3855457305908203,
3043,3043,0.38936859369277954,
3044,3044,0.3840908706188202,
3045,3045,0.3780325949192047,
3046,3046,0.3842318058013916,
3047,3047,0.395042359828949,
3048,3048,0.38471469283103943,
3049,3049,,0.38661089539527893
3049,3049,0.38661089539527893,
3050,3050,0.38817182183265686,
3051,3051,0.38074439764022827,
3052,3052,0.3726903796195984,
3053,3053,0.3887491524219513,
3054,3054,0.3802001476287842,
3055,3055,0.37058302760124207,
3056,3056,0.3784656822681427,
3057,3057,0.3885919451713562,
3058,3058,0.3815421462059021,
3059,3059,0.370462566614151,
3060,3060,0.3888534605503082,
3061,3061,0.3877328038215637,
3062,3062,0.37904268503189087,
3063,3063,0.3777388036251068,
3064,3064,0.38178589940071106,
3065,3065,0.39184045791625977,
3066,3066,0.3798733949661255,
3067,3067,0.3745737075805664,
3068,3068,0.37095025181770325,
3069,3069,0.38325750827789307,
3070,3070,0.3772581219673157,
3071,3071,0.3916139602661133,
3072,3072,0.38248029351234436,
3073,3073,0.37703654170036316,
3074,3074,0.39061006903648376,
3075,3075,0.36966225504875183,
3076,3076,0.3825131058692932,
3077,3077,0.3750942349433899,
3078,3078,0.3751862049102783,
3079,3079,0.36000972986221313,
3080,3080,0.40477699041366577,
3081,3081,0.38111427426338196,
3082,3082,0.37897515296936035,
3083,3083,0.38663917779922485,
3084,3084,0.3902084529399872,
3085,3085,0.3819444179534912,
3086,3086,0.3728717863559723,
3087,3087,0.38306546211242676,
3088,3088,0.393733412027359,
3089,3089,0.4044230878353119,
3090,3090,0.37614747881889343,
3091,3091,0.3763710558414459,
3092,3092,0.3857642114162445,
3093,3093,0.3822760581970215,
3094,3094,0.36999693512916565,
3095,3095,0.3892640769481659,
3096,3096,0.3774329125881195,
3097,3097,0.3803986608982086,
3098,3098,0.3664945363998413,
3099,3099,,0.3836219310760498
3099,3099,0.3836219310760498,
3100,3100,0.36990126967430115,
3101,3101,0.37695932388305664,
3102,3102,0.37433120608329773,
3103,3103,0.37715667486190796,
3104,3104,0.3823469579219818,
3105,3105,0.37755000591278076,
3106,3106,0.38627204298973083,
3107,3107,0.37510189414024353,
3108,3108,0.3817695677280426,
3109,3109,0.3760843276977539,
3110,3110,0.3818356990814209,
3111,3111,0.37562981247901917,
3112,3112,0.38546228408813477,
3113,3113,0.37314924597740173,
3114,3114,0.37878596782684326,
3115,3115,0.37097179889678955,
3116,3116,0.37486565113067627,
3117,3117,0.38067302107810974,
3118,3118,0.38548633456230164,
3119,3119,0.3786570429801941,
3120,3120,0.3760433793067932,
3121,3121,0.372338205575943,
3122,3122,0.37416794896125793,
3123,3123,0.37100934982299805,
3124,3124,0.35356301069259644,
3125,3125,0.3697243332862854,
3126,3126,0.3728015124797821,
3127,3127,0.4039512276649475,
3128,3128,0.36395496129989624,
3129,3129,0.38459962606430054,
3130,3130,0.3861894905567169,
3131,3131,0.3751990497112274,
3132,3132,0.35995715856552124,
3133,3133,0.37102270126342773,
3134,3134,0.3966130018234253,
3135,3135,0.38164222240448,
3136,3136,0.37831324338912964,
3137,3137,0.3777657747268677,
3138,3138,0.3716922700405121,
3139,3139,0.37322747707366943,
3140,3140,0.37112271785736084,
3141,3141,0.3600251078605652,
3142,3142,0.37218543887138367,
3143,3143,0.3725498616695404,
3144,3144,0.3759015202522278,
3145,3145,0.3751406967639923,
3146,3146,0.3724811375141144,
3147,3147,0.3660806715488434,
3148,3148,0.36692267656326294,
3149,3149,,0.3783207833766937
3149,3149,0.3783207833766937,
3150,3150,0.3824924826622009,
3151,3151,0.3762529790401459,
3152,3152,0.3800774812698364,
3153,3153,0.3673642873764038,
3154,3154,0.3787769675254822,
3155,3155,0.3700014650821686,
3156,3156,0.3668740391731262,
3157,3157,0.37047889828681946,
3158,3158,0.36387789249420166,
3159,3159,0.3779821991920471,
3160,3160,0.3916451334953308,
3161,3161,0.3849978446960449,
3162,3162,0.3877330422401428,
3163,3163,0.3793405592441559,
3164,3164,0.3686774671077728,
3165,3165,0.3695666491985321,
3166,3166,0.3916267454624176,
3167,3167,0.37758132815361023,
3168,3168,0.37270113825798035,
3169,3169,0.377785325050354,
3170,3170,0.37327998876571655,
3171,3171,0.36967653036117554,
3172,3172,0.3716183304786682,
3173,3173,0.3652854263782501,
3174,3174,0.36380577087402344,
3175,3175,0.37339162826538086,
3176,3176,0.3619953393936157,
3177,3177,0.3748322129249573,
3178,3178,0.3777455985546112,
3179,3179,0.37153109908103943,
3180,3180,0.37215670943260193,
3181,3181,0.3714959919452667,
3182,3182,0.36398008465766907,
3183,3183,0.37489187717437744,
3184,3184,0.3670629560947418,
3185,3185,0.36415350437164307,
3186,3186,0.3667673170566559,
3187,3187,0.36595988273620605,
3188,3188,0.3683309555053711,
3189,3189,0.37167325615882874,
3190,3190,0.3723174035549164,
3191,3191,0.363290935754776,
3192,3192,0.36196476221084595,
3193,3193,0.37371474504470825,
3194,3194,0.3757690191268921,
3195,3195,0.36494845151901245,
3196,3196,0.3678414225578308,
3197,3197,0.36375561356544495,
3198,3198,0.3571953773498535,
3199,3199,,0.3673756718635559
3199,3199,0.3673756718635559,
3200,3200,0.3610728085041046,
3201,3201,0.36750921607017517,
3202,3202,0.35870224237442017,
3203,3203,0.3635565936565399,
3204,3204,0.3577398955821991,
3205,3205,0.3777455687522888,
3206,3206,0.36864084005355835,
3207,3207,0.3641262352466583,
3208,3208,0.37194323539733887,
3209,3209,0.36209842562675476,
3210,3210,0.36260873079299927,
3211,3211,0.3714165687561035,
3212,3212,0.3759075403213501,
3213,3213,0.36635327339172363,
3214,3214,0.3721475303173065,
3215,3215,0.36128509044647217,
3216,3216,0.360485702753067,
3217,3217,0.3522494435310364,
3218,3218,0.3793196976184845,
3219,3219,0.36454838514328003,
3220,3220,0.37695378065109253,
3221,3221,0.37236976623535156,
3222,3222,0.35619649291038513,
3223,3223,0.369039386510849,
3224,3224,0.3550942540168762,
3225,3225,0.3690658509731293,
3226,3226,0.3729270398616791,
3227,3227,0.3752117455005646,
3228,3228,0.3663100004196167,
3229,3229,0.36821967363357544,
3230,3230,0.3635721504688263,
3231,3231,0.36728954315185547,
3232,3232,0.3532315492630005,
3233,3233,0.3671623170375824,
3234,3234,0.35177335143089294,
3235,3235,0.3782362937927246,
3236,3236,0.36944252252578735,
3237,3237,0.353850394487381,
3238,3238,0.3615875244140625,
3239,3239,0.3780645728111267,
3240,3240,0.3607443869113922,
3241,3241,0.36438870429992676,
3242,3242,0.3569326102733612,
3243,3243,0.36412543058395386,
3244,3244,0.3664601743221283,
3245,3245,0.3740580379962921,
3246,3246,0.37740981578826904,
3247,3247,0.3635532855987549,
3248,3248,0.36806121468544006,
3249,3249,,0.36757466197013855
3249,3249,0.36757466197013855,
3250,3250,0.3737652599811554,
3251,3251,0.3652913570404053,
3252,3252,0.35847315192222595,
3253,3253,0.372935026884079,
3254,3254,0.35993528366088867,
3255,3255,0.36333972215652466,
3256,3256,0.3674352169036865,
3257,3257,0.3679654598236084,
3258,3258,0.3655122220516205,
3259,3259,0.35728469491004944,
3260,3260,0.36084648966789246,
3261,3261,0.37372061610221863,
3262,3262,0.3662041127681732,
3263,3263,0.36244818568229675,
3264,3264,0.36281314492225647,
3265,3265,0.3672932982444763,
3266,3266,0.36034154891967773,
3267,3267,0.36558425426483154,
3268,3268,0.35956379771232605,
3269,3269,0.364093542098999,
3270,3270,0.3557731509208679,
3271,3271,0.3769916296005249,
3272,3272,0.374798446893692,
3273,3273,0.36044350266456604,
3274,3274,0.3688172996044159,
3275,3275,0.3642015755176544,
3276,3276,0.3600839376449585,
3277,3277,0.35727640986442566,
3278,3278,0.3583371043205261,
3279,3279,0.34841209650039673,
3280,3280,0.3630603551864624,
3281,3281,0.36418232321739197,
3282,3282,0.3612341284751892,
3283,3283,0.36265620589256287,
3284,3284,0.36161836981773376,
3285,3285,0.357676237821579,
3286,3286,0.35355642437934875,
3287,3287,0.35987409949302673,
3288,3288,0.3701110780239105,
3289,3289,0.36409276723861694,
3290,3290,0.36377477645874023,
3291,3291,0.35072875022888184,
3292,3292,0.3572097718715668,
3293,3293,0.36343252658843994,
3294,3294,0.3684207499027252,
3295,3295,0.3650164008140564,
3296,3296,0.36527344584465027,
3297,3297,0.360007643699646,
3298,3298,0.3602065443992615,
3299,3299,,0.36324796080589294
3299,3299,0.36324796080589294,
3300,3300,0.35791999101638794,
3301,3301,0.3677235245704651,
3302,3302,0.36699363589286804,
3303,3303,0.36000922322273254,
3304,3304,0.3647422790527344,
3305,3305,0.355613112449646,
3306,3306,0.36209869384765625,
3307,3307,0.36335405707359314,
3308,3308,0.3527568280696869,
3309,3309,0.3625166118144989,
3310,3310,0.36564621329307556,
3311,3311,0.35497090220451355,
3312,3312,0.36348211765289307,
3313,3313,0.35300663113594055,
3314,3314,0.36882296204566956,
3315,3315,0.36608853936195374,
3316,3316,0.3643050491809845,
3317,3317,0.37423890829086304,
3318,3318,0.36121171712875366,
3319,3319,0.3670995831489563,
3320,3320,0.3597997725009918,
3321,3321,0.35222843289375305,
3322,3322,0.3577078580856323,
3323,3323,0.3612712323665619,
3324,3324,0.3617721199989319,
3325,3325,0.3644433915615082,
3326,3326,0.362852543592453,
3327,3327,0.35821130871772766,
3328,3328,0.36976391077041626,
3329,3329,0.3566615581512451,
3330,3330,0.3565632104873657,
3331,3331,0.3569875955581665,
3332,3332,0.3606700897216797,
3333,3333,0.3566950857639313,
3334,3334,0.3599267601966858,
3335,3335,0.3587101399898529,
3336,3336,0.34936511516571045,
3337,3337,0.3592483699321747,
3338,3338,0.35291004180908203,
3339,3339,0.3610886335372925,
3340,3340,0.3536420166492462,
3341,3341,0.35671353340148926,
3342,3342,0.35731950402259827,
3343,3343,0.36033639311790466,
3344,3344,0.3562350869178772,
3345,3345,0.3545348346233368,
3346,3346,0.3503139317035675,
3347,3347,0.3514067232608795,
3348,3348,0.3580774962902069,
3349,3349,,0.3511250913143158
3349,3349,0.3511250913143158,
3350,3350,0.3484777510166168,
3351,3351,0.3611588180065155,
3352,3352,0.360291451215744,
3353,3353,0.3618207275867462,
3354,3354,0.34942734241485596,
3355,3355,0.3728867471218109,
3356,3356,0.34832626581192017,
3357,3357,0.352726012468338,
3358,3358,0.3579070270061493,
3359,3359,0.34901952743530273,
3360,3360,0.35304713249206543,
3361,3361,0.3565807640552521,
3362,3362,0.36582624912261963,
3363,3363,0.33596450090408325,
3364,3364,0.3662978708744049,
3365,3365,0.36180415749549866,
3366,3366,0.3445917069911957,
3367,3367,0.3746442198753357,
3368,3368,0.36917513608932495,
3369,3369,0.3639110326766968,
3370,3370,0.3594995141029358,
3371,3371,0.3570164740085602,
3372,3372,0.3579784035682678,
3373,3373,0.3534124791622162,
3374,3374,0.3566371202468872,
3375,3375,0.3500467538833618,
3376,3376,0.3447986841201782,
3377,3377,0.3424735963344574,
3378,3378,0.3533186614513397,
3379,3379,0.35143953561782837,
3380,3380,0.35470762848854065,
3381,3381,0.355322927236557,
3382,3382,0.34536314010620117,
3383,3383,0.3487457036972046,
3384,3384,0.3506896197795868,
3385,3385,0.3531911373138428,
3386,3386,0.35869845747947693,
3387,3387,0.3536991477012634,
3388,3388,0.35357072949409485,
3389,3389,0.35630449652671814,
3390,3390,0.33217138051986694,
3391,3391,0.34575188159942627,
3392,3392,0.3473774194717407,
3393,3393,0.3459120988845825,
3394,3394,0.3623923361301422,
3395,3395,0.35247257351875305,
3396,3396,0.34776410460472107,
3397,3397,0.3512203097343445,
3398,3398,0.358402818441391,
3399,3399,,0.3536432683467865
3399,3399,0.3536432683467865,
3400,3400,0.3545166254043579,
3401,3401,0.3463943302631378,
3402,3402,0.35226938128471375,
3403,3403,0.35966554284095764,
3404,3404,0.35401514172554016,
3405,3405,0.35221564769744873,
3406,3406,0.357544481754303,
3407,3407,0.35701897740364075,
3408,3408,0.3567095100879669,
3409,3409,0.3574986159801483,
3410,3410,0.3438192903995514,
3411,3411,0.35565927624702454,
3412,3412,0.33506113290786743,
3413,3413,0.352762371301651,
3414,3414,0.35008472204208374,
3415,3415,0.3559107184410095,
3416,3416,0.35861361026763916,
3417,3417,0.3450965881347656,
3418,3418,0.3525416851043701,
3419,3419,0.3605484068393707,
3420,3420,0.3524593710899353,
3421,3421,0.34749558568000793,
3422,3422,0.36519283056259155,
3423,3423,0.3492250144481659,
3424,3424,0.36665794253349304,
3425,3425,0.35179004073143005,
3426,3426,0.34876731038093567,
3427,3427,0.3577098250389099,
3428,3428,0.3552442789077759,
3429,3429,0.3537118434906006,
3430,3430,0.35035237669944763,
3431,3431,0.347313791513443,
3432,3432,0.3520910143852234,
3433,3433,0.35017234086990356,
3434,3434,0.3520485460758209,
3435,3435,0.3494481146335602,
3436,3436,0.3501954674720764,
3437,3437,0.3362977206707001,
3438,3438,0.34523388743400574,
3439,3439,0.36109641194343567,
3440,3440,0.35292065143585205,
3441,3441,0.36216121912002563,
3442,3442,0.34935617446899414,
3443,3443,0.35312092304229736,
3444,3444,0.3457569181919098,
3445,3445,0.3470037877559662,
3446,3446,0.3339616656303406,
3447,3447,0.3493628203868866,
3448,3448,0.35076630115509033,
3449,3449,,0.3478240966796875
3449,3449,0.3478240966796875,
3450,3450,0.34917324781417847,
3451,3451,0.3492743670940399,
3452,3452,0.3548443019390106,
3453,3453,0.36125069856643677,
3454,3454,0.35175642371177673,
3455,3455,0.3456917107105255,
3456,3456,0.3515344560146332,
3457,3457,0.349564790725708,
3458,3458,0.3466123640537262,
3459,3459,0.3478497266769409,
3460,3460,0.3536437153816223,
3461,3461,0.36219045519828796,
3462,3462,0.3581535518169403,
3463,3463,0.3377961218357086,
3464,3464,0.3495526611804962,
3465,3465,0.3507188856601715,
3466,3466,0.34841489791870117,
3467,3467,0.3511030077934265,
3468,3468,0.34853240847587585,
3469,3469,0.3405616283416748,
3470,3470,0.34692439436912537,
3471,3471,0.35042616724967957,
3472,3472,0.3471713364124298,
3473,3473,0.34338897466659546,
3474,3474,0.3558131754398346,
3475,3475,0.3395640254020691,
3476,3476,0.348830908536911,
3477,3477,0.35722556710243225,
3478,3478,0.37562015652656555,
3479,3479,0.3443048894405365,
3480,3480,0.3685818016529083,
3481,3481,0.3486252725124359,
3482,3482,0.34680935740470886,
3483,3483,0.3404383063316345,
3484,3484,0.3664953410625458,
3485,3485,0.3491113483905792,
3486,3486,0.3454068601131439,
3487,3487,0.34697243571281433,
3488,3488,0.34354451298713684,
3489,3489,0.36144065856933594,
3490,3490,0.34844186902046204,
3491,3491,0.3442958891391754,
3492,3492,0.35553935170173645,
3493,3493,0.34802499413490295,
3494,3494,0.3487504720687866,
3495,3495,0.34035003185272217,
3496,3496,0.34041571617126465,
3497,3497,0.3512384295463562,
3498,3498,0.3491513729095459,
3499,3499,,0.3435958921909332
3499,3499,0.3435958921909332,
3500,3500,0.34356507658958435,
3501,3501,0.33455008268356323,
3502,3502,0.34148454666137695,
3503,3503,0.34219619631767273,
3504,3504,0.3462240993976593,
3505,3505,0.34830066561698914,
3506,3506,0.3463417589664459,
3507,3507,0.3417215645313263,
3508,3508,0.33659255504608154,
3509,3509,0.32526466250419617,
3510,3510,0.3464337885379791,
3511,3511,0.34334003925323486,
3512,3512,0.33871790766716003,
3513,3513,0.338924765586853,
3514,3514,0.3525855243206024,
3515,3515,0.3470492362976074,
3516,3516,0.3433888852596283,
3517,3517,0.36207741498947144,
3518,3518,0.3478400409221649,
3519,3519,0.3380446434020996,
3520,3520,0.34566622972488403,
3521,3521,0.3426567614078522,
3522,3522,0.33487436175346375,
3523,3523,0.3415979743003845,
3524,3524,0.3529719114303589,
3525,3525,0.32984670996665955,
3526,3526,0.3425171971321106,
3527,3527,0.3374168872833252,
3528,3528,0.33682405948638916,
3529,3529,0.34462928771972656,
3530,3530,0.3386404812335968,
3531,3531,0.3414280414581299,
3532,3532,0.35344865918159485,
3533,3533,0.3401939272880554,
3534,3534,0.3376409411430359,
3535,3535,0.323236346244812,
3536,3536,0.34336939454078674,
3537,3537,0.34474316239356995,
3538,3538,0.3401128053665161,
3539,3539,0.339944452047348,
3540,3540,0.33966687321662903,
3541,3541,0.33665230870246887,
3542,3542,0.3423800766468048,
3543,3543,0.33909696340560913,
3544,3544,0.3268321454524994,
3545,3545,0.3393210172653198,
3546,3546,0.3472175598144531,
3547,3547,0.3410026729106903,
3548,3548,0.3401411771774292,
3549,3549,,0.3422289490699768
3549,3549,0.3422289490699768,
3550,3550,0.34381338953971863,
3551,3551,0.33183690905570984,
3552,3552,0.34674134850502014,
3553,3553,0.35084646940231323,
3554,3554,0.3381301462650299,
3555,3555,0.34097835421562195,
3556,3556,0.3405415117740631,
3557,3557,0.3346431851387024,
3558,3558,0.33457356691360474,
3559,3559,0.3427791893482208,
3560,3560,0.33642080426216125,
3561,3561,0.3351050913333893,
3562,3562,0.34069448709487915,
3563,3563,0.3296526372432709,
3564,3564,0.33666980266571045,
3565,3565,0.33163827657699585,
3566,3566,0.3330070674419403,
3567,3567,0.34886711835861206,
3568,3568,0.3414402902126312,
3569,3569,0.3360540568828583,
3570,3570,0.35131675004959106,
3571,3571,0.3363976776599884,
3572,3572,0.339341402053833,
3573,3573,0.33913618326187134,
3574,3574,0.3372957408428192,
3575,3575,0.3433725833892822,
3576,3576,0.3475871682167053,
3577,3577,0.33972686529159546,
3578,3578,0.33328256011009216,
3579,3579,0.3352809250354767,
3580,3580,0.345840722322464,
3581,3581,0.3356765806674957,
3582,3582,0.32790395617485046,
3583,3583,0.3356446921825409,
3584,3584,0.33942508697509766,
3585,3585,0.33470702171325684,
3586,3586,0.3440018892288208,
3587,3587,0.3309423625469208,
3588,3588,0.3338947296142578,
3589,3589,0.33083847165107727,
3590,3590,0.33511072397232056,
3591,3591,0.33801254630088806,
3592,3592,0.3476777970790863,
3593,3593,0.3339795470237732,
3594,3594,0.3353554606437683,
3595,3595,0.33937910199165344,
3596,3596,0.3374546468257904,
3597,3597,0.3338368833065033,
3598,3598,0.347331166267395,
3599,3599,,0.3341395854949951
3599,3599,0.3341395854949951,
3600,3600,0.33585038781166077,
3601,3601,0.3367895483970642,
3602,3602,0.3408927917480469,
3603,3603,0.33944272994995117,
3604,3604,0.3468126058578491,
3605,3605,0.3384690284729004,
3606,3606,0.33427655696868896,
3607,3607,0.32836973667144775,
3608,3608,0.32948634028434753,
3609,3609,0.33941709995269775,
3610,3610,0.3331645131111145,
3611,3611,0.32779714465141296,
3612,3612,0.34981879591941833,
3613,3613,0.3302916884422302,
3614,3614,0.3339706063270569,
3615,3615,0.3418397307395935,
3616,3616,0.33582985401153564,
3617,3617,0.33615490794181824,
3618,3618,0.3374668061733246,
3619,3619,0.33201655745506287,
3620,3620,0.3370012938976288,
3621,3621,0.33455049991607666,
3622,3622,0.3373536765575409,
3623,3623,0.337261825799942,
3624,3624,0.3359679579734802,
3625,3625,0.33045101165771484,
3626,3626,0.33303117752075195,
3627,3627,0.3374873697757721,
3628,3628,0.33107152581214905,
3629,3629,0.3246597647666931,
3630,3630,0.3418789207935333,
3631,3631,0.33325400948524475,
3632,3632,0.32556816935539246,
3633,3633,0.33281072974205017,
3634,3634,0.3206222653388977,
3635,3635,0.32849180698394775,
3636,3636,0.33333250880241394,
3637,3637,0.33237481117248535,
3638,3638,0.3266117572784424,
3639,3639,0.337525337934494,
3640,3640,0.33647990226745605,
3641,3641,0.32838869094848633,
3642,3642,0.33113840222358704,
3643,3643,0.33418914675712585,
3644,3644,0.33325961232185364,
3645,3645,0.33978191018104553,
3646,3646,0.3405746817588806,
3647,3647,0.3372158408164978,
3648,3648,0.32536113262176514,
3649,3649,,0.339083731174469
3649,3649,0.339083731174469,
3650,3650,0.3308144807815552,
3651,3651,0.33329781889915466,
3652,3652,0.331022709608078,
3653,3653,0.3268839716911316,
3654,3654,0.32941558957099915,
3655,3655,0.3456951677799225,
3656,3656,0.3295416235923767,
3657,3657,0.33035674691200256,
3658,3658,0.3313426077365875,
3659,3659,0.32861199975013733,
3660,3660,0.338674396276474,
3661,3661,0.334239661693573,
3662,3662,0.3246767818927765,
3663,3663,0.3308895528316498,
3664,3664,0.32493242621421814,
3665,3665,0.3403832018375397,
3666,3666,0.3434313237667084,
3667,3667,0.3338128328323364,
3668,3668,0.3448226749897003,
3669,3669,0.32833319902420044,
3670,3670,0.32886403799057007,
3671,3671,0.3384664058685303,
3672,3672,0.3266662359237671,
3673,3673,0.3327372968196869,
3674,3674,0.32587331533432007,
3675,3675,0.3230654001235962,
3676,3676,0.3345286548137665,
3677,3677,0.3284067213535309,
3678,3678,0.32382404804229736,
3679,3679,0.33936020731925964,
3680,3680,0.3274356424808502,
3681,3681,0.3407610356807709,
3682,3682,0.34428778290748596,
3683,3683,0.34052932262420654,
3684,3684,0.3374844491481781,
3685,3685,0.3197872042655945,
3686,3686,0.3249590992927551,
3687,3687,0.3329351842403412,
3688,3688,0.33334946632385254,
3689,3689,0.33885571360588074,
3690,3690,0.3310374617576599,
3691,3691,0.33106768131256104,
3692,3692,0.3222852051258087,
3693,3693,0.3307504951953888,
3694,3694,0.3305205702781677,
3695,3695,0.3200753927230835,
3696,3696,0.31927308440208435,
3697,3697,0.3289121687412262,
3698,3698,0.32601532340049744,
3699,3699,,0.33017367124557495
3699,3699,0.33017367124557495,
3700,3700,0.3207671344280243,
3701,3701,0.3313464820384979,
3702,3702,0.35408854484558105,
3703,3703,0.33900725841522217,
3704,3704,0.3310130834579468,
3705,3705,0.32890674471855164,
3706,3706,0.339922696352005,
3707,3707,0.3304557800292969,
3708,3708,0.33791449666023254,
3709,3709,0.3312940001487732,
3710,3710,0.3354511857032776,
3711,3711,0.33247795701026917,
3712,3712,0.33087581396102905,
3713,3713,0.3306572437286377,
3714,3714,0.3328908681869507,
3715,3715,0.3495418131351471,
3716,3716,0.34010085463523865,
3717,3717,0.3261353373527527,
3718,3718,0.33552393317222595,
3719,3719,0.31835412979125977,
3720,3720,0.3282029926776886,
3721,3721,0.3276306688785553,
3722,3722,0.3289158046245575,
3723,3723,0.3288063108921051,
3724,3724,0.32533693313598633,
3725,3725,0.3346216678619385,
3726,3726,0.3282008767127991,
3727,3727,0.32828038930892944,
3728,3728,0.3328084647655487,
3729,3729,0.3318200707435608,
3730,3730,0.3133450746536255,
3731,3731,0.32303133606910706,
3732,3732,0.33842694759368896,
3733,3733,0.3241119384765625,
3734,3734,0.3276122510433197,
3735,3735,0.32763293385505676,
3736,3736,0.3220125436782837,
3737,3737,0.32613447308540344,
3738,3738,0.334953248500824,
3739,3739,0.32675063610076904,
3740,3740,0.32250481843948364,
3741,3741,0.32708168029785156,
3742,3742,0.32785624265670776,
3743,3743,0.3146558701992035,
3744,3744,0.3282943069934845,
3745,3745,0.3270896375179291,
3746,3746,0.32321566343307495,
3747,3747,0.34465962648391724,
3748,3748,0.3281317353248596,
3749,3749,,0.3200848698616028
3749,3749,0.3200848698616028,
3750,3750,0.3272532820701599,
3751,3751,0.3246176242828369,
3752,3752,0.31821000576019287,
3753,3753,0.3244864344596863,
3754,3754,0.3284790515899658,
3755,3755,0.31948959827423096,
3756,3756,0.3281700611114502,
3757,3757,0.32673177123069763,
3758,3758,0.31646090745925903,
3759,3759,0.3292415142059326,
3760,3760,0.3303358554840088,
3761,3761,0.33481085300445557,
3762,3762,0.3266432285308838,
3763,3763,0.32165947556495667,
3764,3764,0.3205849528312683,
3765,3765,0.33151721954345703,
3766,3766,0.311639666557312,
3767,3767,0.3187691271305084,
3768,3768,0.32284238934516907,
3769,3769,0.3332141041755676,
3770,3770,0.32097870111465454,
3771,3771,0.3189582824707031,
3772,3772,0.32074683904647827,
3773,3773,0.32484063506126404,
3774,3774,0.33191654086112976,
3775,3775,0.31910207867622375,
3776,3776,0.31910479068756104,
3777,3777,0.32520416378974915,
3778,3778,0.3284881114959717,
3779,3779,0.3190712034702301,
3780,3780,0.31942757964134216,
3781,3781,0.3205436170101166,
3782,3782,0.32852786779403687,
3783,3783,0.3206872045993805,
3784,3784,0.33723559975624084,
3785,3785,0.32209455966949463,
3786,3786,0.3306941092014313,
3787,3787,0.3181818723678589,
3788,3788,0.3234880268573761,
3789,3789,0.3133135139942169,
3790,3790,0.3169936239719391,
3791,3791,0.32464900612831116,
3792,3792,0.32314616441726685,
3793,3793,0.31510984897613525,
3794,3794,0.31549394130706787,
3795,3795,0.3166472315788269,
3796,3796,0.3229789733886719,
3797,3797,0.3049469590187073,
3798,3798,0.316369891166687,
3799,3799,,0.3164706528186798
3799,3799,0.3164706528186798,
3800,3800,0.3193042278289795,
3801,3801,0.31816449761390686,
3802,3802,0.3137293756008148,
3803,3803,0.314089298248291,
3804,3804,0.3149189054965973,
3805,3805,0.3185739815235138,
3806,3806,0.3187934458255768,
3807,3807,0.3357248604297638,
3808,3808,0.315511554479599,
3809,3809,0.3201196491718292,
3810,3810,0.31579434871673584,
3811,3811,0.3283880352973938,
3812,3812,0.31334251165390015,
3813,3813,0.3144591152667999,
3814,3814,0.32269853353500366,
3815,3815,0.3267126679420471,
3816,3816,0.3260939419269562,
3817,3817,0.32496288418769836,
3818,3818,0.31789860129356384,
3819,3819,0.3069734275341034,
3820,3820,0.31382304430007935,
3821,3821,0.31858310103416443,
3822,3822,0.30535924434661865,
3823,3823,0.31762614846229553,
3824,3824,0.31734150648117065,
3825,3825,0.31676679849624634,
3826,3826,0.3129044771194458,
3827,3827,0.31718313694000244,
3828,3828,0.3170352876186371,
3829,3829,0.31896451115608215,
3830,3830,0.3141520321369171,
3831,3831,0.3136657476425171,
3832,3832,0.323855459690094,
3833,3833,0.32019758224487305,
3834,3834,0.29906728863716125,
3835,3835,0.3151814043521881,
3836,3836,0.3146226406097412,
3837,3837,0.3143584430217743,
3838,3838,0.3119775354862213,
3839,3839,0.3173350393772125,
3840,3840,0.3088435232639313,
3841,3841,0.31218066811561584,
3842,3842,0.31221017241477966,
3843,3843,0.3180931508541107,
3844,3844,0.31594082713127136,
3845,3845,0.31195080280303955,
3846,3846,0.31732481718063354,
3847,3847,0.3121558427810669,
3848,3848,0.3159242570400238,
3849,3849,,0.3138488233089447
3849,3849,0.3138488233089447,
3850,3850,0.31354430317878723,
3851,3851,0.30758196115493774,
3852,3852,0.314141184091568,
3853,3853,0.3094518184661865,
3854,3854,0.3054979145526886,
3855,3855,0.30148985981941223,
3856,3856,0.31929633021354675,
3857,3857,0.3118087947368622,
3858,3858,0.3182874917984009,
3859,3859,0.312283992767334,
3860,3860,0.31056517362594604,
3861,3861,0.31449300050735474,
3862,3862,0.31639939546585083,
3863,3863,0.31326207518577576,
3864,3864,0.3111537992954254,
3865,3865,0.31167277693748474,
3866,3866,0.3145008683204651,
3867,3867,0.32002002000808716,
3868,3868,0.3151077926158905,
3869,3869,0.3126281797885895,
3870,3870,0.30811458826065063,
3871,3871,0.3112797439098358,
3872,3872,0.3180466294288635,
3873,3873,0.30777761340141296,
3874,3874,0.3144320845603943,
3875,3875,0.311791330575943,
3876,3876,0.3164527118206024,
3877,3877,0.2849174737930298,
3878,3878,0.31776222586631775,
3879,3879,0.30550187826156616,
3880,3880,0.30081507563591003,
3881,3881,0.3190174400806427,
3882,3882,0.30312755703926086,
3883,3883,0.31407150626182556,
3884,3884,0.3145642578601837,
3885,3885,0.30860427021980286,
3886,3886,0.30707019567489624,
3887,3887,0.31214794516563416,
3888,3888,0.31078746914863586,
3889,3889,0.31047913432121277,
3890,3890,0.3074148893356323,
3891,3891,0.30792880058288574,
3892,3892,0.31134411692619324,
3893,3893,0.3151141405105591,
3894,3894,0.3135533630847931,
3895,3895,0.3076317310333252,
3896,3896,0.3089832067489624,
3897,3897,0.31094425916671753,
3898,3898,0.3042197823524475,
3899,3899,,0.30661243200302124
3899,3899,0.30661243200302124,
3900,3900,0.31735461950302124,
3901,3901,0.30381155014038086,
3902,3902,0.31033194065093994,
3903,3903,0.3109540045261383,
3904,3904,0.32528263330459595,
3905,3905,0.30165430903434753,
3906,3906,0.30894267559051514,
3907,3907,0.3018219769001007,
3908,3908,0.30169132351875305,
3909,3909,0.317320853471756,
3910,3910,0.3052569031715393,
3911,3911,0.31198158860206604,
3912,3912,0.3092450499534607,
3913,3913,0.31439870595932007,
3914,3914,0.3053475022315979,
3915,3915,0.3100394308567047,
3916,3916,0.30836042761802673,
3917,3917,0.3062750995159149,
3918,3918,0.3159920573234558,
3919,3919,0.30928531289100647,
3920,3920,0.3133507966995239,
3921,3921,0.3044959604740143,
3922,3922,0.3127388656139374,
3923,3923,0.3096683621406555,
3924,3924,0.3101876676082611,
3925,3925,0.31118178367614746,
3926,3926,0.31402018666267395,
3927,3927,0.3065665364265442,
3928,3928,0.31997784972190857,
3929,3929,0.3064955174922943,
3930,3930,0.3160909414291382,
3931,3931,0.30492734909057617,
3932,3932,0.3049521744251251,
3933,3933,0.30961278080940247,
3934,3934,0.321860134601593,
3935,3935,0.3092863857746124,
3936,3936,0.3000088036060333,
3937,3937,0.2943703532218933,
3938,3938,0.29032057523727417,
3939,3939,0.30771568417549133,
3940,3940,0.3108762502670288,
3941,3941,0.3110794425010681,
3942,3942,0.30314165353775024,
3943,3943,0.31620776653289795,
3944,3944,0.3118366003036499,
3945,3945,0.3033229112625122,
3946,3946,0.31274354457855225,
3947,3947,0.31220120191574097,
3948,3948,0.3117597997188568,
3949,3949,,0.3107118308544159
3949,3949,0.3107118308544159,
3950,3950,0.30620038509368896,
3951,3951,0.30435070395469666,
3952,3952,0.3037773370742798,
3953,3953,0.30889058113098145,
3954,3954,0.3083283007144928,
3955,3955,0.3035636246204376,
3956,3956,0.3084236979484558,
3957,3957,0.3066471815109253,
3958,3958,0.3055495023727417,
3959,3959,0.3029475510120392,
3960,3960,0.31082794070243835,
3961,3961,0.31016141176223755,
3962,3962,0.3158259689807892,
3963,3963,0.3072296380996704,
3964,3964,0.3107117712497711,
3965,3965,0.3117135167121887,
3966,3966,0.3061436712741852,
3967,3967,0.31201171875,
3968,3968,0.30973637104034424,
3969,3969,0.3043312132358551,
3970,3970,0.3145506680011749,
3971,3971,0.3033308684825897,
3972,3972,0.29598307609558105,
3973,3973,0.3133334517478943,
3974,3974,0.30555257201194763,
3975,3975,0.30321627855300903,
3976,3976,0.30459070205688477,
3977,3977,0.3009300231933594,
3978,3978,0.30625608563423157,
3979,3979,0.3014461398124695,
3980,3980,0.30298104882240295,
3981,3981,0.30490410327911377,
3982,3982,0.3044445216655731,
3983,3983,0.3093032240867615,
3984,3984,0.29197749495506287,
3985,3985,0.30771440267562866,
3986,3986,0.3051110506057739,
3987,3987,0.3041174113750458,
3988,3988,0.30569562315940857,
3989,3989,0.2999115288257599,
3990,3990,0.3024725019931793,
3991,3991,0.3171537518501282,
3992,3992,0.29173845052719116,
3993,3993,0.3003538250923157,
3994,3994,0.3023543655872345,
3995,3995,0.30556610226631165,
3996,3996,0.299065500497818,
3997,3997,0.29155758023262024,
3998,3998,0.30296608805656433,
3999,3999,,0.2991584539413452
3999,3999,0.2991584539413452,
4000,4000,0.30407005548477173,
4001,4001,0.30647021532058716,
4002,4002,0.3075346052646637,
4003,4003,0.30033454298973083,
4004,4004,0.2999982535839081,
4005,4005,0.3043120801448822,
4006,4006,0.29549553990364075,
4007,4007,0.3074018061161041,
4008,4008,0.29833102226257324,
4009,4009,0.30356365442276,
4010,4010,0.29225581884384155,
4011,4011,0.2990031838417053,
4012,4012,0.3078668713569641,
4013,4013,0.29759153723716736,
4014,4014,0.3028258979320526,
4015,4015,0.30408838391304016,
4016,4016,0.3003334701061249,
4017,4017,0.30502963066101074,
4018,4018,0.30453652143478394,
4019,4019,0.2840765118598938,
4020,4020,0.300645112991333,
4021,4021,0.319317489862442,
4022,4022,0.29634445905685425,
4023,4023,0.2985606789588928,
4024,4024,0.29451829195022583,
4025,4025,0.29982954263687134,
4026,4026,0.30109986662864685,
4027,4027,0.3032848536968231,
4028,4028,0.2946705222129822,
4029,4029,0.3061126172542572,
4030,4030,0.30155089497566223,
4031,4031,0.30918994545936584,
4032,4032,0.2991289794445038,
4033,4033,0.2925755977630615,
4034,4034,0.3118206858634949,
4035,4035,0.3102165162563324,
4036,4036,0.3049614727497101,
4037,4037,0.29341188073158264,
4038,4038,0.3045230209827423,
4039,4039,0.30572864413261414,
4040,4040,0.3026120364665985,
4041,4041,0.3124326467514038,
4042,4042,0.3053155243396759,
4043,4043,0.29968851804733276,
4044,4044,0.30868467688560486,
4045,4045,0.2981705069541931,
4046,4046,0.3004355728626251,
4047,4047,0.3129718601703644,
4048,4048,0.2922055423259735,
4049,4049,,0.3043633997440338
4049,4049,0.3043633997440338,
4050,4050,0.30690890550613403,
4051,4051,0.3089466392993927,
4052,4052,0.2912334203720093,
4053,4053,0.3154456317424774,
4054,4054,0.2988241910934448,
4055,4055,0.292683482170105,
4056,4056,0.31242337822914124,
4057,4057,0.3039707541465759,
4058,4058,0.3022491931915283,
4059,4059,0.30399659276008606,
4060,4060,0.2940138578414917,
4061,4061,0.2844724953174591,
4062,4062,0.29940173029899597,
4063,4063,0.2937559485435486,
4064,4064,0.2989535629749298,
4065,4065,0.29905444383621216,
4066,4066,0.2933565378189087,
4067,4067,0.29205796122550964,
4068,4068,0.30103981494903564,
4069,4069,0.2926728129386902,
4070,4070,0.299214631319046,
4071,4071,0.29977840185165405,
4072,4072,0.3001633584499359,
4073,4073,0.29910045862197876,
4074,4074,0.29567593336105347,
4075,4075,0.29763659834861755,
4076,4076,0.3019362688064575,
4077,4077,0.29964664578437805,
4078,4078,0.30217239260673523,
4079,4079,0.2937923073768616,
4080,4080,0.3034164309501648,
4081,4081,0.2991642355918884,
4082,4082,0.2945109009742737,
4083,4083,0.2950897514820099,
4084,4084,0.29718634486198425,
4085,4085,0.2970028519630432,
4086,4086,0.2952831983566284,
4087,4087,0.28631332516670227,
4088,4088,0.307766854763031,
4089,4089,0.29369133710861206,
4090,4090,0.3032360374927521,
4091,4091,0.2943393588066101,
4092,4092,0.2938872277736664,
4093,4093,0.2971036732196808,
4094,4094,0.2897968292236328,
4095,4095,0.2918047308921814,
4096,4096,0.2944543659687042,
4097,4097,0.2980712354183197,
4098,4098,0.2885321378707886,
4099,4099,,0.2927519679069519
4099,4099,0.2927519679069519,
4100,4100,0.29364466667175293,
4101,4101,0.29512473940849304,
4102,4102,0.3019445836544037,
4103,4103,0.30053478479385376,
4104,4104,0.2985854744911194,
4105,4105,0.2953956425189972,
4106,4106,0.2941066026687622,
4107,4107,0.286641925573349,
4108,4108,0.29272693395614624,
4109,4109,0.3039178252220154,
4110,4110,0.2976743280887604,
4111,4111,0.2951429784297943,
4112,4112,0.2908344864845276,
4113,4113,0.2953706383705139,
4114,4114,0.28870531916618347,
4115,4115,0.3088367283344269,
4116,4116,0.29414796829223633,
4117,4117,0.28694239258766174,
4118,4118,0.2877552807331085,
4119,4119,0.2887091338634491,
4120,4120,0.30811089277267456,
4121,4121,0.29756811261177063,
4122,4122,0.30053195357322693,
4123,4123,0.28978756070137024,
4124,4124,0.295380175113678,
4125,4125,0.2986789345741272,
4126,4126,0.2922936975955963,
4127,4127,0.28301528096199036,
4128,4128,0.2810143530368805,
4129,4129,0.29815149307250977,
4130,4130,0.2943156063556671,
4131,4131,0.29272180795669556,
4132,4132,0.28935137391090393,
4133,4133,0.28974947333335876,
4134,4134,0.2979143261909485,
4135,4135,0.29069840908050537,
4136,4136,0.2907639145851135,
4137,4137,0.2886676490306854,
4138,4138,0.2996364235877991,
4139,4139,0.29185494780540466,
4140,4140,0.2906123995780945,
4141,4141,0.2905477285385132,
4142,4142,0.2936513125896454,
4143,4143,0.29197514057159424,
4144,4144,0.2817038595676422,
4145,4145,0.2898321747779846,
4146,4146,0.2889602780342102,
4147,4147,0.28251728415489197,
4148,4148,0.28496310114860535,
4149,4149,,0.28384777903556824
4149,4149,0.28384777903556824,
4150,4150,0.28344863653182983,
4151,4151,0.29168713092803955,
4152,4152,0.2932080328464508,
4153,4153,0.28881701827049255,
4154,4154,0.28952786326408386,
4155,4155,0.2916873097419739,
4156,4156,0.2950995862483978,
4157,4157,0.288149356842041,
4158,4158,0.2909139394760132,
4159,4159,0.29535239934921265,
4160,4160,0.2913932204246521,
4161,4161,0.2820456326007843,
4162,4162,0.2851868271827698,
4163,4163,0.2932697534561157,
4164,4164,0.2868214249610901,
4165,4165,0.28656628727912903,
4166,4166,0.284956693649292,
4167,4167,0.29452255368232727,
4168,4168,0.2892354726791382,
4169,4169,0.2929269075393677,
4170,4170,0.2924121022224426,
4171,4171,0.28557220101356506,
4172,4172,0.2897416353225708,
4173,4173,0.2924952208995819,
4174,4174,0.2865831255912781,
4175,4175,0.2899032533168793,
4176,4176,0.29019895195961,
4177,4177,0.2934894263744354,
4178,4178,0.27760985493659973,
4179,4179,0.2907455563545227,
4180,4180,0.29681259393692017,
4181,4181,0.28979405760765076,
4182,4182,0.3040047585964203,
4183,4183,0.2992655038833618,
4184,4184,0.2846999764442444,
4185,4185,0.2880566418170929,
4186,4186,0.2891688048839569,
4187,4187,0.28887662291526794,
4188,4188,0.29314109683036804,
4189,4189,0.28496864438056946,
4190,4190,0.28341251611709595,
4191,4191,0.28234320878982544,
4192,4192,0.2842547595500946,
4193,4193,0.28310805559158325,
4194,4194,0.2834261953830719,
4195,4195,0.2870667576789856,
4196,4196,0.2859620451927185,
4197,4197,0.2847416400909424,
4198,4198,0.28831976652145386,
4199,4199,,0.2843747138977051
4199,4199,0.2843747138977051,
4200,4200,0.3008551597595215,
4201,4201,0.29061082005500793,
4202,4202,0.2741733193397522,
4203,4203,0.2878844738006592,
4204,4204,0.28395986557006836,
4205,4205,0.2850196063518524,
4206,4206,0.29043084383010864,
4207,4207,0.27122554183006287,
4208,4208,0.28885355591773987,
4209,4209,0.28482601046562195,
4210,4210,0.2867668867111206,
4211,4211,0.2915025055408478,
4212,4212,0.27865052223205566,
4213,4213,0.2861255407333374,
4214,4214,0.28587937355041504,
4215,4215,0.2841801643371582,
4216,4216,0.2825568616390228,
4217,4217,0.2894991934299469,
4218,4218,0.28813686966896057,
4219,4219,0.2855813503265381,
4220,4220,0.2785022556781769,
4221,4221,0.28401193022727966,
4222,4222,0.2841387987136841,
4223,4223,0.28259655833244324,
4224,4224,0.28414979577064514,
4225,4225,0.27672937512397766,
4226,4226,0.2809494435787201,
4227,4227,0.2849046289920807,
4228,4228,0.28997254371643066,
4229,4229,0.27549171447753906,
4230,4230,0.2829879820346832,
4231,4231,0.27822577953338623,
4232,4232,0.28034043312072754,
4233,4233,0.2864859700202942,
4234,4234,0.2855105400085449,
4235,4235,0.29015102982521057,
4236,4236,0.2784541845321655,
4237,4237,0.2859323024749756,
4238,4238,0.28364527225494385,
4239,4239,0.2790828347206116,
4240,4240,0.28357723355293274,
4241,4241,0.2792966961860657,
4242,4242,0.28477370738983154,
4243,4243,0.2814587950706482,
4244,4244,0.2818624675273895,
4245,4245,0.28231939673423767,
4246,4246,0.2935579717159271,
4247,4247,0.2746945917606354,
4248,4248,0.27357879281044006,
4249,4249,,0.2742294371128082
4249,4249,0.2742294371128082,
4250,4250,0.28044360876083374,
4251,4251,0.27712664008140564,
4252,4252,0.2830963730812073,
4253,4253,0.27977505326271057,
4254,4254,0.28646087646484375,
4255,4255,0.2904983460903168,
4256,4256,0.2891573905944824,
4257,4257,0.27683839201927185,
4258,4258,0.2816832959651947,
4259,4259,0.2826189398765564,
4260,4260,0.2771835923194885,
4261,4261,0.2805023491382599,
4262,4262,0.27693238854408264,
4263,4263,0.2824050188064575,
4264,4264,0.2795470356941223,
4265,4265,0.285812646150589,
4266,4266,0.2845970392227173,
4267,4267,0.278558611869812,
4268,4268,0.292282372713089,
4269,4269,0.27618351578712463,
4270,4270,0.28564372658729553,
4271,4271,0.2740072011947632,
4272,4272,0.2789110243320465,
4273,4273,0.28623563051223755,
4274,4274,0.27509936690330505,
4275,4275,0.2834172248840332,
4276,4276,0.28117483854293823,
4277,4277,0.2843911945819855,
4278,4278,0.28047654032707214,
4279,4279,0.2771873474121094,
4280,4280,0.28239312767982483,
4281,4281,0.2822207510471344,
4282,4282,0.2816547155380249,
4283,4283,0.28149592876434326,
4284,4284,0.2777756154537201,
4285,4285,0.27898016571998596,
4286,4286,0.2812757194042206,
4287,4287,0.2840224802494049,
4288,4288,0.2788081169128418,
4289,4289,0.2754893898963928,
4290,4290,0.2814539968967438,
4291,4291,0.27790263295173645,
4292,4292,0.2807793617248535,
4293,4293,0.28959929943084717,
4294,4294,0.2808055281639099,
4295,4295,0.2829199433326721,
4296,4296,0.28967684507369995,
4297,4297,0.2828808128833771,
4298,4298,0.2802901864051819,
4299,4299,,0.2879221737384796
4299,4299,0.2879221737384796,
4300,4300,0.27523693442344666,
4301,4301,0.2813986539840698,
4302,4302,0.28466126322746277,
4303,4303,0.27891838550567627,
4304,4304,0.28730496764183044,
4305,4305,0.2757924795150757,
4306,4306,0.2814105451107025,
4307,4307,0.28271999955177307,
4308,4308,0.2702639698982239,
4309,4309,0.28422480821609497,
4310,4310,0.2997962534427643,
4311,4311,0.27760761976242065,
4312,4312,0.28203901648521423,
4313,4313,0.2815539240837097,
4314,4314,0.2821054458618164,
4315,4315,0.2803053557872772,
4316,4316,0.2833150029182434,
4317,4317,0.27700701355934143,
4318,4318,0.28245702385902405,
4319,4319,0.2794230580329895,
4320,4320,0.28011059761047363,
4321,4321,0.2767604887485504,
4322,4322,0.27475211024284363,
4323,4323,0.28247395157814026,
4324,4324,0.2765631079673767,
4325,4325,0.27781179547309875,
4326,4326,0.27341562509536743,
4327,4327,0.26374194025993347,
4328,4328,0.27216866612434387,
4329,4329,0.2769712209701538,
4330,4330,0.27701419591903687,
4331,4331,0.28289270401000977,
4332,4332,0.27805423736572266,
4333,4333,0.27975815534591675,
4334,4334,0.27963635325431824,
4335,4335,0.27280300855636597,
4336,4336,0.27854296565055847,
4337,4337,0.278990238904953,
4338,4338,0.2858503758907318,
4339,4339,0.2763112485408783,
4340,4340,0.27615323662757874,
4341,4341,0.2706736624240875,
4342,4342,0.28949522972106934,
4343,4343,0.2805922329425812,
4344,4344,0.26799896359443665,
4345,4345,0.2713993191719055,
4346,4346,0.2777665853500366,
4347,4347,0.2682560980319977,
4348,4348,0.2757912278175354,
4349,4349,,0.27143940329551697
4349,4349,0.27143940329551697,
4350,4350,0.2675221264362335,
4351,4351,0.2743532359600067,
4352,4352,0.2734139859676361,
4353,4353,0.27253952622413635,
4354,4354,0.26743006706237793,
4355,4355,0.27689242362976074,
4356,4356,0.2767506539821625,
4357,4357,0.27437591552734375,
4358,4358,0.280059278011322,
4359,4359,0.266809344291687,
4360,4360,0.2711695730686188,
4361,4361,0.27373483777046204,
4362,4362,0.2772338092327118,
4363,4363,0.2660509943962097,
4364,4364,0.268715500831604,
4365,4365,0.2807493507862091,
4366,4366,0.27732256054878235,
4367,4367,0.2808057367801666,
4368,4368,0.26479899883270264,
4369,4369,0.2692371904850006,
4370,4370,0.27222827076911926,
4371,4371,0.2760052978992462,
4372,4372,0.27687907218933105,
4373,4373,0.27421921491622925,
4374,4374,0.2663862705230713,
4375,4375,0.2756628096103668,
4376,4376,0.27854448556900024,
4377,4377,0.28574371337890625,
4378,4378,0.278102308511734,
4379,4379,0.27394115924835205,
4380,4380,0.27687716484069824,
4381,4381,0.2746099531650543,
4382,4382,0.2723556458950043,
4383,4383,0.2750667631626129,
4384,4384,0.2862210273742676,
4385,4385,0.27143263816833496,
4386,4386,0.27203962206840515,
4387,4387,0.2725890874862671,
4388,4388,0.27871689200401306,
4389,4389,0.27199703454971313,
4390,4390,0.27828681468963623,
4391,4391,0.27137964963912964,
4392,4392,0.27477484941482544,
4393,4393,0.2753346264362335,
4394,4394,0.2764349579811096,
4395,4395,0.2847732901573181,
4396,4396,0.27695056796073914,
4397,4397,0.27138516306877136,
4398,4398,0.27191442251205444,
4399,4399,,0.26746681332588196
4399,4399,0.26746681332588196,
4400,4400,0.27105599641799927,
4401,4401,0.27424052357673645,
4402,4402,0.2707445025444031,
4403,4403,0.27318456768989563,
4404,4404,0.2751328647136688,
4405,4405,0.2740117609500885,
4406,4406,0.2748427391052246,
4407,4407,0.25904354453086853,
4408,4408,0.27452290058135986,
4409,4409,0.25946322083473206,
4410,4410,0.2719283998012543,
4411,4411,0.27115216851234436,
4412,4412,0.26664167642593384,
4413,4413,0.267714262008667,
4414,4414,0.2709139585494995,
4415,4415,0.27332431077957153,
4416,4416,0.2745060622692108,
4417,4417,0.26591381430625916,
4418,4418,0.2674664258956909,
4419,4419,0.27526938915252686,
4420,4420,0.2653253376483917,
4421,4421,0.27257007360458374,
4422,4422,0.2622681260108948,
4423,4423,0.2611292898654938,
4424,4424,0.2731170654296875,
4425,4425,0.26916417479515076,
4426,4426,0.26844021677970886,
4427,4427,0.26827070116996765,
4428,4428,0.27066996693611145,
4429,4429,0.2685561180114746,
4430,4430,0.2689622938632965,
4431,4431,0.27032431960105896,
4432,4432,0.27367904782295227,
4433,4433,0.2751832604408264,
4434,4434,0.2741047143936157,
4435,4435,0.27250900864601135,
4436,4436,0.26467499136924744,
4437,4437,0.25936275720596313,
4438,4438,0.26904723048210144,
4439,4439,0.27817705273628235,
4440,4440,0.2728707194328308,
4441,4441,0.26749923825263977,
4442,4442,0.266412615776062,
4443,4443,0.2695564925670624,
4444,4444,0.27748310565948486,
4445,4445,0.2537044584751129,
4446,4446,0.26857200264930725,
4447,4447,0.2688971161842346,
4448,4448,0.2758966386318207,
4449,4449,,0.2716045677661896
4449,4449,0.2716045677661896,
4450,4450,0.2685132324695587,
4451,4451,0.2697484493255615,
4452,4452,0.2737562358379364,
4453,4453,0.26764118671417236,
4454,4454,0.273267924785614,
4455,4455,0.28027021884918213,
4456,4456,0.27055492997169495,
4457,4457,0.2681809365749359,
4458,4458,0.259314626455307,
4459,4459,0.2670566141605377,
4460,4460,0.27480876445770264,
4461,4461,0.2618422508239746,
4462,4462,0.26579371094703674,
4463,4463,0.27112463116645813,
4464,4464,0.2688867151737213,
4465,4465,0.26596006751060486,
4466,4466,0.2744125723838806,
4467,4467,0.2684456408023834,
4468,4468,0.2786535322666168,
4469,4469,0.2772088944911957,
4470,4470,0.2627211809158325,
4471,4471,0.2675549387931824,
4472,4472,0.2652585506439209,
4473,4473,0.26330479979515076,
4474,4474,0.2693859040737152,
4475,4475,0.2672732472419739,
4476,4476,0.2641904652118683,
4477,4477,0.2649684548377991,
4478,4478,0.26462697982788086,
4479,4479,0.26798322796821594,
4480,4480,0.2648380398750305,
4481,4481,0.2645643949508667,
4482,4482,0.2668970823287964,
4483,4483,0.26666486263275146,
4484,4484,0.2746054232120514,
4485,4485,0.2683790624141693,
4486,4486,0.2724384665489197,
4487,4487,0.27020254731178284,
4488,4488,0.25716352462768555,
4489,4489,0.27538391947746277,
4490,4490,0.2631467878818512,
4491,4491,0.258978933095932,
4492,4492,0.27474555373191833,
4493,4493,0.27085575461387634,
4494,4494,0.2614786624908447,
4495,4495,0.271688312292099,
4496,4496,0.2684459984302521,
4497,4497,0.2642376720905304,
4498,4498,0.2636098563671112,
4499,4499,,0.2671380341053009
4499,4499,0.2671380341053009,
4500,4500,0.26406389474868774,
4501,4501,0.27111533284187317,
4502,4502,0.26764342188835144,
4503,4503,0.252050518989563,
4504,4504,0.2634492814540863,
4505,4505,0.26311418414115906,
4506,4506,0.2550763189792633,
4507,4507,0.2652798295021057,
4508,4508,0.2633439600467682,
4509,4509,0.2616417407989502,
4510,4510,0.257622092962265,
4511,4511,0.2674703598022461,
4512,4512,0.2573956549167633,
4513,4513,0.2576935887336731,
4514,4514,0.26397475600242615,
4515,4515,0.26167547702789307,
4516,4516,0.253799706697464,
4517,4517,0.26724985241889954,
4518,4518,0.26337525248527527,
4519,4519,0.25447821617126465,
4520,4520,0.26178106665611267,
4521,4521,0.25696220993995667,
4522,4522,0.26181989908218384,
4523,4523,0.26024129986763,
4524,4524,0.25814008712768555,
4525,4525,0.2737870216369629,
4526,4526,0.2625240981578827,
4527,4527,0.2591453790664673,
4528,4528,0.2534215450286865,
4529,4529,0.2534657120704651,
4530,4530,0.25584784150123596,
4531,4531,0.26263272762298584,
4532,4532,0.26434552669525146,
4533,4533,0.2699023187160492,
4534,4534,0.27398431301116943,
4535,4535,0.2592722475528717,
4536,4536,0.26427772641181946,
4537,4537,0.2662701904773712,
4538,4538,0.261622816324234,
4539,4539,0.26878198981285095,
4540,4540,0.25921526551246643,
4541,4541,0.2585606873035431,
4542,4542,0.26722970604896545,
4543,4543,0.2735501229763031,
4544,4544,0.2701614499092102,
4545,4545,0.2606215476989746,
4546,4546,0.26386159658432007,
4547,4547,0.26452818512916565,
4548,4548,0.26410919427871704,
4549,4549,,0.2577655613422394
4549,4549,0.2577655613422394,
4550,4550,0.2608393132686615,
4551,4551,0.2626516819000244,
4552,4552,0.26299992203712463,
4553,4553,0.2578239142894745,
4554,4554,0.2689351439476013,
4555,4555,0.2548273205757141,
4556,4556,0.2666085362434387,
4557,4557,0.2693757712841034,
4558,4558,0.2643797993659973,
4559,4559,0.2545033097267151,
4560,4560,0.2638964056968689,
4561,4561,0.25356587767601013,
4562,4562,0.25280997157096863,
4563,4563,0.26592499017715454,
4564,4564,0.2625043988227844,
4565,4565,0.25576460361480713,
4566,4566,0.25472134351730347,
4567,4567,0.26158180832862854,
4568,4568,0.2587220072746277,
4569,4569,0.25651293992996216,
4570,4570,0.25285467505455017,
4571,4571,0.26046571135520935,
4572,4572,0.25767529010772705,
4573,4573,0.27516433596611023,
4574,4574,0.26461780071258545,
4575,4575,0.2802748680114746,
4576,4576,0.2616252303123474,
4577,4577,0.24210703372955322,
4578,4578,0.26330164074897766,
4579,4579,0.2679675817489624,
4580,4580,0.24340230226516724,
4581,4581,0.25790348649024963,
4582,4582,0.2576819956302643,
4583,4583,0.26409751176834106,
4584,4584,0.2545700967311859,
4585,4585,0.259043425321579,
4586,4586,0.26312270760536194,
4587,4587,0.25834935903549194,
4588,4588,0.2588918209075928,
4589,4589,0.26397448778152466,
4590,4590,0.2501715123653412,
4591,4591,0.260741651058197,
4592,4592,0.2531004846096039,
4593,4593,0.26405301690101624,
4594,4594,0.26267141103744507,
4595,4595,0.2559356987476349,
4596,4596,0.25889429450035095,
4597,4597,0.2574772834777832,
4598,4598,0.2565619647502899,
4599,4599,,0.25403308868408203
4599,4599,0.25403308868408203,
4600,4600,0.25473958253860474,
4601,4601,0.25774577260017395,
4602,4602,0.2580680847167969,
4603,4603,0.2483937293291092,
4604,4604,0.2593880891799927,
4605,4605,0.25954610109329224,
4606,4606,0.253997266292572,
4607,4607,0.25981995463371277,
4608,4608,0.2679921090602875,
4609,4609,0.25410470366477966,
4610,4610,0.2686784565448761,
4611,4611,0.26122182607650757,
4612,4612,0.2573642134666443,
4613,4613,0.2669542729854584,
4614,4614,0.25602033734321594,
4615,4615,0.2579435110092163,
4616,4616,0.26311826705932617,
4617,4617,0.2621708810329437,
4618,4618,0.2564431428909302,
4619,4619,0.26491785049438477,
4620,4620,0.2462122142314911,
4621,4621,0.25633975863456726,
4622,4622,0.2637392580509186,
4623,4623,0.26186978816986084,
4624,4624,0.2662162482738495,
4625,4625,0.26131144165992737,
4626,4626,0.2541874945163727,
4627,4627,0.25888577103614807,
4628,4628,0.265981525182724,
4629,4629,0.25281092524528503,
4630,4630,0.2539394199848175,
4631,4631,0.25757113099098206,
4632,4632,0.25366008281707764,
4633,4633,0.2534887194633484,
4634,4634,0.260259747505188,
4635,4635,0.2576775550842285,
4636,4636,0.25805291533470154,
4637,4637,0.2546128034591675,
4638,4638,0.25549647212028503,
4639,4639,0.25856637954711914,
4640,4640,0.2655711770057678,
4641,4641,0.2559851408004761,
4642,4642,0.2758817970752716,
4643,4643,0.2625201344490051,
4644,4644,0.25362884998321533,
4645,4645,0.26363417506217957,
4646,4646,0.25472235679626465,
4647,4647,0.2564450800418854,
4648,4648,0.24716658890247345,
4649,4649,,0.25605061650276184
4649,4649,0.25605061650276184,
4650,4650,0.2500421106815338,
4651,4651,0.2539815306663513,
4652,4652,0.24576710164546967,
4653,4653,0.25458115339279175,
4654,4654,0.253526508808136,
4655,4655,0.2542203366756439,
4656,4656,0.25943347811698914,
4657,4657,0.2500883638858795,
4658,4658,0.24916154146194458,
4659,4659,0.2541578412055969,
4660,4660,0.24924498796463013,
4661,4661,0.2561796009540558,
4662,4662,0.2558242380619049,
4663,4663,0.25839895009994507,
4664,4664,0.25711625814437866,
4665,4665,0.2590181231498718,
4666,4666,0.251674622297287,
4667,4667,0.2611011862754822,
4668,4668,0.25983402132987976,
4669,4669,0.25816476345062256,
4670,4670,0.2520090341567993,
4671,4671,0.25423818826675415,
4672,4672,0.2536996304988861,
4673,4673,0.2542569041252136,
4674,4674,0.25751736760139465,
4675,4675,0.25685593485832214,
4676,4676,0.26198798418045044,
4677,4677,0.25266730785369873,
4678,4678,0.2378769814968109,
4679,4679,0.2599395513534546,
4680,4680,0.2577751576900482,
4681,4681,0.25437939167022705,
4682,4682,0.2572401463985443,
4683,4683,0.24828067421913147,
4684,4684,0.2568611800670624,
4685,4685,0.25974610447883606,
4686,4686,0.257632851600647,
4687,4687,0.25188329815864563,
4688,4688,0.2456294745206833,
4689,4689,0.26257985830307007,
4690,4690,0.25431254506111145,
4691,4691,0.2533763647079468,
4692,4692,0.2531801760196686,
4693,4693,0.25059571862220764,
4694,4694,0.2582116723060608,
4695,4695,0.24391025304794312,
4696,4696,0.2550426423549652,
4697,4697,0.2453898787498474,
4698,4698,0.24248361587524414,
4699,4699,,0.23332849144935608
4699,4699,0.23332849144935608,
4700,4700,0.24930855631828308,
4701,4701,0.2499307543039322,
4702,4702,0.254292756319046,
4703,4703,0.24874000251293182,
4704,4704,0.2440880537033081,
4705,4705,0.25058990716934204,
4706,4706,0.2498987913131714,
4707,4707,0.24788901209831238,
4708,4708,0.24453134834766388,
4709,4709,0.2456444948911667,
4710,4710,0.25126415491104126,
4711,4711,0.24831175804138184,
4712,4712,0.2474932223558426,
4713,4713,0.2500787377357483,
4714,4714,0.25377169251441956,
4715,4715,0.24456019699573517,
4716,4716,0.2543650269508362,
4717,4717,0.2512947916984558,
4718,4718,0.24773000180721283,
4719,4719,0.24844472110271454,
4720,4720,0.24743019044399261,
4721,4721,0.2513772249221802,
4722,4722,0.2618057131767273,
4723,4723,0.24719148874282837,
4724,4724,0.2488347589969635,
4725,4725,0.25837475061416626,
4726,4726,0.25059542059898376,
4727,4727,0.25764623284339905,
4728,4728,0.24797959625720978,
4729,4729,0.24223527312278748,
4730,4730,0.2538950741291046,
4731,4731,0.2557777464389801,
4732,4732,0.25795167684555054,
4733,4733,0.24982044100761414,
4734,4734,0.2529653310775757,
4735,4735,0.24882195889949799,
4736,4736,0.2465309202671051,
4737,4737,0.2532137334346771,
4738,4738,0.2507399022579193,
4739,4739,0.2581000328063965,
4740,4740,0.25562459230422974,
4741,4741,0.25412970781326294,
4742,4742,0.25158485770225525,
4743,4743,0.2494669407606125,
4744,4744,0.26148077845573425,
4745,4745,0.24846547842025757,
4746,4746,0.24848707020282745,
4747,4747,0.24438220262527466,
4748,4748,0.24511240422725677,
4749,4749,,0.24300150573253632
4749,4749,0.24300150573253632,
4750,4750,0.2513869106769562,
4751,4751,0.25447264313697815,
4752,4752,0.2506543695926666,
4753,4753,0.2503410577774048,
4754,4754,0.2516982853412628,
4755,4755,0.2513917088508606,
4756,4756,0.2488553822040558,
4757,4757,0.25273534655570984,
4758,4758,0.24933026731014252,
4759,4759,0.2501205503940582,
4760,4760,0.25648754835128784,
4761,4761,0.24394765496253967,
4762,4762,0.24737241864204407,
4763,4763,0.2612265646457672,
4764,4764,0.25288233160972595,
4765,4765,0.2470870167016983,
4766,4766,0.25692686438560486,
4767,4767,0.26836755871772766,
4768,4768,0.25023153424263,
4769,4769,0.24821430444717407,
4770,4770,0.26863834261894226,
4771,4771,0.26302534341812134,
4772,4772,0.2542286217212677,
4773,4773,0.25774845480918884,
4774,4774,0.2731420397758484,
4775,4775,0.25889113545417786,
4776,4776,0.2534518241882324,
4777,4777,0.25672852993011475,
4778,4778,0.2482685148715973,
4779,4779,0.25793713331222534,
4780,4780,0.2602837085723877,
4781,4781,0.25996649265289307,
4782,4782,0.25997045636177063,
4783,4783,0.2534627616405487,
4784,4784,0.25379061698913574,
4785,4785,0.25046855211257935,
4786,4786,0.2429717779159546,
4787,4787,0.25917771458625793,
4788,4788,0.24989020824432373,
4789,4789,0.2712492346763611,
4790,4790,0.24398352205753326,
4791,4791,0.2540910542011261,
4792,4792,0.259782999753952,
4793,4793,0.2705917954444885,
4794,4794,0.24877427518367767,
4795,4795,0.2687609791755676,
4796,4796,0.26296567916870117,
4797,4797,0.2413165271282196,
4798,4798,0.2550526559352875,
4799,4799,,0.2559451758861542
4799,4799,0.2559451758861542,
4800,4800,0.25061163306236267,
4801,4801,0.2516622543334961,
4802,4802,0.2587817907333374,
4803,4803,0.24122737348079681,
4804,4804,0.24974319338798523,
4805,4805,0.24654163420200348,
4806,4806,0.263771653175354,
4807,4807,0.25085532665252686,
4808,4808,0.2482190877199173,
4809,4809,0.25509628653526306,
4810,4810,0.25748565793037415,
4811,4811,0.24393406510353088,
4812,4812,0.24912935495376587,
4813,4813,0.2536270320415497,
4814,4814,0.24196118116378784,
4815,4815,0.25661683082580566,
4816,4816,0.2508794069290161,
4817,4817,0.2519718408584595,
4818,4818,0.24688023328781128,
4819,4819,0.2461317926645279,
4820,4820,0.24359853565692902,
4821,4821,0.24256889522075653,
4822,4822,0.2450571209192276,
4823,4823,0.24271094799041748,
4824,4824,0.23891127109527588,
4825,4825,0.2488480806350708,
4826,4826,0.2385895848274231,
4827,4827,0.24586698412895203,
4828,4828,0.2416325956583023,
4829,4829,0.23396965861320496,
4830,4830,0.2431320697069168,
4831,4831,0.23939037322998047,
4832,4832,0.24287331104278564,
4833,4833,0.24188649654388428,
4834,4834,0.24228721857070923,
4835,4835,0.24556230008602142,
4836,4836,0.24463531374931335,
4837,4837,0.23458901047706604,
4838,4838,0.24029091000556946,
4839,4839,0.24850252270698547,
4840,4840,0.24555785953998566,
4841,4841,0.23900866508483887,
4842,4842,0.239132359623909,
4843,4843,0.24846753478050232,
4844,4844,0.24966134130954742,
4845,4845,0.23570792376995087,
4846,4846,0.2447921186685562,
4847,4847,0.24082578718662262,
4848,4848,0.2461552917957306,
4849,4849,,0.24508392810821533
4849,4849,0.24508392810821533,
4850,4850,0.2427719682455063,
4851,4851,0.24827170372009277,
4852,4852,0.24400363862514496,
4853,4853,0.2443206012248993,
4854,4854,0.241155743598938,
4855,4855,0.25194665789604187,
4856,4856,0.24283644556999207,
4857,4857,0.23973307013511658,
4858,4858,0.24019302427768707,
4859,4859,0.24642163515090942,
4860,4860,0.23806747794151306,
4861,4861,0.2446235865354538,
4862,4862,0.24341268837451935,
4863,4863,0.2421482354402542,
4864,4864,0.2477828860282898,
4865,4865,0.2345009595155716,
4866,4866,0.2419080138206482,
4867,4867,0.23711341619491577,
4868,4868,0.24463611841201782,
4869,4869,0.24319489300251007,
4870,4870,0.23934130370616913,
4871,4871,0.24058577418327332,
4872,4872,0.24330170452594757,
4873,4873,0.23860713839530945,
4874,4874,0.23676103353500366,
4875,4875,0.24536149203777313,
4876,4876,0.24038565158843994,
4877,4877,0.24024824798107147,
4878,4878,0.24244706332683563,
4879,4879,0.2514408230781555,
4880,4880,0.24454818665981293,
4881,4881,0.24094881117343903,
4882,4882,0.25386014580726624,
4883,4883,0.2363940179347992,
4884,4884,0.24171864986419678,
4885,4885,0.24442487955093384,
4886,4886,0.24009603261947632,
4887,4887,0.24220474064350128,
4888,4888,0.24219605326652527,
4889,4889,0.2362920343875885,
4890,4890,0.24118730425834656,
4891,4891,0.24335743486881256,
4892,4892,0.23763513565063477,
4893,4893,0.2438841313123703,
4894,4894,0.23487792909145355,
4895,4895,0.23675039410591125,
4896,4896,0.23148943483829498,
4897,4897,0.23969927430152893,
4898,4898,0.24427112936973572,
4899,4899,,0.23659218847751617
4899,4899,0.23659218847751617,
4900,4900,0.24164257943630219,
4901,4901,0.2359798103570938,
4902,4902,0.23810258507728577,
4903,4903,0.23832456767559052,
4904,4904,0.22674904763698578,
4905,4905,0.23815284669399261,
4906,4906,0.2341856211423874,
4907,4907,0.2414635270833969,
4908,4908,0.23922309279441833,
4909,4909,0.2379763424396515,
4910,4910,0.24105040729045868,
4911,4911,0.2314900904893875,
4912,4912,0.23725853860378265,
4913,4913,0.2440086007118225,
4914,4914,0.24010050296783447,
4915,4915,0.24065716564655304,
4916,4916,0.24296195805072784,
4917,4917,0.23526409268379211,
4918,4918,0.23566773533821106,
4919,4919,0.24430343508720398,
4920,4920,0.2323768585920334,
4921,4921,0.2353421300649643,
4922,4922,0.23515377938747406,
4923,4923,0.2402491718530655,
4924,4924,0.2259112298488617,
4925,4925,0.2335023134946823,
4926,4926,0.23399296402931213,
4927,4927,0.23927906155586243,
4928,4928,0.24124100804328918,
4929,4929,0.2382669597864151,
4930,4930,0.23998868465423584,
4931,4931,0.23729437589645386,
4932,4932,0.2400282621383667,
4933,4933,0.2429744154214859,
4934,4934,0.23578858375549316,
4935,4935,0.23925785720348358,
4936,4936,0.22969146072864532,
4937,4937,0.23864179849624634,
4938,4938,0.24738413095474243,
4939,4939,0.23628203570842743,
4940,4940,0.23670902848243713,
4941,4941,0.2336309254169464,
4942,4942,0.23294700682163239,
4943,4943,0.23296822607517242,
4944,4944,0.23672696948051453,
4945,4945,0.23643431067466736,
4946,4946,0.2317606657743454,
4947,4947,0.23552803695201874,
4948,4948,0.24136897921562195,
4949,4949,,0.2314372956752777
4949,4949,0.2314372956752777,
4950,4950,0.24835972487926483,
4951,4951,0.23973868787288666,
4952,4952,0.23522257804870605,
4953,4953,0.23817628622055054,
4954,4954,0.2434825599193573,
4955,4955,0.23768869042396545,
4956,4956,0.23729614913463593,
4957,4957,0.22795960307121277,
4958,4958,0.2374025285243988,
4959,4959,0.2346952259540558,
4960,4960,0.2343001365661621,
4961,4961,0.2312132567167282,
4962,4962,0.22013409435749054,
4963,4963,0.24300260841846466,
4964,4964,0.2302953004837036,
4965,4965,0.23283293843269348,
4966,4966,0.2413238137960434,
4967,4967,0.2366580367088318,
4968,4968,0.2452927529811859,
4969,4969,0.2365948110818863,
4970,4970,0.23150953650474548,
4971,4971,0.23357298970222473,
4972,4972,0.23117810487747192,
4973,4973,0.23689261078834534,
4974,4974,0.2357783019542694,
4975,4975,0.2372390329837799,
4976,4976,0.23895002901554108,
4977,4977,0.2345520704984665,
4978,4978,0.2223847359418869,
4979,4979,0.23374825716018677,
4980,4980,0.23665626347064972,
4981,4981,0.23525038361549377,
4982,4982,0.23320531845092773,
4983,4983,0.23390930891036987,
4984,4984,0.22753745317459106,
4985,4985,0.23079881072044373,
4986,4986,0.23437118530273438,
4987,4987,0.23393477499485016,
4988,4988,0.23805537819862366,
4989,4989,0.23778828978538513,
4990,4990,0.24033606052398682,
4991,4991,0.23978641629219055,
4992,4992,0.23564942181110382,
4993,4993,0.23442919552326202,
4994,4994,0.2318478524684906,
4995,4995,0.23050695657730103,
4996,4996,0.23353315889835358,
4997,4997,0.22895881533622742,
4998,4998,0.23492516577243805,
4999,4999,,0.2314550280570984
4999,4999,0.2314550280570984,
