epoch,step,train_loss_epoch,train_loss_step
0,0,3.170560836791992,
1,1,1.859715223312378,
2,2,1.6582778692245483,
3,3,2.5346527099609375,
4,4,2.2938098907470703,
5,5,2.100839853286743,
6,6,1.9369080066680908,
7,7,1.4294018745422363,
8,8,2.613729953765869,
9,9,2.674921989440918,
10,10,2.0821707248687744,
11,11,2.169827699661255,
12,12,1.9659359455108643,
13,13,1.143996238708496,
14,14,1.7204090356826782,
15,15,1.11593496799469,
16,16,2.1372358798980713,
17,17,2.166343927383423,
18,18,1.0719162225723267,
19,19,1.0849599838256836,
20,20,1.066913366317749,
21,21,2.572948932647705,
22,22,1.8437520265579224,
23,23,1.9140379428863525,
24,24,2.5716989040374756,
25,25,1.1204553842544556,
26,26,1.0743743181228638,
27,27,2.2211055755615234,
28,28,3.7657532691955566,
29,29,1.658827781677246,
30,30,2.7969679832458496,
31,31,1.785465121269226,
32,32,1.9208850860595703,
33,33,1.0195536613464355,
34,34,1.8113198280334473,
35,35,2.032958507537842,
36,36,1.906052827835083,
37,37,1.9881538152694702,
38,38,2.008122444152832,
39,39,2.652472972869873,
40,40,1.05116605758667,
41,41,1.8489534854888916,
42,42,2.732774019241333,
43,43,1.647853136062622,
44,44,2.0267789363861084,
45,45,1.6866551637649536,
46,46,2.0326285362243652,
47,47,1.8942501544952393,
48,48,1.9188076257705688,
49,49,,2.44832706451416
49,49,2.44832706451416,
50,50,1.9015966653823853,
51,51,2.2927818298339844,
52,52,1.614484190940857,
53,53,2.237825393676758,
54,54,1.7486193180084229,
55,55,5.891498565673828,
56,56,1.415010690689087,
57,57,2.331185817718506,
58,58,1.6583977937698364,
59,59,1.6938157081604004,
60,60,1.0451643466949463,
61,61,1.5669506788253784,
62,62,1.749704360961914,
63,63,2.3853588104248047,
64,64,1.0007268190383911,
65,65,1.516114592552185,
66,66,2.195854663848877,
67,67,1.0126898288726807,
68,68,1.857830286026001,
69,69,0.994818389415741,
70,70,1.3569132089614868,
71,71,1.6100025177001953,
72,72,2.2938709259033203,
73,73,2.0470423698425293,
74,74,1.247067928314209,
75,75,1.9474480152130127,
76,76,1.4986542463302612,
77,77,0.993481457233429,
78,78,1.6068168878555298,
79,79,2.1983642578125,
80,80,2.0129852294921875,
81,81,1.922581434249878,
82,82,1.653472661972046,
83,83,1.0564945936203003,
84,84,1.0193737745285034,
85,85,1.8117176294326782,
86,86,1.888899564743042,
87,87,1.5503404140472412,
88,88,0.9809573888778687,
89,89,1.03029203414917,
90,90,1.8100314140319824,
91,91,1.0234415531158447,
92,92,1.6491732597351074,
93,93,1.8468310832977295,
94,94,2.38632869720459,
95,95,2.4098117351531982,
96,96,2.0351107120513916,
97,97,2.2205824851989746,
98,98,8.33907699584961,
99,99,,1.8879371881484985
99,99,1.8879371881484985,
100,100,1.150164246559143,
101,101,1.8246057033538818,
102,102,1.0697121620178223,
103,103,10.022704124450684,
104,104,1.7710942029953003,
105,105,1.0755364894866943,
106,106,2.3122811317443848,
107,107,1.0886056423187256,
108,108,1.6814966201782227,
109,109,1.973324179649353,
110,110,3.766861915588379,
111,111,1.788374900817871,
112,112,1.9134246110916138,
113,113,2.0785276889801025,
114,114,1.3849170207977295,
115,115,2.230724811553955,
116,116,1.056382417678833,
117,117,2.042964458465576,
118,118,1.6722536087036133,
119,119,2.07171630859375,
120,120,1.939549446105957,
121,121,1.6164265871047974,
122,122,1.4725266695022583,
123,123,2.160743474960327,
124,124,1.6873414516448975,
125,125,2.27183198928833,
126,126,1.8740530014038086,
127,127,1.887723445892334,
128,128,1.8468971252441406,
129,129,2.182957649230957,
130,130,1.3179913759231567,
131,131,1.7808834314346313,
132,132,2.3287618160247803,
133,133,1.5911552906036377,
134,134,1.025450348854065,
135,135,2.179062843322754,
136,136,2.084684133529663,
137,137,1.023992896080017,
138,138,2.047208070755005,
139,139,1.4407939910888672,
140,140,2.0789103507995605,
141,141,1.7305809259414673,
142,142,1.0371090173721313,
143,143,2.007497549057007,
144,144,1.7243945598602295,
145,145,0.9994797110557556,
146,146,2.093278408050537,
147,147,3.6146154403686523,
148,148,1.354968786239624,
149,149,,1.0318399667739868
149,149,1.0318399667739868,
150,150,1.0138771533966064,
151,151,0.9948152899742126,
152,152,2.0640201568603516,
153,153,1.3423402309417725,
154,154,2.0664210319519043,
155,155,1.3118820190429688,
156,156,0.9733110070228577,
157,157,2.079988956451416,
158,158,2.0409133434295654,
159,159,1.7437341213226318,
160,160,0.9852451086044312,
161,161,1.9234168529510498,
162,162,2.2649059295654297,
163,163,1.0258891582489014,
164,164,1.5823235511779785,
165,165,1.0001323223114014,
166,166,2.319779396057129,
167,167,2.1591107845306396,
168,168,1.670536756515503,
169,169,1.6239960193634033,
170,170,1.8421030044555664,
171,171,2.4334025382995605,
172,172,1.6455388069152832,
173,173,1.0197120904922485,
174,174,1.8262217044830322,
175,175,1.693925142288208,
176,176,2.9808621406555176,
177,177,1.762816071510315,
178,178,1.035051941871643,
179,179,1.9292315244674683,
180,180,1.3092446327209473,
181,181,1.0101512670516968,
182,182,1.857344627380371,
183,183,1.0216354131698608,
184,184,1.642406940460205,
185,185,1.9066152572631836,
186,186,8.558199882507324,
187,187,2.236565113067627,
188,188,2.074083089828491,
189,189,2.642589569091797,
190,190,2.5585973262786865,
191,191,2.6825413703918457,
192,192,1.100720763206482,
193,193,1.0493592023849487,
194,194,1.0341486930847168,
195,195,1.36997652053833,
196,196,1.5263071060180664,
197,197,1.9977272748947144,
198,198,1.0266908407211304,
199,199,,1.920393705368042
199,199,1.920393705368042,
200,200,1.989382028579712,
201,201,1.0224910974502563,
202,202,1.639481782913208,
203,203,1.0316118001937866,
204,204,1.7903798818588257,
205,205,2.0185117721557617,
206,206,1.031357765197754,
207,207,2.136003017425537,
208,208,2.340250015258789,
209,209,2.285736083984375,
210,210,1.9059641361236572,
211,211,1.844529390335083,
212,212,1.9029481410980225,
213,213,2.112454891204834,
214,214,2.167022705078125,
215,215,1.693204402923584,
216,216,1.950301170349121,
217,217,2.3297808170318604,
218,218,2.0866618156433105,
219,219,1.965118646621704,
220,220,2.3747687339782715,
221,221,1.6969492435455322,
222,222,1.5678565502166748,
223,223,1.699889898300171,
224,224,1.0224827527999878,
225,225,2.182008981704712,
226,226,0.9919235706329346,
227,227,1.8637875318527222,
228,228,1.8779866695404053,
229,229,2.01979923248291,
230,230,1.008797526359558,
231,231,1.0125020742416382,
232,232,2.3841471672058105,
233,233,1.003222942352295,
234,234,0.9634535908699036,
235,235,2.693145513534546,
236,236,2.0024948120117188,
237,237,1.011927604675293,
238,238,2.258904218673706,
239,239,2.091256856918335,
240,240,1.7437491416931152,
241,241,1.7889728546142578,
242,242,2.265479803085327,
243,243,1.6731586456298828,
244,244,2.1674721240997314,
245,245,3.079214334487915,
246,246,2.0290627479553223,
247,247,1.9770936965942383,
248,248,1.7505970001220703,
249,249,,0.9920189380645752
249,249,0.9920189380645752,
250,250,1.0139029026031494,
251,251,1.0024322271347046,
252,252,2.4007821083068848,
253,253,2.1649091243743896,
254,254,1.6646595001220703,
255,255,1.8390204906463623,
256,256,1.5438601970672607,
257,257,1.016869068145752,
258,258,2.5291852951049805,
259,259,1.4607372283935547,
260,260,1.5970427989959717,
261,261,3.335144281387329,
262,262,1.883291244506836,
263,263,1.027583360671997,
264,264,1.985062837600708,
265,265,1.9834967851638794,
266,266,1.8239434957504272,
267,267,1.7322789430618286,
268,268,1.726540446281433,
269,269,1.7888331413269043,
270,270,2.041672706604004,
271,271,1.0002202987670898,
272,272,3.3208799362182617,
273,273,1.0163370370864868,
274,274,1.417224645614624,
275,275,2.726975440979004,
276,276,1.51478910446167,
277,277,1.0145832300186157,
278,278,1.572960615158081,
279,279,1.6565678119659424,
280,280,1.6495015621185303,
281,281,2.0228824615478516,
282,282,1.6543939113616943,
283,283,0.9888191223144531,
284,284,1.0074294805526733,
285,285,0.9899091720581055,
286,286,3.01444673538208,
287,287,1.8484903573989868,
288,288,1.5820801258087158,
289,289,2.0140607357025146,
290,290,5.084447383880615,
291,291,2.436718702316284,
292,292,2.121777057647705,
293,293,2.3058526515960693,
294,294,2.2329163551330566,
295,295,1.8019899129867554,
296,296,2.130580425262451,
297,297,1.0114965438842773,
298,298,1.0059399604797363,
299,299,,1.7665607929229736
299,299,1.7665607929229736,
300,300,1.5563597679138184,
301,301,1.4875681400299072,
302,302,1.8989355564117432,
303,303,2.5140185356140137,
304,304,1.0249691009521484,
305,305,1.0234931707382202,
306,306,1.0165976285934448,
307,307,1.6747790575027466,
308,308,0.9992004632949829,
309,309,1.0114282369613647,
310,310,1.8028278350830078,
311,311,2.0135610103607178,
312,312,1.857276201248169,
313,313,1.9091752767562866,
314,314,1.0049360990524292,
315,315,2.2192444801330566,
316,316,4.032857894897461,
317,317,1.5065622329711914,
318,318,0.9410709142684937,
319,319,1.9289965629577637,
320,320,1.5865495204925537,
321,321,1.2732398509979248,
322,322,0.9789894819259644,
323,323,1.4778780937194824,
324,324,1.7216434478759766,
325,325,1.1489942073822021,
326,326,2.0036184787750244,
327,327,2.215949535369873,
328,328,1.0317999124526978,
329,329,1.874258279800415,
330,330,1.7308681011199951,
331,331,1.91599702835083,
332,332,1.1564304828643799,
333,333,1.7169992923736572,
334,334,2.738321542739868,
335,335,1.263258934020996,
336,336,0.8807787299156189,
337,337,1.7061866521835327,
338,338,0.8708973526954651,
339,339,0.875688910484314,
340,340,1.4908311367034912,
341,341,0.8697712421417236,
342,342,2.9336886405944824,
343,343,2.9762167930603027,
344,344,0.8468546271324158,
345,345,1.522727608680725,
346,346,1.5063161849975586,
347,347,1.9391075372695923,
348,348,1.0693124532699585,
349,349,,1.9059962034225464
349,349,1.9059962034225464,
350,350,1.5086097717285156,
351,351,1.003523826599121,
352,352,0.7646982669830322,
353,353,1.7940795421600342,
354,354,1.921422004699707,
355,355,0.7953299283981323,
356,356,0.785529613494873,
357,357,0.7875742316246033,
358,358,0.7938122749328613,
359,359,1.926842451095581,
360,360,1.6873795986175537,
361,361,1.8324470520019531,
362,362,0.7844667434692383,
363,363,1.3146859407424927,
364,364,1.739363193511963,
365,365,1.904801845550537,
366,366,1.9441591501235962,
367,367,2.0390894412994385,
368,368,1.549271821975708,
369,369,1.4341785907745361,
370,370,0.789947509765625,
371,371,0.7725608348846436,
372,372,0.7816643714904785,
373,373,0.9802913069725037,
374,374,1.0354259014129639,
375,375,1.6647744178771973,
376,376,1.142352819442749,
377,377,1.346886396408081,
378,378,0.7489169239997864,
379,379,1.8607841730117798,
380,380,4.18843412399292,
381,381,1.3095746040344238,
382,382,1.726407527923584,
383,383,2.4781036376953125,
384,384,1.0656400918960571,
385,385,2.6873137950897217,
386,386,0.8079423308372498,
387,387,0.7770258188247681,
388,388,3.566287040710449,
389,389,1.405823826789856,
390,390,1.825087070465088,
391,391,1.8522212505340576,
392,392,1.4504598379135132,
393,393,1.5072097778320312,
394,394,1.8230602741241455,
395,395,0.7505813241004944,
396,396,1.843289852142334,
397,397,1.9991910457611084,
398,398,1.8484628200531006,
399,399,,1.8440754413604736
399,399,1.8440754413604736,
400,400,0.7628219127655029,
401,401,1.504583716392517,
402,402,1.5984938144683838,
403,403,1.9930634498596191,
404,404,0.9995226263999939,
405,405,1.7972407341003418,
406,406,1.8114547729492188,
407,407,1.6704816818237305,
408,408,1.7599992752075195,
409,409,1.1840896606445312,
410,410,0.7477918267250061,
411,411,0.7561894655227661,
412,412,4.146623134613037,
413,413,2.2150769233703613,
414,414,1.467599868774414,
415,415,2.4114675521850586,
416,416,1.8636047840118408,
417,417,0.7878142595291138,
418,418,1.937591314315796,
419,419,0.740592896938324,
420,420,0.749085545539856,
421,421,2.673959732055664,
422,422,0.7276220321655273,
423,423,2.1596429347991943,
424,424,0.7653467059135437,
425,425,1.8731486797332764,
426,426,0.7336400747299194,
427,427,1.353281021118164,
428,428,0.7368086576461792,
429,429,0.737693727016449,
430,430,0.9432151317596436,
431,431,0.9752306342124939,
432,432,1.9253768920898438,
433,433,0.8728642463684082,
434,434,0.7127963900566101,
435,435,1.5332612991333008,
436,436,1.441773772239685,
437,437,1.866080403327942,
438,438,1.1984573602676392,
439,439,0.9812784790992737,
440,440,1.6591190099716187,
441,441,4.852547645568848,
442,442,1.624848484992981,
443,443,1.7235019207000732,
444,444,1.8333535194396973,
445,445,1.924127459526062,
446,446,1.7412514686584473,
447,447,1.4738445281982422,
448,448,2.183922290802002,
449,449,,1.4779270887374878
449,449,1.4779270887374878,
450,450,2.038163185119629,
451,451,0.7509388327598572,
452,452,1.158041000366211,
453,453,1.5397334098815918,
454,454,9.769035339355469,
455,455,0.7668430209159851,
456,456,0.8304352760314941,
457,457,2.198845863342285,
458,458,0.8429403305053711,
459,459,2.6993560791015625,
460,460,1.1593208312988281,
461,461,1.3363356590270996,
462,462,1.6747112274169922,
463,463,1.5481312274932861,
464,464,0.7112797498703003,
465,465,0.6836487054824829,
466,466,1.922663688659668,
467,467,1.6468043327331543,
468,468,0.7156854867935181,
469,469,1.543036937713623,
470,470,1.3644828796386719,
471,471,0.7261285185813904,
472,472,1.723210334777832,
473,473,0.7398965954780579,
474,474,1.7342991828918457,
475,475,2.1197071075439453,
476,476,0.6975514888763428,
477,477,1.7419148683547974,
478,478,3.951627731323242,
479,479,1.527876615524292,
480,480,1.2164475917816162,
481,481,1.3216962814331055,
482,482,1.6258045434951782,
483,483,2.148529052734375,
484,484,1.7061253786087036,
485,485,1.6386947631835938,
486,486,1.3670052289962769,
487,487,1.8989152908325195,
488,488,1.617081880569458,
489,489,1.7075856924057007,
490,490,2.5783824920654297,
491,491,1.4004228115081787,
492,492,1.575711727142334,
493,493,1.598244309425354,
494,494,1.7438678741455078,
495,495,0.7151234745979309,
496,496,2.192183017730713,
497,497,2.219040632247925,
498,498,0.687385618686676,
499,499,,1.780910849571228
499,499,1.780910849571228,
500,500,0.7792797088623047,
501,501,1.271357536315918,
502,502,3.071195602416992,
503,503,1.110496997833252,
504,504,1.896576166152954,
505,505,1.3526124954223633,
506,506,2.3063788414001465,
507,507,1.4797093868255615,
508,508,0.9989412426948547,
509,509,0.6761396527290344,
510,510,1.0710281133651733,
511,511,1.8667914867401123,
512,512,2.035094738006592,
513,513,0.6531703472137451,
514,514,2.0265932083129883,
515,515,1.859565019607544,
516,516,2.4335265159606934,
517,517,0.6814651489257812,
518,518,1.3247339725494385,
519,519,3.335239887237549,
520,520,1.186274528503418,
521,521,1.1290276050567627,
522,522,0.9433208703994751,
523,523,0.638276994228363,
524,524,0.6537142992019653,
525,525,2.2368698120117188,
526,526,0.6665518283843994,
527,527,1.6316328048706055,
528,528,1.6786510944366455,
529,529,3.0924229621887207,
530,530,1.250321865081787,
531,531,1.5923352241516113,
532,532,1.4962937831878662,
533,533,0.6532256007194519,
534,534,0.6310798525810242,
535,535,1.5551952123641968,
536,536,1.5441629886627197,
537,537,0.6645764708518982,
538,538,1.5608136653900146,
539,539,1.6937110424041748,
540,540,0.8311353325843811,
541,541,0.830441951751709,
542,542,1.5847249031066895,
543,543,1.4694039821624756,
544,544,1.2772977352142334,
545,545,0.6682896018028259,
546,546,1.7238948345184326,
547,547,0.6997118592262268,
548,548,1.0449832677841187,
549,549,,1.5367565155029297
549,549,1.5367565155029297,
550,550,2.2870395183563232,
551,551,4.309361934661865,
552,552,1.004488468170166,
553,553,1.645725131034851,
554,554,0.7120393514633179,
555,555,2.8025763034820557,
556,556,0.9127922654151917,
557,557,0.6458642482757568,
558,558,2.5274789333343506,
559,559,1.306610345840454,
560,560,1.5245583057403564,
561,561,1.094925880432129,
562,562,0.6449100971221924,
563,563,0.6930111646652222,
564,564,1.4364292621612549,
565,565,1.4699522256851196,
566,566,1.486421823501587,
567,567,1.3825914859771729,
568,568,2.1853551864624023,
569,569,1.5538806915283203,
570,570,1.3102009296417236,
571,571,0.6590099334716797,
572,572,1.7488210201263428,
573,573,1.703831672668457,
574,574,1.0544542074203491,
575,575,1.5617163181304932,
576,576,1.4983851909637451,
577,577,0.675399124622345,
578,578,1.3268725872039795,
579,579,1.5837502479553223,
580,580,1.0587196350097656,
581,581,0.927767813205719,
582,582,1.3697929382324219,
583,583,1.5134124755859375,
584,584,1.6887143850326538,
585,585,0.6747238636016846,
586,586,1.0997705459594727,
587,587,1.8306992053985596,
588,588,0.6474422812461853,
589,589,1.3434563875198364,
590,590,0.6886767148971558,
591,591,0.6428936719894409,
592,592,0.7937123775482178,
593,593,1.6016807556152344,
594,594,1.6486279964447021,
595,595,0.6750898361206055,
596,596,0.6564944982528687,
597,597,1.5135164260864258,
598,598,1.4857343435287476,
599,599,,1.582194447517395
599,599,1.582194447517395,
600,600,0.632554292678833,
601,601,1.6820290088653564,
602,602,1.4629156589508057,
603,603,1.8181253671646118,
604,604,4.0151777267456055,
605,605,1.3801419734954834,
606,606,1.5612397193908691,
607,607,1.895387053489685,
608,608,0.6636245250701904,
609,609,1.1123923063278198,
610,610,1.0230920314788818,
611,611,1.6058117151260376,
612,612,1.6127517223358154,
613,613,1.5166378021240234,
614,614,0.6630491018295288,
615,615,1.655092716217041,
616,616,1.4539984464645386,
617,617,4.019995212554932,
618,618,1.94283127784729,
619,619,1.6397284269332886,
620,620,0.7464858293533325,
621,621,1.4798529148101807,
622,622,1.5209218263626099,
623,623,0.7083196640014648,
624,624,1.7086360454559326,
625,625,1.1693388223648071,
626,626,1.1283528804779053,
627,627,2.142319679260254,
628,628,1.4536077976226807,
629,629,1.0469799041748047,
630,630,0.6864185333251953,
631,631,0.9673475623130798,
632,632,2.5237224102020264,
633,633,0.6788762211799622,
634,634,1.4064586162567139,
635,635,1.8081014156341553,
636,636,0.6866657733917236,
637,637,1.0732183456420898,
638,638,0.7981181144714355,
639,639,1.3259468078613281,
640,640,1.168721079826355,
641,641,1.4713369607925415,
642,642,0.6511508226394653,
643,643,1.5397799015045166,
644,644,1.1813582181930542,
645,645,0.638045608997345,
646,646,1.3540778160095215,
647,647,1.4143427610397339,
648,648,1.6592276096343994,
649,649,,0.6230787634849548
649,649,0.6230787634849548,
650,650,1.04045569896698,
651,651,1.1280359029769897,
652,652,1.1344594955444336,
653,653,1.815917730331421,
654,654,1.5835142135620117,
655,655,0.6451683640480042,
656,656,1.7492895126342773,
657,657,1.0622563362121582,
658,658,0.6667274236679077,
659,659,1.2156106233596802,
660,660,1.596197485923767,
661,661,1.6490750312805176,
662,662,1.4974533319473267,
663,663,5.787153244018555,
664,664,0.6235578656196594,
665,665,1.3858208656311035,
666,666,1.863032579421997,
667,667,1.2690950632095337,
668,668,1.1351579427719116,
669,669,1.433582067489624,
670,670,1.5504517555236816,
671,671,1.2107956409454346,
672,672,1.0143957138061523,
673,673,0.7115771770477295,
674,674,1.5866501331329346,
675,675,1.7574784755706787,
676,676,1.5839180946350098,
677,677,1.3331712484359741,
678,678,1.441718339920044,
679,679,0.6219983100891113,
680,680,1.5851094722747803,
681,681,1.4534357786178589,
682,682,1.209568977355957,
683,683,1.5726983547210693,
684,684,1.5469074249267578,
685,685,0.6025303602218628,
686,686,0.6619514226913452,
687,687,1.4696266651153564,
688,688,1.5483386516571045,
689,689,1.273819088935852,
690,690,3.287379026412964,
691,691,1.5051155090332031,
692,692,1.3691911697387695,
693,693,0.650721549987793,
694,694,1.8412914276123047,
695,695,1.0670673847198486,
696,696,1.1459120512008667,
697,697,1.0251965522766113,
698,698,1.230495572090149,
699,699,,1.515002965927124
699,699,1.515002965927124,
700,700,1.200998306274414,
701,701,1.241067886352539,
702,702,1.6038378477096558,
703,703,3.689849376678467,
704,704,0.6419434547424316,
705,705,0.6903993487358093,
706,706,1.4805983304977417,
707,707,1.6262586116790771,
708,708,1.4807162284851074,
709,709,0.6587731838226318,
710,710,1.1158186197280884,
711,711,1.1461517810821533,
712,712,2.241640567779541,
713,713,0.6306226253509521,
714,714,0.6223801970481873,
715,715,1.4573837518692017,
716,716,0.7120833396911621,
717,717,1.6617536544799805,
718,718,0.6249231100082397,
719,719,1.1593611240386963,
720,720,0.5995778441429138,
721,721,1.322127342224121,
722,722,0.8066480159759521,
723,723,1.4716542959213257,
724,724,0.5761724710464478,
725,725,0.6109279990196228,
726,726,1.2105052471160889,
727,727,1.6064491271972656,
728,728,0.6233855485916138,
729,729,1.4255335330963135,
730,730,1.4217675924301147,
731,731,2.2816624641418457,
732,732,3.389413595199585,
733,733,1.484834909439087,
734,734,1.9028074741363525,
735,735,1.4194879531860352,
736,736,2.751737117767334,
737,737,1.2830407619476318,
738,738,1.27296781539917,
739,739,1.2843482494354248,
740,740,1.1174647808074951,
741,741,2.087522268295288,
742,742,1.0528359413146973,
743,743,0.9611412286758423,
744,744,1.1853896379470825,
745,745,1.6995570659637451,
746,746,1.8224341869354248,
747,747,2.4762768745422363,
748,748,0.8671711087226868,
749,749,,1.2352018356323242
749,749,1.2352018356323242,
750,750,1.0615745782852173,
751,751,9.765419960021973,
752,752,0.683024525642395,
753,753,1.7465977668762207,
754,754,1.2625658512115479,
755,755,1.5649394989013672,
756,756,1.5430365800857544,
757,757,1.5000481605529785,
758,758,1.5612543821334839,
759,759,1.3726367950439453,
760,760,1.3956503868103027,
761,761,0.6672471761703491,
762,762,0.7048190832138062,
763,763,1.2943413257598877,
764,764,0.9878032207489014,
765,765,1.7688051462173462,
766,766,1.8411540985107422,
767,767,0.6070188283920288,
768,768,1.8133771419525146,
769,769,1.39158034324646,
770,770,0.797111988067627,
771,771,1.1879558563232422,
772,772,2.0722479820251465,
773,773,1.0552024841308594,
774,774,0.6025316119194031,
775,775,0.6139142513275146,
776,776,1.2661738395690918,
777,777,1.3566961288452148,
778,778,2.3004462718963623,
779,779,4.5907368659973145,
780,780,0.634376585483551,
781,781,1.9222569465637207,
782,782,1.1920969486236572,
783,783,1.2650425434112549,
784,784,2.868743658065796,
785,785,1.126715064048767,
786,786,1.128765344619751,
787,787,0.7119634747505188,
788,788,1.9990825653076172,
789,789,1.3292548656463623,
790,790,1.0054434537887573,
791,791,0.6215500235557556,
792,792,0.6405141353607178,
793,793,1.08413565158844,
794,794,0.7826600670814514,
795,795,1.6093897819519043,
796,796,1.072096824645996,
797,797,0.610986053943634,
798,798,1.8715146780014038,
799,799,,1.3671571016311646
799,799,1.3671571016311646,
800,800,1.3118181228637695,
801,801,1.2181181907653809,
802,802,0.6215966939926147,
803,803,1.4989732503890991,
804,804,1.3167861700057983,
805,805,1.4049968719482422,
806,806,1.6056771278381348,
807,807,1.31950044631958,
808,808,0.9777886867523193,
809,809,0.8581610321998596,
810,810,1.589562177658081,
811,811,1.1366658210754395,
812,812,1.4059457778930664,
813,813,1.2962254285812378,
814,814,1.3592785596847534,
815,815,6.631377220153809,
816,816,1.4121530055999756,
817,817,2.3678736686706543,
818,818,0.7798388600349426,
819,819,1.0946335792541504,
820,820,0.6084913015365601,
821,821,1.3005781173706055,
822,822,1.118494987487793,
823,823,1.1822052001953125,
824,824,1.3797714710235596,
825,825,1.3968669176101685,
826,826,1.0771722793579102,
827,827,1.4884594678878784,
828,828,1.296952724456787,
829,829,1.7587127685546875,
830,830,1.998612642288208,
831,831,1.40639066696167,
832,832,1.19795560836792,
833,833,2.502916097640991,
834,834,0.5891387462615967,
835,835,1.2808928489685059,
836,836,1.295616865158081,
837,837,1.5074968338012695,
838,838,1.2342534065246582,
839,839,1.8443317413330078,
840,840,1.1755503416061401,
841,841,1.0959219932556152,
842,842,1.551722526550293,
843,843,0.664649248123169,
844,844,1.4401936531066895,
845,845,1.1864159107208252,
846,846,1.5821380615234375,
847,847,1.021674394607544,
848,848,1.1539863348007202,
849,849,,0.9217449426651001
849,849,0.9217449426651001,
850,850,1.063999056816101,
851,851,0.5919952392578125,
852,852,1.2774438858032227,
853,853,1.097649335861206,
854,854,1.1567726135253906,
855,855,0.9993652701377869,
856,856,1.3852615356445312,
857,857,1.083646535873413,
858,858,1.051507830619812,
859,859,1.141014575958252,
860,860,0.8103330731391907,
861,861,1.5790090560913086,
862,862,1.2952542304992676,
863,863,1.9624165296554565,
864,864,0.7088175415992737,
865,865,1.1371564865112305,
866,866,0.8636403679847717,
867,867,0.80903160572052,
868,868,1.690408706665039,
869,869,1.0542500019073486,
870,870,0.9270081520080566,
871,871,1.2903523445129395,
872,872,0.8462430238723755,
873,873,0.6057461500167847,
874,874,1.0733397006988525,
875,875,0.6032360792160034,
876,876,0.9613765478134155,
877,877,1.0908207893371582,
878,878,2.711923122406006,
879,879,1.067958116531372,
880,880,1.3208472728729248,
881,881,1.0179479122161865,
882,882,4.728529930114746,
883,883,1.1458851099014282,
884,884,1.5759286880493164,
885,885,1.6018787622451782,
886,886,1.345521330833435,
887,887,0.7865391969680786,
888,888,1.566913366317749,
889,889,1.3464550971984863,
890,890,1.1931270360946655,
891,891,1.1707804203033447,
892,892,1.045841932296753,
893,893,1.5030078887939453,
894,894,0.6468687057495117,
895,895,1.514406442642212,
896,896,0.5939278602600098,
897,897,1.2719457149505615,
898,898,2.1427559852600098,
899,899,,0.8979231119155884
899,899,0.8979231119155884,
900,900,1.488265037536621,
901,901,0.6404707431793213,
902,902,0.9325864315032959,
903,903,0.7053959369659424,
904,904,1.5049619674682617,
905,905,10.591694831848145,
906,906,1.1935205459594727,
907,907,1.3366587162017822,
908,908,2.247255802154541,
909,909,0.9348840713500977,
910,910,0.6810787916183472,
911,911,0.764492928981781,
912,912,0.6582464575767517,
913,913,1.528183937072754,
914,914,0.7169508934020996,
915,915,1.348917007446289,
916,916,1.4708036184310913,
917,917,0.7650994062423706,
918,918,1.3868457078933716,
919,919,1.0802795886993408,
920,920,1.386812448501587,
921,921,0.5820531249046326,
922,922,1.2025319337844849,
923,923,1.0797675848007202,
924,924,1.831352949142456,
925,925,1.3655180931091309,
926,926,1.0687077045440674,
927,927,0.9982804656028748,
928,928,1.094114065170288,
929,929,0.8815690279006958,
930,930,0.5835117697715759,
931,931,0.9965642690658569,
932,932,1.2037580013275146,
933,933,1.3772053718566895,
934,934,1.1074519157409668,
935,935,1.1114237308502197,
936,936,0.918857216835022,
937,937,0.855851411819458,
938,938,1.0162854194641113,
939,939,0.9288920164108276,
940,940,1.1853272914886475,
941,941,1.1871494054794312,
942,942,2.154550552368164,
943,943,0.6228129863739014,
944,944,1.1298627853393555,
945,945,1.2929866313934326,
946,946,1.1640803813934326,
947,947,1.3440558910369873,
948,948,1.2803239822387695,
949,949,,0.5857707262039185
949,949,0.5857707262039185,
950,950,1.3771212100982666,
951,951,1.0222742557525635,
952,952,0.9847208261489868,
953,953,0.5770431756973267,
954,954,1.5764598846435547,
955,955,1.078694224357605,
956,956,1.081798791885376,
957,957,0.5889118909835815,
958,958,1.0917508602142334,
959,959,1.0056520700454712,
960,960,0.9043563604354858,
961,961,0.9451359510421753,
962,962,0.9385897517204285,
963,963,1.0982178449630737,
964,964,0.9948140382766724,
965,965,0.7591338753700256,
966,966,0.5754937529563904,
967,967,1.0929402112960815,
968,968,1.1600122451782227,
969,969,0.9594473242759705,
970,970,0.8619235754013062,
971,971,0.5982856750488281,
972,972,0.6807025671005249,
973,973,1.1002070903778076,
974,974,0.5598394274711609,
975,975,0.8293149471282959,
976,976,0.7950072884559631,
977,977,1.3026745319366455,
978,978,0.7049394249916077,
979,979,0.5928764939308167,
980,980,1.0522267818450928,
981,981,0.5485401153564453,
982,982,0.5579814910888672,
983,983,0.5693703889846802,
984,984,0.7483870983123779,
985,985,0.8431020975112915,
986,986,0.5456883907318115,
987,987,0.6854267716407776,
988,988,0.9327653050422668,
989,989,0.8005371689796448,
990,990,0.9651820659637451,
991,991,0.6083351969718933,
992,992,0.8351466655731201,
993,993,0.5889926552772522,
994,994,0.8022477030754089,
995,995,0.6181409955024719,
996,996,1.4551739692687988,
997,997,0.7568154335021973,
998,998,0.6280779838562012,
999,999,,0.9580003023147583
999,999,0.9580003023147583,
1000,1000,0.9060431718826294,
1001,1001,0.5761440396308899,
1002,1002,0.7608023881912231,
1003,1003,0.68956458568573,
1004,1004,0.8447200059890747,
1005,1005,0.8001996278762817,
1006,1006,0.7874480485916138,
1007,1007,0.950021505355835,
1008,1008,0.7974425554275513,
1009,1009,0.898162305355072,
1010,1010,0.7701513767242432,
1011,1011,0.5612702965736389,
1012,1012,1.1792781352996826,
1013,1013,0.9530036449432373,
1014,1014,0.601046621799469,
1015,1015,0.5726037621498108,
1016,1016,0.9493774175643921,
1017,1017,0.5814205408096313,
1018,1018,0.5592488646507263,
1019,1019,1.2625175714492798,
1020,1020,0.5952596068382263,
1021,1021,0.776140570640564,
1022,1022,0.5780962705612183,
1023,1023,0.8513622879981995,
1024,1024,0.8600165843963623,
1025,1025,0.7150685787200928,
1026,1026,0.9472895860671997,
1027,1027,0.5617585182189941,
1028,1028,0.8385709524154663,
1029,1029,0.5306868553161621,
1030,1030,1.336726427078247,
1031,1031,0.837196409702301,
1032,1032,0.7420381307601929,
1033,1033,1.3993667364120483,
1034,1034,0.7905469536781311,
1035,1035,1.4214417934417725,
1036,1036,0.7485985159873962,
1037,1037,0.7854610681533813,
1038,1038,0.7489327192306519,
1039,1039,0.9201815724372864,
1040,1040,1.0045486688613892,
1041,1041,0.6961354613304138,
1042,1042,1.296088457107544,
1043,1043,0.8210065364837646,
1044,1044,0.9881277084350586,
1045,1045,0.7425097823143005,
1046,1046,0.6990415453910828,
1047,1047,0.7378430366516113,
1048,1048,0.5662887692451477,
1049,1049,,0.6821725368499756
1049,1049,0.6821725368499756,
1050,1050,1.213966965675354,
1051,1051,0.7584277391433716,
1052,1052,1.1224603652954102,
1053,1053,0.7005671858787537,
1054,1054,0.842754065990448,
1055,1055,0.7561606764793396,
1056,1056,0.6416796445846558,
1057,1057,0.6508498787879944,
1058,1058,0.669329047203064,
1059,1059,0.741726815700531,
1060,1060,0.7074605822563171,
1061,1061,0.45842820405960083,
1062,1062,0.6283926367759705,
1063,1063,0.9764999151229858,
1064,1064,0.7290527820587158,
1065,1065,0.7681461572647095,
1066,1066,0.7790400981903076,
1067,1067,0.7227200865745544,
1068,1068,0.5639108419418335,
1069,1069,0.6793646216392517,
1070,1070,0.5829235315322876,
1071,1071,0.8004321455955505,
1072,1072,1.1904609203338623,
1073,1073,1.0618891716003418,
1074,1074,1.254669427871704,
1075,1075,0.8397400379180908,
1076,1076,1.0419479608535767,
1077,1077,1.0120941400527954,
1078,1078,0.6332629919052124,
1079,1079,0.7478600144386292,
1080,1080,1.1037219762802124,
1081,1081,0.7572707533836365,
1082,1082,0.8710172176361084,
1083,1083,0.8768762350082397,
1084,1084,0.9190707802772522,
1085,1085,0.5926037430763245,
1086,1086,0.7034493088722229,
1087,1087,0.658254861831665,
1088,1088,0.7445343136787415,
1089,1089,0.6635453104972839,
1090,1090,0.7116860151290894,
1091,1091,0.7905736565589905,
1092,1092,0.7851726412773132,
1093,1093,0.5976918339729309,
1094,1094,0.7668351531028748,
1095,1095,0.741732656955719,
1096,1096,0.706818163394928,
1097,1097,0.7353294491767883,
1098,1098,0.6373206973075867,
1099,1099,,0.7366716265678406
1099,1099,0.7366716265678406,
1100,1100,0.7164334654808044,
1101,1101,0.6469568610191345,
1102,1102,0.6285040378570557,
1103,1103,0.6518277525901794,
1104,1104,0.6156052947044373,
1105,1105,0.551343560218811,
1106,1106,0.703122615814209,
1107,1107,0.5723127126693726,
1108,1108,0.6049089431762695,
1109,1109,0.5728716850280762,
1110,1110,0.8074418306350708,
1111,1111,0.6405225992202759,
1112,1112,0.5499144792556763,
1113,1113,0.551995038986206,
1114,1114,0.590896487236023,
1115,1115,0.5726085901260376,
1116,1116,0.6892014145851135,
1117,1117,0.6995872855186462,
1118,1118,0.5435280799865723,
1119,1119,0.6057955026626587,
1120,1120,0.6210831999778748,
1121,1121,0.7505662441253662,
1122,1122,0.6886627674102783,
1123,1123,0.6514904499053955,
1124,1124,0.6067358255386353,
1125,1125,0.5520868301391602,
1126,1126,0.6582595109939575,
1127,1127,0.7415288686752319,
1128,1128,0.5684850215911865,
1129,1129,0.5616356134414673,
1130,1130,0.6618078351020813,
1131,1131,0.7792156934738159,
1132,1132,0.7466040849685669,
1133,1133,0.6915247440338135,
1134,1134,0.6695131063461304,
1135,1135,0.6571286916732788,
1136,1136,0.6048983931541443,
1137,1137,0.691896378993988,
1138,1138,0.5215775966644287,
1139,1139,0.5965583920478821,
1140,1140,0.6745002269744873,
1141,1141,0.6456757187843323,
1142,1142,0.5614613890647888,
1143,1143,0.5873454213142395,
1144,1144,0.5531118512153625,
1145,1145,0.5789883136749268,
1146,1146,0.7299489974975586,
1147,1147,0.6435704231262207,
1148,1148,0.6017701029777527,
1149,1149,,0.6214020252227783
1149,1149,0.6214020252227783,
1150,1150,0.5966590046882629,
1151,1151,0.5403935313224792,
1152,1152,0.5963887572288513,
1153,1153,0.5809493660926819,
1154,1154,0.5603504180908203,
1155,1155,0.5470173954963684,
1156,1156,0.566112756729126,
1157,1157,0.49541139602661133,
1158,1158,0.5676934123039246,
1159,1159,0.5414372086524963,
1160,1160,0.5640154480934143,
1161,1161,0.6147609353065491,
1162,1162,0.5745351314544678,
1163,1163,0.46566808223724365,
1164,1164,0.5734866857528687,
1165,1165,0.49529457092285156,
1166,1166,0.5884531736373901,
1167,1167,0.5739927887916565,
1168,1168,0.5748534202575684,
1169,1169,0.6320786476135254,
1170,1170,0.6238859295845032,
1171,1171,0.5887506604194641,
1172,1172,0.5848914980888367,
1173,1173,0.5854862928390503,
1174,1174,0.5418413281440735,
1175,1175,0.6187796592712402,
1176,1176,0.5918230414390564,
1177,1177,0.6023774147033691,
1178,1178,0.6293218731880188,
1179,1179,0.5507073998451233,
1180,1180,0.5499030947685242,
1181,1181,0.46614113450050354,
1182,1182,0.5728211998939514,
1183,1183,0.6107450723648071,
1184,1184,0.5651867389678955,
1185,1185,0.558525562286377,
1186,1186,0.5833140015602112,
1187,1187,0.5463970899581909,
1188,1188,0.5698727369308472,
1189,1189,0.5433244705200195,
1190,1190,0.5414226055145264,
1191,1191,0.586164116859436,
1192,1192,0.5632228851318359,
1193,1193,0.5892786979675293,
1194,1194,0.5663213729858398,
1195,1195,0.5939074754714966,
1196,1196,0.6096779704093933,
1197,1197,0.5754753351211548,
1198,1198,0.5407901406288147,
1199,1199,,0.601557731628418
1199,1199,0.601557731628418,
1200,1200,0.5583106875419617,
1201,1201,0.6016393303871155,
1202,1202,0.5881204605102539,
1203,1203,0.6098996996879578,
1204,1204,0.28462374210357666,
1205,1205,0.5698607563972473,
1206,1206,0.5886781215667725,
1207,1207,0.6621710658073425,
1208,1208,0.6002370715141296,
1209,1209,0.5399511456489563,
1210,1210,0.5829102993011475,
1211,1211,0.5179118514060974,
1212,1212,0.660894513130188,
1213,1213,0.5367044806480408,
1214,1214,0.5776658058166504,
1215,1215,0.613957941532135,
1216,1216,0.6026588678359985,
1217,1217,0.5591560006141663,
1218,1218,0.5462811589241028,
1219,1219,0.6872653961181641,
1220,1220,0.5666599273681641,
1221,1221,0.5577355623245239,
1222,1222,0.5579046010971069,
1223,1223,0.6882312893867493,
1224,1224,0.5599352717399597,
1225,1225,0.5403571724891663,
1226,1226,0.5335420966148376,
1227,1227,0.5666127800941467,
1228,1228,0.5531267523765564,
1229,1229,0.4495805501937866,
1230,1230,0.5469931960105896,
1231,1231,0.6386001706123352,
1232,1232,0.5591733455657959,
1233,1233,0.516255259513855,
1234,1234,0.5804554224014282,
1235,1235,0.55919349193573,
1236,1236,0.635785698890686,
1237,1237,0.5632812976837158,
1238,1238,0.5802565813064575,
1239,1239,0.5404289960861206,
1240,1240,0.5598354935646057,
1241,1241,0.5546566247940063,
1242,1242,0.6015443801879883,
1243,1243,0.5555683970451355,
1244,1244,0.5986528396606445,
1245,1245,0.5505324602127075,
1246,1246,0.5538055896759033,
1247,1247,0.5322361588478088,
1248,1248,0.5640251040458679,
1249,1249,,0.5569021105766296
1249,1249,0.5569021105766296,
1250,1250,0.657567024230957,
1251,1251,0.555720865726471,
1252,1252,0.5076256990432739,
1253,1253,0.6200719475746155,
1254,1254,0.6209035515785217,
1255,1255,0.5508526563644409,
1256,1256,0.5856700539588928,
1257,1257,0.5324455499649048,
1258,1258,0.5401933789253235,
1259,1259,0.56207275390625,
1260,1260,0.5794069170951843,
1261,1261,0.5500375032424927,
1262,1262,0.589335024356842,
1263,1263,0.5792880654335022,
1264,1264,0.5455514788627625,
1265,1265,0.5233289003372192,
1266,1266,0.5487539172172546,
1267,1267,0.5836598873138428,
1268,1268,0.569408655166626,
1269,1269,0.5489345192909241,
1270,1270,0.5832621455192566,
1271,1271,0.5773643255233765,
1272,1272,0.5431399941444397,
1273,1273,0.5581881403923035,
1274,1274,0.5951781868934631,
1275,1275,0.5723950266838074,
1276,1276,0.5534554123878479,
1277,1277,0.5595101714134216,
1278,1278,0.5571607351303101,
1279,1279,0.5525141954421997,
1280,1280,0.5438925623893738,
1281,1281,0.545478105545044,
1282,1282,0.5485522747039795,
1283,1283,0.5408621430397034,
1284,1284,0.5405227541923523,
1285,1285,0.5791545510292053,
1286,1286,0.5372037291526794,
1287,1287,0.5484364032745361,
1288,1288,0.4763379395008087,
1289,1289,0.5356619358062744,
1290,1290,0.5734824538230896,
1291,1291,0.5443668961524963,
1292,1292,0.5423015356063843,
1293,1293,0.5482695698738098,
1294,1294,0.5659792423248291,
1295,1295,0.7530728578567505,
1296,1296,0.5649893283843994,
1297,1297,0.66502445936203,
1298,1298,0.5568642616271973,
1299,1299,,0.9162597060203552
1299,1299,0.9162597060203552,
1300,1300,1.9894592761993408,
1301,1301,0.963858962059021,
1302,1302,1.0886082649230957,
1303,1303,1.4046348333358765,
1304,1304,1.2991552352905273,
1305,1305,6.383928298950195,
1306,1306,1.6393697261810303,
1307,1307,0.9360207319259644,
1308,1308,1.2506837844848633,
1309,1309,1.2210273742675781,
1310,1310,1.0613925457000732,
1311,1311,0.8091883659362793,
1312,1312,1.0414037704467773,
1313,1313,2.933906316757202,
1314,1314,0.6400294303894043,
1315,1315,1.067281723022461,
1316,1316,0.606471836566925,
1317,1317,1.3788807392120361,
1318,1318,1.1183497905731201,
1319,1319,1.12184739112854,
1320,1320,0.9764043092727661,
1321,1321,1.0588910579681396,
1322,1322,1.0862646102905273,
1323,1323,0.8070840239524841,
1324,1324,0.6283938884735107,
1325,1325,0.6647568345069885,
1326,1326,1.0507023334503174,
1327,1327,1.4206712245941162,
1328,1328,1.269489049911499,
1329,1329,0.5966736078262329,
1330,1330,0.7295963764190674,
1331,1331,1.0632882118225098,
1332,1332,0.9985988140106201,
1333,1333,1.2978029251098633,
1334,1334,0.5739198327064514,
1335,1335,0.5907140970230103,
1336,1336,0.989177942276001,
1337,1337,2.171438455581665,
1338,1338,0.6682649254798889,
1339,1339,0.7937573194503784,
1340,1340,1.1118453741073608,
1341,1341,0.9386128187179565,
1342,1342,0.5782862901687622,
1343,1343,1.2427213191986084,
1344,1344,1.0902488231658936,
1345,1345,0.5941644310951233,
1346,1346,0.9981032609939575,
1347,1347,1.7085808515548706,
1348,1348,1.786813735961914,
1349,1349,,0.5793195962905884
1349,1349,0.5793195962905884,
1350,1350,0.8659098148345947,
1351,1351,1.1127865314483643,
1352,1352,1.366020679473877,
1353,1353,0.9326227903366089,
1354,1354,1.0232417583465576,
1355,1355,0.8473948240280151,
1356,1356,1.580958366394043,
1357,1357,0.5356854200363159,
1358,1358,1.5713258981704712,
1359,1359,0.5894704461097717,
1360,1360,0.5727549195289612,
1361,1361,0.9132447242736816,
1362,1362,0.5767274498939514,
1363,1363,1.0105727910995483,
1364,1364,0.6108098030090332,
1365,1365,0.5873258113861084,
1366,1366,0.8649464845657349,
1367,1367,1.095348834991455,
1368,1368,1.8419158458709717,
1369,1369,0.9683144092559814,
1370,1370,1.062074899673462,
1371,1371,1.0653667449951172,
1372,1372,0.8972699046134949,
1373,1373,0.9411969184875488,
1374,1374,0.616034746170044,
1375,1375,0.7370073199272156,
1376,1376,1.428287148475647,
1377,1377,0.8822221755981445,
1378,1378,0.5893837213516235,
1379,1379,0.5695772171020508,
1380,1380,0.7958307266235352,
1381,1381,1.3107661008834839,
1382,1382,0.842904806137085,
1383,1383,0.9972690343856812,
1384,1384,0.5923731923103333,
1385,1385,1.0745806694030762,
1386,1386,1.0691962242126465,
1387,1387,0.7548907399177551,
1388,1388,1.215864896774292,
1389,1389,0.5662975311279297,
1390,1390,0.9194231629371643,
1391,1391,0.5695540308952332,
1392,1392,0.6160815358161926,
1393,1393,0.618992805480957,
1394,1394,0.5356656908988953,
1395,1395,0.7136917114257812,
1396,1396,0.8454297780990601,
1397,1397,0.9417471289634705,
1398,1398,0.5510203838348389,
1399,1399,,0.8870184421539307
1399,1399,0.8870184421539307,
1400,1400,1.2481372356414795,
1401,1401,1.1185299158096313,
1402,1402,0.585648238658905,
1403,1403,0.757394015789032,
1404,1404,0.5674024224281311,
1405,1405,0.8713459968566895,
1406,1406,1.2222795486450195,
1407,1407,0.8526080846786499,
1408,1408,1.2583932876586914,
1409,1409,0.8160772323608398,
1410,1410,0.954708456993103,
1411,1411,0.7688736915588379,
1412,1412,0.9363991022109985,
1413,1413,0.5894201993942261,
1414,1414,0.9278354644775391,
1415,1415,1.0029816627502441,
1416,1416,0.5563905239105225,
1417,1417,0.5735449194908142,
1418,1418,0.613339900970459,
1419,1419,1.0225625038146973,
1420,1420,0.7315672039985657,
1421,1421,0.856818437576294,
1422,1422,0.7163304090499878,
1423,1423,0.7813845276832581,
1424,1424,0.5454253554344177,
1425,1425,0.6195235252380371,
1426,1426,0.8091586232185364,
1427,1427,0.8112740516662598,
1428,1428,0.5698813199996948,
1429,1429,0.9419257640838623,
1430,1430,1.1480607986450195,
1431,1431,0.7728646993637085,
1432,1432,0.718633770942688,
1433,1433,0.6295247077941895,
1434,1434,0.6957311034202576,
1435,1435,0.6708194613456726,
1436,1436,0.5581859350204468,
1437,1437,0.5476658940315247,
1438,1438,0.8408217430114746,
1439,1439,0.6982547044754028,
1440,1440,0.7078192234039307,
1441,1441,0.5543501973152161,
1442,1442,0.562854528427124,
1443,1443,0.5528034567832947,
1444,1444,0.532703161239624,
1445,1445,0.5842495560646057,
1446,1446,0.546979546546936,
1447,1447,0.877251386642456,
1448,1448,0.7297908663749695,
1449,1449,,0.5604471564292908
1449,1449,0.5604471564292908,
1450,1450,0.6937679648399353,
1451,1451,0.7800604104995728,
1452,1452,1.3402509689331055,
1453,1453,1.720597505569458,
1454,1454,0.8496308326721191,
1455,1455,0.6524770259857178,
1456,1456,0.7863543033599854,
1457,1457,0.7546334862709045,
1458,1458,0.7258467078208923,
1459,1459,0.5942139625549316,
1460,1460,1.005308985710144,
1461,1461,0.6271891593933105,
1462,1462,0.6239879131317139,
1463,1463,0.610720157623291,
1464,1464,0.6014701128005981,
1465,1465,0.5698755979537964,
1466,1466,0.6232886910438538,
1467,1467,0.8236122131347656,
1468,1468,0.6078552603721619,
1469,1469,0.704091489315033,
1470,1470,0.7120376825332642,
1471,1471,0.7587004899978638,
1472,1472,0.545678973197937,
1473,1473,0.6638057231903076,
1474,1474,0.5563929080963135,
1475,1475,0.6636590957641602,
1476,1476,0.7761098742485046,
1477,1477,0.7076389789581299,
1478,1478,0.6958029866218567,
1479,1479,0.6375934481620789,
1480,1480,0.6619641780853271,
1481,1481,0.6769642233848572,
1482,1482,0.7525174021720886,
1483,1483,0.6716718673706055,
1484,1484,0.6930619478225708,
1485,1485,0.5756381154060364,
1486,1486,0.5760020613670349,
1487,1487,0.7242809534072876,
1488,1488,0.7120511531829834,
1489,1489,0.5458035469055176,
1490,1490,0.6166635155677795,
1491,1491,0.6502034068107605,
1492,1492,0.6558759808540344,
1493,1493,0.6752059459686279,
1494,1494,0.7415649890899658,
1495,1495,0.7536526918411255,
1496,1496,0.6023106575012207,
1497,1497,0.7223444581031799,
1498,1498,0.6899486184120178,
1499,1499,,0.576296329498291
1499,1499,0.576296329498291,
1500,1500,0.692360520362854,
1501,1501,0.6589801907539368,
1502,1502,0.6001307964324951,
1503,1503,0.6726823449134827,
1504,1504,0.5653796792030334,
1505,1505,0.5565317273139954,
1506,1506,0.5889666080474854,
1507,1507,0.5985010266304016,
1508,1508,0.5217604637145996,
1509,1509,0.5447090268135071,
1510,1510,0.7196188569068909,
1511,1511,0.6403508186340332,
1512,1512,0.714164137840271,
1513,1513,0.5359280705451965,
1514,1514,0.5766602754592896,
1515,1515,0.5553052425384521,
1516,1516,0.679745078086853,
1517,1517,0.5786396265029907,
1518,1518,0.6431819200515747,
1519,1519,0.6284516453742981,
1520,1520,0.564761757850647,
1521,1521,0.6758772134780884,
1522,1522,0.5866858959197998,
1523,1523,0.5703942179679871,
1524,1524,0.5878647565841675,
1525,1525,0.6334499716758728,
1526,1526,0.5375885963439941,
1527,1527,0.5789721012115479,
1528,1528,0.5741989612579346,
1529,1529,0.6013877987861633,
1530,1530,0.5457369089126587,
1531,1531,0.5443131923675537,
1532,1532,0.5507384538650513,
1533,1533,0.6360585689544678,
1534,1534,0.5801584124565125,
1535,1535,0.5870828032493591,
1536,1536,0.5342257022857666,
1537,1537,0.6463668346405029,
1538,1538,0.5399348139762878,
1539,1539,0.5853352546691895,
1540,1540,0.5815005302429199,
1541,1541,0.5126301050186157,
1542,1542,0.5768893361091614,
1543,1543,0.5206349492073059,
1544,1544,0.5531310439109802,
1545,1545,0.5511921644210815,
1546,1546,0.6850090622901917,
1547,1547,0.539182186126709,
1548,1548,0.6365100145339966,
1549,1549,,0.5689414143562317
1549,1549,0.5689414143562317,
1550,1550,0.6047632098197937,
1551,1551,0.6253789663314819,
1552,1552,0.5692692995071411,
1553,1553,0.6385486125946045,
1554,1554,0.4915064573287964,
1555,1555,0.5392869114875793,
1556,1556,0.5549753904342651,
1557,1557,0.5848774909973145,
1558,1558,0.6191507577896118,
1559,1559,0.5644872188568115,
1560,1560,0.5390750169754028,
1561,1561,0.5661786198616028,
1562,1562,0.532802402973175,
1563,1563,0.4382292330265045,
1564,1564,0.5661848187446594,
1565,1565,0.5831580758094788,
1566,1566,0.5187435746192932,
1567,1567,0.5648508667945862,
1568,1568,0.5446313619613647,
1569,1569,0.5719410181045532,
1570,1570,0.5990360975265503,
1571,1571,0.5504101514816284,
1572,1572,0.5625008940696716,
1573,1573,0.5494884252548218,
1574,1574,0.5321523547172546,
1575,1575,0.5621314644813538,
1576,1576,0.5563180446624756,
1577,1577,0.5488890409469604,
1578,1578,0.5311928391456604,
1579,1579,0.5480249524116516,
1580,1580,0.5530167818069458,
1581,1581,0.6099547147750854,
1582,1582,0.4869389235973358,
1583,1583,0.532240092754364,
1584,1584,0.5523682832717896,
1585,1585,0.5537342429161072,
1586,1586,0.5347161889076233,
1587,1587,0.5661801099777222,
1588,1588,0.5703717470169067,
1589,1589,0.6028134226799011,
1590,1590,0.5688912272453308,
1591,1591,0.5187833309173584,
1592,1592,0.5321078896522522,
1593,1593,0.5445601344108582,
1594,1594,0.5652773380279541,
1595,1595,0.5177829265594482,
1596,1596,0.5513039827346802,
1597,1597,0.44512349367141724,
1598,1598,0.5510815978050232,
1599,1599,,0.5446204543113708
1599,1599,0.5446204543113708,
1600,1600,0.6343421339988708,
1601,1601,0.5468631982803345,
1602,1602,0.5813877582550049,
1603,1603,0.5401110053062439,
1604,1604,0.549816370010376,
1605,1605,0.6148037314414978,
1606,1606,0.5704863667488098,
1607,1607,0.5270990133285522,
1608,1608,0.5523210167884827,
1609,1609,0.5498939752578735,
1610,1610,0.9152465462684631,
1611,1611,0.539435625076294,
1612,1612,0.5871104001998901,
1613,1613,0.5255736112594604,
1614,1614,0.5558779239654541,
1615,1615,0.5408157706260681,
1616,1616,0.5592450499534607,
1617,1617,0.5150415897369385,
1618,1618,0.46440941095352173,
1619,1619,0.5082591772079468,
1620,1620,0.5568253993988037,
1621,1621,0.528836727142334,
1622,1622,0.5320136547088623,
1623,1623,0.547193169593811,
1624,1624,0.5648457407951355,
1625,1625,0.5997568964958191,
1626,1626,0.5587539076805115,
1627,1627,0.5616596937179565,
1628,1628,0.552886426448822,
1629,1629,0.6227602958679199,
1630,1630,0.5530120134353638,
1631,1631,0.47019803524017334,
1632,1632,0.5190714597702026,
1633,1633,0.5248066186904907,
1634,1634,0.4951189160346985,
1635,1635,0.6663469076156616,
1636,1636,0.5381136536598206,
1637,1637,0.562915563583374,
1638,1638,0.49211007356643677,
1639,1639,0.5711320638656616,
1640,1640,0.39263635873794556,
1641,1641,0.5478640794754028,
1642,1642,0.5924090147018433,
1643,1643,0.5552803874015808,
1644,1644,0.5878125429153442,
1645,1645,0.5303651690483093,
1646,1646,0.5406578779220581,
1647,1647,0.5710580348968506,
1648,1648,0.5066283345222473,
1649,1649,,0.5507638454437256
1649,1649,0.5507638454437256,
1650,1650,0.5452921390533447,
1651,1651,0.5107381343841553,
1652,1652,0.5476402044296265,
1653,1653,0.5267631411552429,
1654,1654,0.546360194683075,
1655,1655,0.6042010188102722,
1656,1656,0.529051661491394,
1657,1657,0.4794328808784485,
1658,1658,0.5087284445762634,
1659,1659,0.6004278063774109,
1660,1660,0.5559999942779541,
1661,1661,0.4994937479496002,
1662,1662,0.5220346450805664,
1663,1663,0.5655996203422546,
1664,1664,0.5237451791763306,
1665,1665,0.521179735660553,
1666,1666,0.5056295394897461,
1667,1667,0.5725125670433044,
1668,1668,0.5206868052482605,
1669,1669,0.5293974280357361,
1670,1670,0.5376004576683044,
1671,1671,0.532181441783905,
1672,1672,0.5958485007286072,
1673,1673,0.5333135724067688,
1674,1674,0.5257623195648193,
1675,1675,0.5459902882575989,
1676,1676,0.49032729864120483,
1677,1677,0.5524256229400635,
1678,1678,0.5855470299720764,
1679,1679,0.5398254990577698,
1680,1680,0.7111067175865173,
1681,1681,0.5340037941932678,
1682,1682,0.4938858449459076,
1683,1683,0.576802134513855,
1684,1684,0.5496349930763245,
1685,1685,0.5525392293930054,
1686,1686,0.5452209711074829,
1687,1687,0.6260716319084167,
1688,1688,0.5527403950691223,
1689,1689,0.5509265661239624,
1690,1690,0.5403643846511841,
1691,1691,0.5649438500404358,
1692,1692,0.5416421890258789,
1693,1693,0.8364705443382263,
1694,1694,0.5566978454589844,
1695,1695,0.5421115756034851,
1696,1696,0.5552129745483398,
1697,1697,0.5692858695983887,
1698,1698,0.5276328325271606,
1699,1699,,0.5644831657409668
1699,1699,0.5644831657409668,
1700,1700,0.5583122968673706,
1701,1701,0.4680526554584503,
1702,1702,0.5198959708213806,
1703,1703,0.7052268981933594,
1704,1704,0.5122411251068115,
1705,1705,0.5322816371917725,
1706,1706,0.5690540671348572,
1707,1707,0.47858551144599915,
1708,1708,0.46299242973327637,
1709,1709,0.5093867778778076,
1710,1710,0.5725686550140381,
1711,1711,0.546795129776001,
1712,1712,0.5240082144737244,
1713,1713,0.552600085735321,
1714,1714,0.5402330160140991,
1715,1715,0.5031400918960571,
1716,1716,0.5250990390777588,
1717,1717,0.5215029120445251,
1718,1718,0.5460883975028992,
1719,1719,0.52039635181427,
1720,1720,0.4581530690193176,
1721,1721,0.55987149477005,
1722,1722,0.6175030469894409,
1723,1723,0.5112965703010559,
1724,1724,0.6024327278137207,
1725,1725,0.5215970873832703,
1726,1726,0.5505818128585815,
1727,1727,0.536805272102356,
1728,1728,0.5342499017715454,
1729,1729,0.5114700794219971,
1730,1730,0.5287532210350037,
1731,1731,0.5742338299751282,
1732,1732,0.5452837347984314,
1733,1733,1.1752984523773193,
1734,1734,0.5223591923713684,
1735,1735,0.5125555992126465,
1736,1736,0.521720826625824,
1737,1737,0.5198215246200562,
1738,1738,0.5176771879196167,
1739,1739,0.52138352394104,
1740,1740,0.5325461626052856,
1741,1741,0.5380457639694214,
1742,1742,0.4918021559715271,
1743,1743,0.47806236147880554,
1744,1744,0.5471655130386353,
1745,1745,0.5273752808570862,
1746,1746,0.5579545497894287,
1747,1747,0.5762441754341125,
1748,1748,0.5662387609481812,
1749,1749,,0.5834671258926392
1749,1749,0.5834671258926392,
1750,1750,0.5399126410484314,
1751,1751,0.5608108639717102,
1752,1752,0.42484086751937866,
1753,1753,0.536188542842865,
1754,1754,0.4888557195663452,
1755,1755,0.4792710840702057,
1756,1756,0.517626941204071,
1757,1757,0.47668981552124023,
1758,1758,0.531868040561676,
1759,1759,0.5189031362533569,
1760,1760,0.5452837944030762,
1761,1761,0.521642804145813,
1762,1762,0.5442450046539307,
1763,1763,0.4971281886100769,
1764,1764,0.5348763465881348,
1765,1765,0.5150858163833618,
1766,1766,0.49922046065330505,
1767,1767,0.5736731886863708,
1768,1768,0.5354929566383362,
1769,1769,0.5418182015419006,
1770,1770,0.5490779876708984,
1771,1771,0.5227500796318054,
1772,1772,0.5179727077484131,
1773,1773,0.5706969499588013,
1774,1774,0.36340004205703735,
1775,1775,0.5464794635772705,
1776,1776,0.5305676460266113,
1777,1777,0.45814138650894165,
1778,1778,0.5259912610054016,
1779,1779,0.545005738735199,
1780,1780,0.5420694947242737,
1781,1781,0.5288302302360535,
1782,1782,0.5237169861793518,
1783,1783,0.5419512987136841,
1784,1784,0.5286020040512085,
1785,1785,0.5495790243148804,
1786,1786,0.530769944190979,
1787,1787,0.5805784463882446,
1788,1788,0.5561409592628479,
1789,1789,0.5153080224990845,
1790,1790,0.521672785282135,
1791,1791,0.5194867253303528,
1792,1792,0.5348090529441833,
1793,1793,0.5676264762878418,
1794,1794,0.5351747274398804,
1795,1795,0.5244626998901367,
1796,1796,0.521553635597229,
1797,1797,0.5661225914955139,
1798,1798,0.5449575781822205,
1799,1799,,0.5412022471427917
1799,1799,0.5412022471427917,
1800,1800,0.5369475483894348,
1801,1801,0.5197381377220154,
1802,1802,0.5757322907447815,
1803,1803,0.5571674108505249,
1804,1804,0.4658615291118622,
1805,1805,0.5079078674316406,
1806,1806,0.2440742403268814,
1807,1807,0.516376256942749,
1808,1808,0.33452659845352173,
1809,1809,0.522518515586853,
1810,1810,0.5349336862564087,
1811,1811,0.5041550993919373,
1812,1812,0.5383080840110779,
1813,1813,0.5432876348495483,
1814,1814,0.5471128225326538,
1815,1815,0.5740311741828918,
1816,1816,0.5484088063240051,
1817,1817,0.5983216762542725,
1818,1818,0.6008909344673157,
1819,1819,0.5168724656105042,
1820,1820,0.5159937739372253,
1821,1821,0.5767433047294617,
1822,1822,0.5329761505126953,
1823,1823,0.501038670539856,
1824,1824,0.5220892429351807,
1825,1825,0.49266207218170166,
1826,1826,0.5406109690666199,
1827,1827,0.5192978382110596,
1828,1828,0.4525260031223297,
1829,1829,0.5477170348167419,
1830,1830,0.5365583300590515,
1831,1831,0.5640365481376648,
1832,1832,0.5445300340652466,
1833,1833,0.4972308576107025,
1834,1834,0.5413293242454529,
1835,1835,0.5407335162162781,
1836,1836,0.5557015538215637,
1837,1837,0.5243533253669739,
1838,1838,0.4875461459159851,
1839,1839,0.5168771147727966,
1840,1840,0.5333432555198669,
1841,1841,0.5243617296218872,
1842,1842,0.5745672583580017,
1843,1843,0.5147915482521057,
1844,1844,0.5170269012451172,
1845,1845,0.539423406124115,
1846,1846,0.4842769503593445,
1847,1847,0.5046924352645874,
1848,1848,0.8221883177757263,
1849,1849,,0.5292866826057434
1849,1849,0.5292866826057434,
1850,1850,0.5211215615272522,
1851,1851,0.5242868065834045,
1852,1852,0.5138624906539917,
1853,1853,0.5484732389450073,
1854,1854,0.5460692048072815,
1855,1855,0.4812827706336975,
1856,1856,0.5063392519950867,
1857,1857,0.8809143900871277,
1858,1858,0.5115605592727661,
1859,1859,0.6102897524833679,
1860,1860,0.5207921862602234,
1861,1861,0.5554683804512024,
1862,1862,0.4974665343761444,
1863,1863,0.532501220703125,
1864,1864,0.5387848615646362,
1865,1865,0.5795431137084961,
1866,1866,0.5257313847541809,
1867,1867,0.5248506665229797,
1868,1868,0.49509570002555847,
1869,1869,0.5367530584335327,
1870,1870,0.5094492435455322,
1871,1871,0.5481545329093933,
1872,1872,0.5178926587104797,
1873,1873,0.9280111789703369,
1874,1874,0.5565786957740784,
1875,1875,0.48649486899375916,
1876,1876,0.48943036794662476,
1877,1877,0.5121203660964966,
1878,1878,0.5714663863182068,
1879,1879,0.49551719427108765,
1880,1880,0.5391462445259094,
1881,1881,0.5050074458122253,
1882,1882,0.5388138294219971,
1883,1883,0.6046072244644165,
1884,1884,0.5201229453086853,
1885,1885,0.548760175704956,
1886,1886,0.5508385896682739,
1887,1887,0.5418453216552734,
1888,1888,0.4841462969779968,
1889,1889,0.48005256056785583,
1890,1890,0.5419954061508179,
1891,1891,0.5743616819381714,
1892,1892,0.5375816226005554,
1893,1893,0.5193985104560852,
1894,1894,0.5711010694503784,
1895,1895,0.43884512782096863,
1896,1896,0.49999964237213135,
1897,1897,0.5550256371498108,
1898,1898,0.518480658531189,
1899,1899,,0.5394901037216187
1899,1899,0.5394901037216187,
1900,1900,0.4938041865825653,
1901,1901,0.521683394908905,
1902,1902,0.516065776348114,
1903,1903,0.5199030637741089,
1904,1904,0.515379011631012,
1905,1905,0.5048567056655884,
1906,1906,0.5281780958175659,
1907,1907,0.5481822490692139,
1908,1908,0.5442537069320679,
1909,1909,0.5212985277175903,
1910,1910,0.5216688513755798,
1911,1911,0.42555487155914307,
1912,1912,0.5223554372787476,
1913,1913,0.5342267751693726,
1914,1914,0.49226588010787964,
1915,1915,0.49809500575065613,
1916,1916,0.5748134851455688,
1917,1917,0.5530005097389221,
1918,1918,0.5249797701835632,
1919,1919,0.5881208181381226,
1920,1920,0.5423753261566162,
1921,1921,0.516754150390625,
1922,1922,0.5335350036621094,
1923,1923,0.5323832035064697,
1924,1924,0.5245779752731323,
1925,1925,0.5086555480957031,
1926,1926,0.5531980395317078,
1927,1927,0.4665834903717041,
1928,1928,0.5106159448623657,
1929,1929,0.5180022716522217,
1930,1930,0.5266308188438416,
1931,1931,0.5397857427597046,
1932,1932,0.4052135646343231,
1933,1933,0.5045676231384277,
1934,1934,0.5181545615196228,
1935,1935,0.5201132297515869,
1936,1936,0.49453163146972656,
1937,1937,0.4557121992111206,
1938,1938,0.4920380413532257,
1939,1939,0.5489676594734192,
1940,1940,0.4980827569961548,
1941,1941,0.51103276014328,
1942,1942,0.49294576048851013,
1943,1943,0.49861764907836914,
1944,1944,0.651664674282074,
1945,1945,0.537747859954834,
1946,1946,0.5085223913192749,
1947,1947,0.4934921860694885,
1948,1948,0.517309844493866,
1949,1949,,0.505479097366333
1949,1949,0.505479097366333,
1950,1950,0.5140282511711121,
1951,1951,0.47976166009902954,
1952,1952,0.48490187525749207,
1953,1953,0.4885272979736328,
1954,1954,0.5317817330360413,
1955,1955,0.5572945475578308,
1956,1956,0.48134681582450867,
1957,1957,0.521240234375,
1958,1958,0.5210334062576294,
1959,1959,0.5132142305374146,
1960,1960,0.4976092278957367,
1961,1961,0.5140131115913391,
1962,1962,0.5164284110069275,
1963,1963,0.5139532089233398,
1964,1964,0.5262027978897095,
1965,1965,0.4883543848991394,
1966,1966,0.4979120194911957,
1967,1967,0.5377333164215088,
1968,1968,0.515838623046875,
1969,1969,0.5419089794158936,
1970,1970,0.5130051374435425,
1971,1971,0.355536550283432,
1972,1972,0.5423937439918518,
1973,1973,0.5185008645057678,
1974,1974,0.518483579158783,
1975,1975,0.4548472464084625,
1976,1976,0.6223437190055847,
1977,1977,0.4357336163520813,
1978,1978,0.5043540596961975,
1979,1979,0.500512957572937,
1980,1980,0.60801100730896,
1981,1981,0.5239778161048889,
1982,1982,0.5279081463813782,
1983,1983,0.5192282795906067,
1984,1984,0.51462721824646,
1985,1985,0.5364406704902649,
1986,1986,0.5722225308418274,
1987,1987,0.5148685574531555,
1988,1988,0.4824540615081787,
1989,1989,0.4998261034488678,
1990,1990,0.5263803005218506,
1991,1991,0.5394431352615356,
1992,1992,0.5112730860710144,
1993,1993,0.54993736743927,
1994,1994,0.5348286032676697,
1995,1995,0.5389743447303772,
1996,1996,0.5199851393699646,
1997,1997,0.5245546698570251,
1998,1998,0.5143367052078247,
1999,1999,,0.47282344102859497
1999,1999,0.47282344102859497,
2000,2000,0.5340360999107361,
2001,2001,0.47675251960754395,
2002,2002,0.5193310379981995,
2003,2003,0.5414486527442932,
2004,2004,0.5564180016517639,
2005,2005,0.5083473920822144,
2006,2006,0.5355357527732849,
2007,2007,0.46871212124824524,
2008,2008,0.6011735796928406,
2009,2009,0.5184963941574097,
2010,2010,0.5093601942062378,
2011,2011,0.5496817827224731,
2012,2012,0.5195692181587219,
2013,2013,0.5282852649688721,
2014,2014,0.5174001455307007,
2015,2015,0.5230564475059509,
2016,2016,0.45154881477355957,
2017,2017,0.5153931379318237,
2018,2018,0.494877427816391,
2019,2019,0.5148169994354248,
2020,2020,0.5219123363494873,
2021,2021,0.49620136618614197,
2022,2022,0.49342626333236694,
2023,2023,0.509647011756897,
2024,2024,0.5198338031768799,
2025,2025,0.5305609107017517,
2026,2026,0.5193479061126709,
2027,2027,0.4762554466724396,
2028,2028,0.4930563271045685,
2029,2029,0.6138274669647217,
2030,2030,0.5183122754096985,
2031,2031,0.48979848623275757,
2032,2032,0.5312251448631287,
2033,2033,0.5342699885368347,
2034,2034,0.48842400312423706,
2035,2035,0.49540725350379944,
2036,2036,0.49301663041114807,
2037,2037,0.508123517036438,
2038,2038,0.5264421701431274,
2039,2039,0.5199522376060486,
2040,2040,0.5274264812469482,
2041,2041,0.5287618041038513,
2042,2042,0.5155845284461975,
2043,2043,0.468273788690567,
2044,2044,0.5925043821334839,
2045,2045,0.5612256526947021,
2046,2046,0.5212813019752502,
2047,2047,0.5271316170692444,
2048,2048,0.5162681341171265,
2049,2049,,0.5212860703468323
2049,2049,0.5212860703468323,
2050,2050,0.5257429480552673,
2051,2051,0.5525067448616028,
2052,2052,0.5090094208717346,
2053,2053,0.5523068308830261,
2054,2054,0.5134273171424866,
2055,2055,0.4154137969017029,
2056,2056,0.5519658923149109,
2057,2057,0.5509622693061829,
2058,2058,0.5306717157363892,
2059,2059,0.636060893535614,
2060,2060,0.5617029070854187,
2061,2061,0.5649821758270264,
2062,2062,0.5691328048706055,
2063,2063,0.5379472970962524,
2064,2064,0.5274031758308411,
2065,2065,0.5439323782920837,
2066,2066,0.5341143012046814,
2067,2067,0.5339381098747253,
2068,2068,0.5261748433113098,
2069,2069,0.5463417768478394,
2070,2070,0.516079843044281,
2071,2071,0.5359883308410645,
2072,2072,0.6546148061752319,
2073,2073,0.5183355808258057,
2074,2074,0.5673273801803589,
2075,2075,0.5188665390014648,
2076,2076,0.5037383437156677,
2077,2077,0.5256748795509338,
2078,2078,0.5589283108711243,
2079,2079,0.5160027146339417,
2080,2080,0.5114119052886963,
2081,2081,0.4979967772960663,
2082,2082,0.5239331722259521,
2083,2083,0.39736315608024597,
2084,2084,0.5600349307060242,
2085,2085,0.5103283524513245,
2086,2086,0.478790283203125,
2087,2087,0.5233722925186157,
2088,2088,0.516613245010376,
2089,2089,0.5145007967948914,
2090,2090,0.5339070558547974,
2091,2091,0.522845983505249,
2092,2092,0.41361305117607117,
2093,2093,0.49887317419052124,
2094,2094,0.5061169862747192,
2095,2095,0.5127398371696472,
2096,2096,0.5253557562828064,
2097,2097,0.5472959876060486,
2098,2098,0.5215878486633301,
2099,2099,,0.48713982105255127
2099,2099,0.48713982105255127,
2100,2100,0.6525600552558899,
2101,2101,0.5201124548912048,
2102,2102,0.4734160006046295,
2103,2103,0.5033583641052246,
2104,2104,0.5116586089134216,
2105,2105,0.5380088686943054,
2106,2106,0.5109344124794006,
2107,2107,0.5324644446372986,
2108,2108,0.5195925235748291,
2109,2109,0.5433874130249023,
2110,2110,0.4997158348560333,
2111,2111,0.516435444355011,
2112,2112,0.5125985145568848,
2113,2113,0.5093119144439697,
2114,2114,0.5343279242515564,
2115,2115,0.5259552001953125,
2116,2116,0.5130297541618347,
2117,2117,0.5121461153030396,
2118,2118,0.567402184009552,
2119,2119,0.46756866574287415,
2120,2120,0.5599452257156372,
2121,2121,0.5145121216773987,
2122,2122,0.5094531774520874,
2123,2123,0.4625647962093353,
2124,2124,0.5119284391403198,
2125,2125,0.5412884950637817,
2126,2126,0.5173957943916321,
2127,2127,0.5055198669433594,
2128,2128,0.5216989517211914,
2129,2129,0.542436420917511,
2130,2130,0.5087311863899231,
2131,2131,0.5456737875938416,
2132,2132,0.5139811038970947,
2133,2133,0.4875935912132263,
2134,2134,0.5273463129997253,
2135,2135,0.5132631659507751,
2136,2136,0.5541870594024658,
2137,2137,0.5012375712394714,
2138,2138,0.5160841345787048,
2139,2139,0.5402208566665649,
2140,2140,0.5087073445320129,
2141,2141,0.4928625822067261,
2142,2142,0.5322471857070923,
2143,2143,0.486960768699646,
2144,2144,0.4926326870918274,
2145,2145,0.5115020871162415,
2146,2146,0.6014165878295898,
2147,2147,0.5247893929481506,
2148,2148,0.5126308798789978,
2149,2149,,0.5063431859016418
2149,2149,0.5063431859016418,
2150,2150,0.5099048614501953,
2151,2151,0.5078069567680359,
2152,2152,0.5236555337905884,
2153,2153,0.5425743460655212,
2154,2154,0.5074002146720886,
2155,2155,0.5519101023674011,
2156,2156,0.5032969117164612,
2157,2157,0.5136438608169556,
2158,2158,0.5357683897018433,
2159,2159,0.5267524719238281,
2160,2160,0.5074509382247925,
2161,2161,0.43942177295684814,
2162,2162,0.48561936616897583,
2163,2163,0.47565019130706787,
2164,2164,0.5145520567893982,
2165,2165,0.5013758540153503,
2166,2166,0.5214636325836182,
2167,2167,0.5129673480987549,
2168,2168,0.5068845748901367,
2169,2169,0.5268845558166504,
2170,2170,0.5450665950775146,
2171,2171,0.5082135200500488,
2172,2172,0.516692042350769,
2173,2173,0.9425463676452637,
2174,2174,0.4351094365119934,
2175,2175,0.5168326497077942,
2176,2176,0.5187797546386719,
2177,2177,0.5180694460868835,
2178,2178,0.508793830871582,
2179,2179,0.688359797000885,
2180,2180,0.5122263431549072,
2181,2181,0.5279197096824646,
2182,2182,0.5120041966438293,
2183,2183,0.5302485823631287,
2184,2184,0.4953717589378357,
2185,2185,0.5253012180328369,
2186,2186,0.5186159014701843,
2187,2187,0.5501489639282227,
2188,2188,0.5670270323753357,
2189,2189,0.5694748759269714,
2190,2190,0.507241427898407,
2191,2191,0.5226345062255859,
2192,2192,0.5836133360862732,
2193,2193,0.540793776512146,
2194,2194,0.4753212630748749,
2195,2195,0.5795486569404602,
2196,2196,0.5148400664329529,
2197,2197,0.5022113919258118,
2198,2198,0.5129138827323914,
2199,2199,,0.507593035697937
2199,2199,0.507593035697937,
2200,2200,0.5318048596382141,
2201,2201,0.4788057804107666,
2202,2202,0.4948805272579193,
2203,2203,0.5415191650390625,
2204,2204,0.5492440462112427,
2205,2205,0.48714548349380493,
2206,2206,0.5107411742210388,
2207,2207,0.5031121969223022,
2208,2208,0.5088087916374207,
2209,2209,0.5012705326080322,
2210,2210,0.48738136887550354,
2211,2211,0.5300306081771851,
2212,2212,0.5011054277420044,
2213,2213,0.5056559443473816,
2214,2214,0.43244656920433044,
2215,2215,0.4973703622817993,
2216,2216,0.4765152335166931,
2217,2217,0.5088886022567749,
2218,2218,0.5051385760307312,
2219,2219,0.4856223165988922,
2220,2220,0.515661358833313,
2221,2221,0.49036699533462524,
2222,2222,0.5034726858139038,
2223,2223,0.5233651399612427,
2224,2224,0.5453891754150391,
2225,2225,0.508102536201477,
2226,2226,0.5034381747245789,
2227,2227,0.5466740727424622,
2228,2228,0.5290040969848633,
2229,2229,0.4806065857410431,
2230,2230,0.5206966996192932,
2231,2231,0.5265940427780151,
2232,2232,0.516869306564331,
2233,2233,0.5143771171569824,
2234,2234,0.5157048106193542,
2235,2235,0.5147498250007629,
2236,2236,0.5029044151306152,
2237,2237,0.512080729007721,
2238,2238,0.4773968756198883,
2239,2239,0.4674001932144165,
2240,2240,0.5148943662643433,
2241,2241,0.5450607538223267,
2242,2242,0.43297216296195984,
2243,2243,0.48680078983306885,
2244,2244,0.5499138236045837,
2245,2245,0.43846940994262695,
2246,2246,0.5041213035583496,
2247,2247,0.5085184574127197,
2248,2248,0.5035403370857239,
2249,2249,,0.5669335722923279
2249,2249,0.5669335722923279,
2250,2250,0.5032466053962708,
2251,2251,0.48605877161026,
2252,2252,0.5004525184631348,
2253,2253,0.5064591765403748,
2254,2254,0.5086065530776978,
2255,2255,0.49388056993484497,
2256,2256,0.5194898247718811,
2257,2257,0.5235671997070312,
2258,2258,0.5260164737701416,
2259,2259,0.5263992547988892,
2260,2260,0.5237845778465271,
2261,2261,0.5017077922821045,
2262,2262,0.49614089727401733,
2263,2263,0.504722535610199,
2264,2264,0.485186368227005,
2265,2265,0.46534934639930725,
2266,2266,0.5109649896621704,
2267,2267,0.5055292844772339,
2268,2268,0.5004721879959106,
2269,2269,0.5460837483406067,
2270,2270,0.4761180877685547,
2271,2271,0.5615764856338501,
2272,2272,0.5220873951911926,
2273,2273,0.49340999126434326,
2274,2274,0.6723876595497131,
2275,2275,0.49365466833114624,
2276,2276,0.5432587265968323,
2277,2277,0.5078431367874146,
2278,2278,0.4958285689353943,
2279,2279,0.5032998919487,
2280,2280,0.5053355097770691,
2281,2281,0.5019837617874146,
2282,2282,0.5058473348617554,
2283,2283,0.5705156922340393,
2284,2284,0.5054661631584167,
2285,2285,0.5020865201950073,
2286,2286,0.5327652096748352,
2287,2287,0.5760201811790466,
2288,2288,0.5051562190055847,
2289,2289,0.5091645121574402,
2290,2290,0.5249069333076477,
2291,2291,0.4883248805999756,
2292,2292,0.5197540521621704,
2293,2293,0.46889519691467285,
2294,2294,0.5148987770080566,
2295,2295,0.5025325417518616,
2296,2296,0.5089977979660034,
2297,2297,0.48382940888404846,
2298,2298,0.5558797717094421,
2299,2299,,0.5230537056922913
2299,2299,0.5230537056922913,
2300,2300,0.5984688401222229,
2301,2301,0.4971207082271576,
2302,2302,0.505695104598999,
2303,2303,0.490648478269577,
2304,2304,0.5011314749717712,
2305,2305,0.5338675379753113,
2306,2306,0.4963093101978302,
2307,2307,0.4962441921234131,
2308,2308,0.49539902806282043,
2309,2309,0.5404441952705383,
2310,2310,0.5147296786308289,
2311,2311,0.4941794276237488,
2312,2312,0.4957702159881592,
2313,2313,0.49567049741744995,
2314,2314,0.5212985873222351,
2315,2315,0.44903621077537537,
2316,2316,0.5017966032028198,
2317,2317,0.4965326488018036,
2318,2318,0.5135565996170044,
2319,2319,0.5181906819343567,
2320,2320,0.4719138443470001,
2321,2321,0.5078794360160828,
2322,2322,0.4904693067073822,
2323,2323,0.4747242331504822,
2324,2324,0.4662996530532837,
2325,2325,0.5200335383415222,
2326,2326,0.38482654094696045,
2327,2327,0.5522409677505493,
2328,2328,0.5269134044647217,
2329,2329,0.5121982097625732,
2330,2330,0.5016219019889832,
2331,2331,0.3501318395137787,
2332,2332,0.5071877837181091,
2333,2333,0.5030224323272705,
2334,2334,0.49900829792022705,
2335,2335,0.49703022837638855,
2336,2336,0.47748225927352905,
2337,2337,0.4115416705608368,
2338,2338,0.4655068814754486,
2339,2339,0.526712954044342,
2340,2340,0.48730072379112244,
2341,2341,0.4573156237602234,
2342,2342,0.5631085634231567,
2343,2343,0.41281479597091675,
2344,2344,0.5254945755004883,
2345,2345,0.5022147297859192,
2346,2346,0.539564847946167,
2347,2347,0.5082777738571167,
2348,2348,0.484491229057312,
2349,2349,,0.4954979717731476
2349,2349,0.4954979717731476,
2350,2350,0.5145720839500427,
2351,2351,0.5007303357124329,
2352,2352,0.6199252605438232,
2353,2353,0.4969446659088135,
2354,2354,0.5081493854522705,
2355,2355,0.5397834777832031,
2356,2356,0.4644750654697418,
2357,2357,0.4932421147823334,
2358,2358,0.5232095122337341,
2359,2359,0.5003772377967834,
2360,2360,0.4839497208595276,
2361,2361,0.507892906665802,
2362,2362,0.6142973303794861,
2363,2363,0.4767054617404938,
2364,2364,0.44419851899147034,
2365,2365,0.4908734858036041,
2366,2366,0.47673237323760986,
2367,2367,0.49664872884750366,
2368,2368,0.5048103928565979,
2369,2369,0.4999963343143463,
2370,2370,0.46701744198799133,
2371,2371,0.3908630609512329,
2372,2372,0.5277614593505859,
2373,2373,0.501025915145874,
2374,2374,0.4833493232727051,
2375,2375,0.419822096824646,
2376,2376,0.46631118655204773,
2377,2377,0.5053569078445435,
2378,2378,0.5452446341514587,
2379,2379,0.5143402218818665,
2380,2380,0.5081514716148376,
2381,2381,0.499032586812973,
2382,2382,0.4966752231121063,
2383,2383,0.5029436349868774,
2384,2384,0.4900120496749878,
2385,2385,0.5082284808158875,
2386,2386,0.49700868129730225,
2387,2387,0.37821871042251587,
2388,2388,0.5528339147567749,
2389,2389,0.5276750326156616,
2390,2390,0.5097722411155701,
2391,2391,0.46359017491340637,
2392,2392,0.49211564660072327,
2393,2393,0.4492377042770386,
2394,2394,0.5052586793899536,
2395,2395,0.514136016368866,
2396,2396,0.5105767250061035,
2397,2397,0.47532811760902405,
2398,2398,0.5918140411376953,
2399,2399,,0.4965271055698395
2399,2399,0.4965271055698395,
2400,2400,0.42616862058639526,
2401,2401,0.5073915123939514,
2402,2402,0.5165886878967285,
2403,2403,0.5043434500694275,
2404,2404,0.4951079189777374,
2405,2405,0.5632449388504028,
2406,2406,0.4920390546321869,
2407,2407,0.4898596704006195,
2408,2408,0.5114157795906067,
2409,2409,0.4895419776439667,
2410,2410,0.5002710223197937,
2411,2411,0.49470919370651245,
2412,2412,0.4922741949558258,
2413,2413,0.47391918301582336,
2414,2414,0.5101106762886047,
2415,2415,0.4896095097064972,
2416,2416,0.5034819841384888,
2417,2417,0.5031655430793762,
2418,2418,0.34805840253829956,
2419,2419,0.49928492307662964,
2420,2420,0.4969800114631653,
2421,2421,0.4918701648712158,
2422,2422,0.4243301749229431,
2423,2423,0.5612478256225586,
2424,2424,0.48765093088150024,
2425,2425,0.4843832552433014,
2426,2426,0.5072699785232544,
2427,2427,0.5635613799095154,
2428,2428,0.5004580616950989,
2429,2429,0.49233630299568176,
2430,2430,0.4912032186985016,
2431,2431,0.4901256561279297,
2432,2432,0.5020643472671509,
2433,2433,0.48026686906814575,
2434,2434,0.5044310688972473,
2435,2435,0.4936101734638214,
2436,2436,0.5184817910194397,
2437,2437,0.4937385320663452,
2438,2438,0.5005802512168884,
2439,2439,0.4917410612106323,
2440,2440,0.47832468152046204,
2441,2441,0.4954485297203064,
2442,2442,0.5075868368148804,
2443,2443,0.4028933048248291,
2444,2444,0.5015530586242676,
2445,2445,0.4927241802215576,
2446,2446,0.4859471619129181,
2447,2447,0.48459839820861816,
2448,2448,0.4976518452167511,
2449,2449,,0.497600257396698
2449,2449,0.497600257396698,
2450,2450,0.4846370816230774,
2451,2451,0.510245680809021,
2452,2452,0.5120559930801392,
2453,2453,0.49347713589668274,
2454,2454,0.5045530200004578,
2455,2455,0.5252992510795593,
2456,2456,0.5104601383209229,
2457,2457,0.5029972195625305,
2458,2458,0.4988766312599182,
2459,2459,0.48160549998283386,
2460,2460,0.4310292899608612,
2461,2461,0.5136104822158813,
2462,2462,0.4820503294467926,
2463,2463,0.5129683613777161,
2464,2464,0.5867744088172913,
2465,2465,0.46386781334877014,
2466,2466,0.4919585883617401,
2467,2467,0.48207297921180725,
2468,2468,0.47613897919654846,
2469,2469,0.4972775876522064,
2470,2470,0.4931167662143707,
2471,2471,0.4949849843978882,
2472,2472,0.4728417992591858,
2473,2473,0.5463268160820007,
2474,2474,0.4768610894680023,
2475,2475,0.4962257742881775,
2476,2476,0.4903336465358734,
2477,2477,0.4667893350124359,
2478,2478,0.4768226146697998,
2479,2479,0.49769383668899536,
2480,2480,0.5375370383262634,
2481,2481,0.6236328482627869,
2482,2482,0.5206719040870667,
2483,2483,0.5047593712806702,
2484,2484,0.46858087182044983,
2485,2485,0.4896712005138397,
2486,2486,0.4941980540752411,
2487,2487,0.4901364743709564,
2488,2488,0.48744529485702515,
2489,2489,0.5413546562194824,
2490,2490,0.48661109805107117,
2491,2491,0.5014321208000183,
2492,2492,0.5391705632209778,
2493,2493,0.5114782452583313,
2494,2494,0.4992237091064453,
2495,2495,0.4651389718055725,
2496,2496,0.4906329810619354,
2497,2497,0.49205613136291504,
2498,2498,0.4921700954437256,
2499,2499,,0.5141960978507996
2499,2499,0.5141960978507996,
2500,2500,0.5022748708724976,
2501,2501,0.4824902415275574,
2502,2502,0.4905548393726349,
2503,2503,0.48436224460601807,
2504,2504,0.5136885643005371,
2505,2505,0.5039142966270447,
2506,2506,0.5081120729446411,
2507,2507,0.4989583194255829,
2508,2508,0.5217761993408203,
2509,2509,0.49866530299186707,
2510,2510,0.49408483505249023,
2511,2511,0.47517505288124084,
2512,2512,0.48857301473617554,
2513,2513,0.502510130405426,
2514,2514,0.49281880259513855,
2515,2515,0.37465763092041016,
2516,2516,0.5416210889816284,
2517,2517,0.6381526589393616,
2518,2518,0.5085506439208984,
2519,2519,0.5234232544898987,
2520,2520,0.5063329935073853,
2521,2521,0.44249534606933594,
2522,2522,0.4997316598892212,
2523,2523,0.4965805113315582,
2524,2524,0.5322685837745667,
2525,2525,0.5137354731559753,
2526,2526,0.5992336869239807,
2527,2527,0.5457141995429993,
2528,2528,0.5030667185783386,
2529,2529,0.48958060145378113,
2530,2530,0.4931962788105011,
2531,2531,0.501484751701355,
2532,2532,0.4388344883918762,
2533,2533,0.5014899373054504,
2534,2534,0.3942164182662964,
2535,2535,0.48852646350860596,
2536,2536,0.4804960787296295,
2537,2537,0.49499210715293884,
2538,2538,0.4850878119468689,
2539,2539,0.4151660203933716,
2540,2540,0.472005158662796,
2541,2541,0.4443378448486328,
2542,2542,0.496362566947937,
2543,2543,0.48605647683143616,
2544,2544,0.493628591299057,
2545,2545,0.5378225445747375,
2546,2546,0.4684213101863861,
2547,2547,0.4716581404209137,
2548,2548,0.5105263590812683,
2549,2549,,0.5306574702262878
2549,2549,0.5306574702262878,
2550,2550,0.5533099174499512,
2551,2551,0.5696197748184204,
2552,2552,0.49043065309524536,
2553,2553,0.5088534355163574,
2554,2554,0.5033119320869446,
2555,2555,0.45557916164398193,
2556,2556,0.5958959460258484,
2557,2557,0.4854833781719208,
2558,2558,0.5185361504554749,
2559,2559,0.4846786558628082,
2560,2560,0.5086513757705688,
2561,2561,0.5732383131980896,
2562,2562,0.4216107428073883,
2563,2563,0.4917498230934143,
2564,2564,0.5403081774711609,
2565,2565,0.4734976887702942,
2566,2566,0.495522677898407,
2567,2567,0.4512813687324524,
2568,2568,0.4937763214111328,
2569,2569,0.5147135853767395,
2570,2570,0.4942692816257477,
2571,2571,0.4952526390552521,
2572,2572,0.503777801990509,
2573,2573,0.45825210213661194,
2574,2574,0.4501563310623169,
2575,2575,0.5312687158584595,
2576,2576,0.44890695810317993,
2577,2577,0.49443334341049194,
2578,2578,0.4782786965370178,
2579,2579,0.47087860107421875,
2580,2580,0.47166430950164795,
2581,2581,0.4506695568561554,
2582,2582,0.549170970916748,
2583,2583,0.4255578815937042,
2584,2584,0.5783096551895142,
2585,2585,0.4948325753211975,
2586,2586,0.4889020025730133,
2587,2587,0.4972386360168457,
2588,2588,0.48679792881011963,
2589,2589,0.5019690990447998,
2590,2590,0.3193168640136719,
2591,2591,0.478295236825943,
2592,2592,0.46847447752952576,
2593,2593,0.48304668068885803,
2594,2594,0.491668164730072,
2595,2595,0.4844437539577484,
2596,2596,0.6766786575317383,
2597,2597,0.5334658026695251,
2598,2598,0.4842744469642639,
2599,2599,,0.5115597248077393
2599,2599,0.5115597248077393,
2600,2600,0.4906584620475769,
2601,2601,0.49841952323913574,
2602,2602,0.5023253560066223,
2603,2603,1.106443166732788,
2604,2604,0.48789218068122864,
2605,2605,0.5107924342155457,
2606,2606,0.5023483633995056,
2607,2607,0.5230816602706909,
2608,2608,0.5430520176887512,
2609,2609,0.4864301085472107,
2610,2610,0.4832889139652252,
2611,2611,0.4966963529586792,
2612,2612,0.467904657125473,
2613,2613,0.4622131884098053,
2614,2614,0.49944940209388733,
2615,2615,0.5844030380249023,
2616,2616,0.48514246940612793,
2617,2617,0.47248056530952454,
2618,2618,0.4854123294353485,
2619,2619,0.5234798192977905,
2620,2620,0.4926795959472656,
2621,2621,0.4840090870857239,
2622,2622,0.48604458570480347,
2623,2623,0.6145980954170227,
2624,2624,0.5013822913169861,
2625,2625,0.4448578357696533,
2626,2626,0.4964843988418579,
2627,2627,0.48420628905296326,
2628,2628,0.4467471241950989,
2629,2629,0.48824018239974976,
2630,2630,0.5196483731269836,
2631,2631,0.5403707027435303,
2632,2632,0.5053493976593018,
2633,2633,0.5191231966018677,
2634,2634,0.5155727863311768,
2635,2635,0.49857014417648315,
2636,2636,0.49236997961997986,
2637,2637,0.4871186912059784,
2638,2638,0.4807570278644562,
2639,2639,0.4997917711734772,
2640,2640,0.5542805194854736,
2641,2641,0.47749319672584534,
2642,2642,0.4890041649341583,
2643,2643,0.46768718957901,
2644,2644,0.5014174580574036,
2645,2645,0.4849451780319214,
2646,2646,0.49305182695388794,
2647,2647,0.4860292077064514,
2648,2648,0.48914939165115356,
2649,2649,,0.4488581418991089
2649,2649,0.4488581418991089,
2650,2650,0.4828457832336426,
2651,2651,0.4969629645347595,
2652,2652,0.48662033677101135,
2653,2653,0.49770933389663696,
2654,2654,0.5040295720100403,
2655,2655,0.4752127528190613,
2656,2656,0.466975599527359,
2657,2657,0.49657362699508667,
2658,2658,0.4848322570323944,
2659,2659,0.4743698835372925,
2660,2660,0.5419216156005859,
2661,2661,0.48550689220428467,
2662,2662,1.0505115985870361,
2663,2663,0.4830009937286377,
2664,2664,0.5281187891960144,
2665,2665,0.49274709820747375,
2666,2666,0.47240743041038513,
2667,2667,0.4484114944934845,
2668,2668,0.5389408469200134,
2669,2669,0.4723300337791443,
2670,2670,0.6023260354995728,
2671,2671,0.500430166721344,
2672,2672,0.4934122860431671,
2673,2673,0.48438674211502075,
2674,2674,0.44901955127716064,
2675,2675,0.5043220520019531,
2676,2676,0.49326372146606445,
2677,2677,0.49088627099990845,
2678,2678,0.49399369955062866,
2679,2679,0.48270148038864136,
2680,2680,0.57599276304245,
2681,2681,0.4766065180301666,
2682,2682,0.425725519657135,
2683,2683,0.48280131816864014,
2684,2684,0.5128240585327148,
2685,2685,0.5235486030578613,
2686,2686,0.4915659427642822,
2687,2687,0.476558119058609,
2688,2688,0.5097177028656006,
2689,2689,0.575433611869812,
2690,2690,0.4788111448287964,
2691,2691,0.4768048822879791,
2692,2692,0.5130071640014648,
2693,2693,0.378930926322937,
2694,2694,0.48512911796569824,
2695,2695,0.4690103232860565,
2696,2696,0.5199887156486511,
2697,2697,0.4815066158771515,
2698,2698,0.47999683022499084,
2699,2699,,0.47844216227531433
2699,2699,0.47844216227531433,
2700,2700,0.5876523852348328,
2701,2701,0.44789063930511475,
2702,2702,0.4913409650325775,
2703,2703,0.5062869787216187,
2704,2704,0.5378552675247192,
2705,2705,0.48111093044281006,
2706,2706,0.6458407044410706,
2707,2707,0.46604982018470764,
2708,2708,0.4870367646217346,
2709,2709,0.5014871954917908,
2710,2710,0.48980197310447693,
2711,2711,0.4699874818325043,
2712,2712,0.6620137691497803,
2713,2713,0.4885968267917633,
2714,2714,0.49573132395744324,
2715,2715,0.48557814955711365,
2716,2716,0.507209300994873,
2717,2717,0.48793601989746094,
2718,2718,0.47684454917907715,
2719,2719,0.4658868908882141,
2720,2720,0.3926994800567627,
2721,2721,0.5200231075286865,
2722,2722,0.5009593963623047,
2723,2723,0.47008970379829407,
2724,2724,0.5109113454818726,
2725,2725,0.3451300859451294,
2726,2726,0.39396005868911743,
2727,2727,0.4990474283695221,
2728,2728,0.4920411705970764,
2729,2729,0.4924427270889282,
2730,2730,0.5192785263061523,
2731,2731,0.49462082982063293,
2732,2732,0.48375028371810913,
2733,2733,0.4775165021419525,
2734,2734,0.49033620953559875,
2735,2735,0.4849890470504761,
2736,2736,0.521996259689331,
2737,2737,0.46784907579421997,
2738,2738,0.49842503666877747,
2739,2739,0.4824664890766144,
2740,2740,0.48265597224235535,
2741,2741,0.482153981924057,
2742,2742,0.5215088725090027,
2743,2743,0.5343789458274841,
2744,2744,0.5582027435302734,
2745,2745,0.5044494271278381,
2746,2746,0.4849591851234436,
2747,2747,0.48377835750579834,
2748,2748,0.5020974278450012,
2749,2749,,0.4969821572303772
2749,2749,0.4969821572303772,
2750,2750,0.4889981746673584,
2751,2751,0.5051847696304321,
2752,2752,0.4972708821296692,
2753,2753,0.49628034234046936,
2754,2754,0.5277491211891174,
2755,2755,0.48099738359451294,
2756,2756,0.5025314688682556,
2757,2757,0.49586063623428345,
2758,2758,0.45889046788215637,
2759,2759,0.49285370111465454,
2760,2760,0.48481178283691406,
2761,2761,0.49964848160743713,
2762,2762,0.4708465039730072,
2763,2763,0.48522642254829407,
2764,2764,0.502841055393219,
2765,2765,0.48897477984428406,
2766,2766,0.5440787672996521,
2767,2767,0.491322785615921,
2768,2768,0.47829413414001465,
2769,2769,0.5024658441543579,
2770,2770,0.5316896438598633,
2771,2771,0.4878098666667938,
2772,2772,0.4823440909385681,
2773,2773,0.5302454829216003,
2774,2774,0.501591682434082,
2775,2775,0.4868490695953369,
2776,2776,0.6980245113372803,
2777,2777,0.5346778035163879,
2778,2778,0.5107978582382202,
2779,2779,0.4996291697025299,
2780,2780,0.44081228971481323,
2781,2781,0.49325233697891235,
2782,2782,0.5605793595314026,
2783,2783,0.4638027846813202,
2784,2784,0.47355374693870544,
2785,2785,0.5111885070800781,
2786,2786,0.4422151744365692,
2787,2787,0.4855615496635437,
2788,2788,0.8238744139671326,
2789,2789,0.434830904006958,
2790,2790,0.46121945977211,
2791,2791,0.474222332239151,
2792,2792,0.5082858800888062,
2793,2793,0.4887119233608246,
2794,2794,0.480965256690979,
2795,2795,0.5603184103965759,
2796,2796,0.4920402467250824,
2797,2797,0.479471892118454,
2798,2798,0.4868541359901428,
2799,2799,,0.3590848743915558
2799,2799,0.3590848743915558,
2800,2800,0.4920666515827179,
2801,2801,0.47849929332733154,
2802,2802,0.48999476432800293,
2803,2803,0.47938504815101624,
2804,2804,0.5083847641944885,
2805,2805,0.513711154460907,
2806,2806,0.5232542753219604,
2807,2807,0.4832662343978882,
2808,2808,0.5027734041213989,
2809,2809,0.5212701559066772,
2810,2810,0.4834027588367462,
2811,2811,0.4362916648387909,
2812,2812,0.54105544090271,
2813,2813,0.5511509776115417,
2814,2814,0.478379487991333,
2815,2815,0.5470678210258484,
2816,2816,0.5078822374343872,
2817,2817,0.48708420991897583,
2818,2818,0.4987525939941406,
2819,2819,0.4879598617553711,
2820,2820,0.5559003353118896,
2821,2821,0.499613493680954,
2822,2822,0.48494958877563477,
2823,2823,0.4806496798992157,
2824,2824,0.44033464789390564,
2825,2825,0.4709877073764801,
2826,2826,0.47381654381752014,
2827,2827,0.38096070289611816,
2828,2828,0.5121253728866577,
2829,2829,0.5319890975952148,
2830,2830,0.471740186214447,
2831,2831,0.4691855013370514,
2832,2832,0.4838077127933502,
2833,2833,0.47317373752593994,
2834,2834,0.5216254591941833,
2835,2835,0.42828306555747986,
2836,2836,0.48649862408638,
2837,2837,0.5504264831542969,
2838,2838,0.47672709822654724,
2839,2839,0.5154800415039062,
2840,2840,0.4370216131210327,
2841,2841,0.47295907139778137,
2842,2842,0.46179765462875366,
2843,2843,0.47843044996261597,
2844,2844,0.45909583568573,
2845,2845,0.4893716871738434,
2846,2846,0.4605627954006195,
2847,2847,0.47393617033958435,
2848,2848,0.4738953709602356,
2849,2849,,0.49783003330230713
2849,2849,0.49783003330230713,
2850,2850,0.4928540289402008,
2851,2851,0.005287578795105219,
2852,2852,0.504692554473877,
2853,2853,0.4709451198577881,
2854,2854,0.4498988091945648,
2855,2855,0.49784305691719055,
2856,2856,0.5214917063713074,
2857,2857,0.500942587852478,
2858,2858,0.479512095451355,
2859,2859,0.4387536346912384,
2860,2860,0.4350343942642212,
2861,2861,0.4934219419956207,
2862,2862,0.4982444643974304,
2863,2863,0.5085688829421997,
2864,2864,0.5071806907653809,
2865,2865,0.474465548992157,
2866,2866,0.5109828114509583,
2867,2867,0.48168444633483887,
2868,2868,0.4877414405345917,
2869,2869,0.4963962733745575,
2870,2870,0.4814209043979645,
2871,2871,0.5365317463874817,
2872,2872,0.5017271637916565,
2873,2873,0.48207855224609375,
2874,2874,0.48665547370910645,
2875,2875,0.4827706515789032,
2876,2876,0.4802217483520508,
2877,2877,0.5004708170890808,
2878,2878,0.4925014078617096,
2879,2879,0.481661319732666,
2880,2880,0.48351624608039856,
2881,2881,0.4950162470340729,
2882,2882,0.4732165038585663,
2883,2883,0.47092944383621216,
2884,2884,0.5139362215995789,
2885,2885,0.46482887864112854,
2886,2886,0.5101138353347778,
2887,2887,0.4996430277824402,
2888,2888,0.44470641016960144,
2889,2889,0.44541528820991516,
2890,2890,0.4814794957637787,
2891,2891,0.5001758933067322,
2892,2892,0.43941375613212585,
2893,2893,0.4962577819824219,
2894,2894,0.49566033482551575,
2895,2895,0.4718179702758789,
2896,2896,0.44755932688713074,
2897,2897,0.49254751205444336,
2898,2898,0.46458831429481506,
2899,2899,,0.47111600637435913
2899,2899,0.47111600637435913,
2900,2900,0.46164000034332275,
2901,2901,0.574036180973053,
2902,2902,0.4621729552745819,
2903,2903,0.4857155978679657,
2904,2904,0.5058842301368713,
2905,2905,0.4823871850967407,
2906,2906,0.4841196835041046,
2907,2907,0.35736116766929626,
2908,2908,0.4698704183101654,
2909,2909,0.19287419319152832,
2910,2910,0.49936702847480774,
2911,2911,0.4982374310493469,
2912,2912,0.5098288655281067,
2913,2913,0.47312691807746887,
2914,2914,0.48967882990837097,
2915,2915,0.5176788568496704,
2916,2916,0.4771095812320709,
2917,2917,0.5122687816619873,
2918,2918,0.47952479124069214,
2919,2919,0.49012166261672974,
2920,2920,0.4163357615470886,
2921,2921,0.46228930354118347,
2922,2922,0.4865579307079315,
2923,2923,0.5018761157989502,
2924,2924,0.5763380527496338,
2925,2925,0.43720388412475586,
2926,2926,0.4054017663002014,
2927,2927,0.48390328884124756,
2928,2928,0.5395931601524353,
2929,2929,0.4510287344455719,
2930,2930,0.2208022028207779,
2931,2931,0.4486086666584015,
2932,2932,0.4875761568546295,
2933,2933,0.4797259271144867,
2934,2934,0.5036880970001221,
2935,2935,0.47648289799690247,
2936,2936,0.5177057981491089,
2937,2937,0.4678686261177063,
2938,2938,0.4564143717288971,
2939,2939,0.45731717348098755,
2940,2940,0.4787288308143616,
2941,2941,0.4492915868759155,
2942,2942,0.4605310559272766,
2943,2943,0.5270003080368042,
2944,2944,0.47898054122924805,
2945,2945,0.4979466497898102,
2946,2946,0.49279481172561646,
2947,2947,0.49924758076667786,
2948,2948,0.4802301228046417,
2949,2949,,0.4944610595703125
2949,2949,0.4944610595703125,
2950,2950,0.4734334647655487,
2951,2951,0.5014733672142029,
2952,2952,0.45518773794174194,
2953,2953,0.47785741090774536,
2954,2954,0.4682593047618866,
2955,2955,0.47156643867492676,
2956,2956,0.4509803354740143,
2957,2957,0.487986296415329,
2958,2958,0.5456998944282532,
2959,2959,0.49883896112442017,
2960,2960,0.48722365498542786,
2961,2961,0.4784640371799469,
2962,2962,0.47586286067962646,
2963,2963,0.4592059552669525,
2964,2964,0.5010004043579102,
2965,2965,0.5005270838737488,
2966,2966,0.4863494634628296,
2967,2967,0.47100216150283813,
2968,2968,0.48383381962776184,
2969,2969,0.49674609303474426,
2970,2970,0.46108147501945496,
2971,2971,0.4721662402153015,
2972,2972,0.4765339195728302,
2973,2973,0.472345769405365,
2974,2974,0.4721600413322449,
2975,2975,0.46713927388191223,
2976,2976,0.46517321467399597,
2977,2977,0.5247218012809753,
2978,2978,0.47254306077957153,
2979,2979,0.4758436381816864,
2980,2980,0.46810927987098694,
2981,2981,0.48398739099502563,
2982,2982,0.4311424195766449,
2983,2983,0.4667133390903473,
2984,2984,0.4492964744567871,
2985,2985,0.44995343685150146,
2986,2986,0.4701465666294098,
2987,2987,0.47511982917785645,
2988,2988,0.49876490235328674,
2989,2989,0.49602609872817993,
2990,2990,0.4473917782306671,
2991,2991,0.45058196783065796,
2992,2992,0.4745749533176422,
2993,2993,0.46803516149520874,
2994,2994,0.4953286647796631,
2995,2995,0.4724046289920807,
2996,2996,0.4916493892669678,
2997,2997,0.4783546030521393,
2998,2998,0.5021653771400452,
2999,2999,,0.4759998917579651
2999,2999,0.4759998917579651,
3000,3000,0.4415551722049713,
3001,3001,0.5053474307060242,
3002,3002,0.5063113570213318,
3003,3003,0.45883285999298096,
3004,3004,0.4745402932167053,
3005,3005,0.46840032935142517,
3006,3006,0.48388734459877014,
3007,3007,0.4653122127056122,
3008,3008,0.5321540832519531,
3009,3009,0.4668503701686859,
3010,3010,0.43920379877090454,
3011,3011,0.4913305342197418,
3012,3012,0.4590538442134857,
3013,3013,0.5856198072433472,
3014,3014,0.4653896689414978,
3015,3015,0.4721371829509735,
3016,3016,0.48091861605644226,
3017,3017,0.47198471426963806,
3018,3018,0.3947966396808624,
3019,3019,0.48357710242271423,
3020,3020,0.5016816854476929,
3021,3021,0.4319323003292084,
3022,3022,0.5152749419212341,
3023,3023,0.47822973132133484,
3024,3024,0.4750325083732605,
3025,3025,0.4892304241657257,
3026,3026,0.4730137288570404,
3027,3027,0.48082852363586426,
3028,3028,0.4666714668273926,
3029,3029,0.520579993724823,
3030,3030,0.4739977717399597,
3031,3031,0.49945616722106934,
3032,3032,0.5007240772247314,
3033,3033,0.4836040139198303,
3034,3034,0.4719376564025879,
3035,3035,0.46039435267448425,
3036,3036,0.48393431305885315,
3037,3037,0.45199325680732727,
3038,3038,0.4972513020038605,
3039,3039,0.47499510645866394,
3040,3040,0.3864566385746002,
3041,3041,0.4675920903682709,
3042,3042,0.4819210469722748,
3043,3043,0.4849931001663208,
3044,3044,0.38108575344085693,
3045,3045,0.47320035099983215,
3046,3046,0.5114705562591553,
3047,3047,0.48457902669906616,
3048,3048,0.4560104012489319,
3049,3049,,0.4766424000263214
3049,3049,0.4766424000263214,
3050,3050,0.5420927405357361,
3051,3051,0.47966647148132324,
3052,3052,0.47673889994621277,
3053,3053,0.4761223793029785,
3054,3054,0.48510587215423584,
3055,3055,0.4902110695838928,
3056,3056,0.48975449800491333,
3057,3057,0.524279773235321,
3058,3058,0.5075943470001221,
3059,3059,0.4824274182319641,
3060,3060,0.4743247330188751,
3061,3061,0.48200514912605286,
3062,3062,0.47435200214385986,
3063,3063,0.4700920283794403,
3064,3064,0.4948912262916565,
3065,3065,0.4987266957759857,
3066,3066,0.5029910206794739,
3067,3067,0.5035816431045532,
3068,3068,0.49226444959640503,
3069,3069,0.48260146379470825,
3070,3070,0.47466784715652466,
3071,3071,0.46246105432510376,
3072,3072,0.48232272267341614,
3073,3073,0.4707769751548767,
3074,3074,0.4713640809059143,
3075,3075,0.4768984615802765,
3076,3076,0.47803905606269836,
3077,3077,0.501563310623169,
3078,3078,0.43402013182640076,
3079,3079,0.4824090003967285,
3080,3080,0.5149179697036743,
3081,3081,0.34472882747650146,
3082,3082,0.5133302807807922,
3083,3083,0.5025451183319092,
3084,3084,0.47278881072998047,
3085,3085,0.47210535407066345,
3086,3086,0.46448618173599243,
3087,3087,0.4556427597999573,
3088,3088,0.48208698630332947,
3089,3089,0.46681952476501465,
3090,3090,0.4748915135860443,
3091,3091,0.4918542504310608,
3092,3092,0.477510929107666,
3093,3093,0.45108506083488464,
3094,3094,0.4665340185165405,
3095,3095,0.4639163017272949,
3096,3096,0.4779907464981079,
3097,3097,0.4664917588233948,
3098,3098,0.44358813762664795,
3099,3099,,0.45947131514549255
3099,3099,0.45947131514549255,
3100,3100,0.47623977065086365,
3101,3101,0.48019060492515564,
3102,3102,0.42716458439826965,
3103,3103,0.493705689907074,
3104,3104,0.46389347314834595,
3105,3105,0.47927260398864746,
3106,3106,0.5609285235404968,
3107,3107,0.5346047878265381,
3108,3108,0.47699180245399475,
3109,3109,0.47636666893959045,
3110,3110,0.48087602853775024,
3111,3111,0.47398680448532104,
3112,3112,0.4786696135997772,
3113,3113,0.4384360909461975,
3114,3114,0.4455399215221405,
3115,3115,0.44751548767089844,
3116,3116,0.5216872096061707,
3117,3117,0.46394720673561096,
3118,3118,0.47086378931999207,
3119,3119,0.4184611141681671,
3120,3120,0.4662407338619232,
3121,3121,0.4338470697402954,
3122,3122,0.47862139344215393,
3123,3123,0.47765806317329407,
3124,3124,0.4337208867073059,
3125,3125,0.4543437063694,
3126,3126,0.4636648893356323,
3127,3127,0.4633146822452545,
3128,3128,0.4626086950302124,
3129,3129,0.4736855924129486,
3130,3130,0.49972817301750183,
3131,3131,0.41760918498039246,
3132,3132,0.4549747109413147,
3133,3133,0.470552533864975,
3134,3134,0.47121891379356384,
3135,3135,0.5400267839431763,
3136,3136,0.47392407059669495,
3137,3137,0.4887100160121918,
3138,3138,0.4714318513870239,
3139,3139,0.4808601438999176,
3140,3140,0.2897511422634125,
3141,3141,0.43379083275794983,
3142,3142,0.47741958498954773,
3143,3143,0.4762875437736511,
3144,3144,0.5006492137908936,
3145,3145,0.463260293006897,
3146,3146,0.47657594084739685,
3147,3147,0.42252472043037415,
3148,3148,0.47241321206092834,
3149,3149,,0.4515634775161743
3149,3149,0.4515634775161743,
3150,3150,0.47220614552497864,
3151,3151,0.4682227671146393,
3152,3152,0.45615968108177185,
3153,3153,0.4671049118041992,
3154,3154,0.5378525853157043,
3155,3155,0.47650083899497986,
3156,3156,0.46072477102279663,
3157,3157,0.4592870771884918,
3158,3158,0.4629300534725189,
3159,3159,0.5199519991874695,
3160,3160,0.44200587272644043,
3161,3161,0.4020095765590668,
3162,3162,0.4904906451702118,
3163,3163,0.4691506326198578,
3164,3164,0.4848085045814514,
3165,3165,0.5068914890289307,
3166,3166,0.5025976300239563,
3167,3167,0.4940480589866638,
3168,3168,0.5028334259986877,
3169,3169,0.4964878261089325,
3170,3170,0.49827566742897034,
3171,3171,0.4916343092918396,
3172,3172,0.47936394810676575,
3173,3173,0.4646252989768982,
3174,3174,0.4273414611816406,
3175,3175,0.4743444621562958,
3176,3176,0.4863981008529663,
3177,3177,0.5007137060165405,
3178,3178,0.48085999488830566,
3179,3179,0.5150418281555176,
3180,3180,0.475137323141098,
3181,3181,0.48857173323631287,
3182,3182,0.5229601263999939,
3183,3183,0.4630906879901886,
3184,3184,0.47209104895591736,
3185,3185,0.5139540433883667,
3186,3186,0.4678712487220764,
3187,3187,0.5141680836677551,
3188,3188,0.4808723032474518,
3189,3189,0.4757581651210785,
3190,3190,0.513556957244873,
3191,3191,0.520183265209198,
3192,3192,0.45868489146232605,
3193,3193,0.48441851139068604,
3194,3194,0.4602451026439667,
3195,3195,0.5038647651672363,
3196,3196,0.33753031492233276,
3197,3197,0.5066426396369934,
3198,3198,0.4283249080181122,
3199,3199,,0.4498482346534729
3199,3199,0.4498482346534729,
3200,3200,0.5034183263778687,
3201,3201,0.4675788879394531,
3202,3202,0.48570239543914795,
3203,3203,0.48425278067588806,
3204,3204,0.472283273935318,
3205,3205,0.4795317053794861,
3206,3206,0.46851158142089844,
3207,3207,0.42143869400024414,
3208,3208,0.4706049859523773,
3209,3209,0.47721368074417114,
3210,3210,0.4653848111629486,
3211,3211,0.4543820917606354,
3212,3212,0.487471342086792,
3213,3213,0.528950572013855,
3214,3214,0.4563169777393341,
3215,3215,0.47303202748298645,
3216,3216,0.47024479508399963,
3217,3217,0.4831640124320984,
3218,3218,0.5235141515731812,
3219,3219,0.45365044474601746,
3220,3220,0.4658072888851166,
3221,3221,0.4455907344818115,
3222,3222,0.5005520582199097,
3223,3223,0.4756685197353363,
3224,3224,0.4473239779472351,
3225,3225,0.4666785001754761,
3226,3226,0.511069118976593,
3227,3227,0.48694998025894165,
3228,3228,0.4620959460735321,
3229,3229,0.489755243062973,
3230,3230,0.40842220187187195,
3231,3231,0.5292395353317261,
3232,3232,0.47418785095214844,
3233,3233,0.46094441413879395,
3234,3234,0.47497668862342834,
3235,3235,0.48726412653923035,
3236,3236,0.45728203654289246,
3237,3237,0.4443054795265198,
3238,3238,0.4614526927471161,
3239,3239,0.46776410937309265,
3240,3240,0.4577922224998474,
3241,3241,0.48286253213882446,
3242,3242,0.47142142057418823,
3243,3243,0.43484699726104736,
3244,3244,0.47212380170822144,
3245,3245,0.47430557012557983,
3246,3246,0.40280839800834656,
3247,3247,0.474905788898468,
3248,3248,0.4473874568939209,
3249,3249,,0.4562278687953949
3249,3249,0.4562278687953949,
3250,3250,0.5309234857559204,
3251,3251,0.4533946216106415,
3252,3252,0.4453124701976776,
3253,3253,0.4777609705924988,
3254,3254,0.4310397505760193,
3255,3255,0.4606468677520752,
3256,3256,0.4479793608188629,
3257,3257,0.4736143946647644,
3258,3258,0.4682522118091583,
3259,3259,0.45809951424598694,
3260,3260,0.47890982031822205,
3261,3261,0.3999190032482147,
3262,3262,0.47738009691238403,
3263,3263,0.4710293412208557,
3264,3264,0.5016853213310242,
3265,3265,0.4835546612739563,
3266,3266,0.46322330832481384,
3267,3267,0.4755231440067291,
3268,3268,0.4807978570461273,
3269,3269,0.46500152349472046,
3270,3270,0.442461222410202,
3271,3271,0.4521685242652893,
3272,3272,0.47872787714004517,
3273,3273,0.46890556812286377,
3274,3274,0.45275139808654785,
3275,3275,0.4700310528278351,
3276,3276,0.49197039008140564,
3277,3277,0.3412448763847351,
3278,3278,0.4711303412914276,
3279,3279,0.458909273147583,
3280,3280,0.46917760372161865,
3281,3281,0.48718366026878357,
3282,3282,0.4684842824935913,
3283,3283,0.33801180124282837,
3284,3284,0.46143466234207153,
3285,3285,0.46623432636260986,
3286,3286,0.47886207699775696,
3287,3287,0.46330374479293823,
3288,3288,0.46790987253189087,
3289,3289,0.4652731418609619,
3290,3290,0.4854867160320282,
3291,3291,0.4920053482055664,
3292,3292,0.4297211766242981,
3293,3293,0.44393008947372437,
3294,3294,0.48337653279304504,
3295,3295,0.46031180024147034,
3296,3296,0.4988584816455841,
3297,3297,0.46651020646095276,
3298,3298,0.4491903781890869,
3299,3299,,0.47519975900650024
3299,3299,0.47519975900650024,
3300,3300,0.40458977222442627,
3301,3301,0.4343327283859253,
3302,3302,0.47404155135154724,
3303,3303,0.43427544832229614,
3304,3304,0.5888603329658508,
3305,3305,0.4786376655101776,
3306,3306,0.47001373767852783,
3307,3307,0.4708012640476227,
3308,3308,0.4427134096622467,
3309,3309,0.4401775598526001,
3310,3310,0.4654470682144165,
3311,3311,0.4684274196624756,
3312,3312,0.4430815577507019,
3313,3313,0.4659656882286072,
3314,3314,0.4670836925506592,
3315,3315,0.47310638427734375,
3316,3316,0.4704989194869995,
3317,3317,0.47199317812919617,
3318,3318,0.4787696301937103,
3319,3319,0.47098851203918457,
3320,3320,0.5243796110153198,
3321,3321,0.45259541273117065,
3322,3322,0.4407787322998047,
3323,3323,0.5139326453208923,
3324,3324,0.46230003237724304,
3325,3325,0.45112085342407227,
3326,3326,0.4716293215751648,
3327,3327,0.4724438190460205,
3328,3328,0.48083749413490295,
3329,3329,0.4607895016670227,
3330,3330,0.8427847623825073,
3331,3331,0.44867509603500366,
3332,3332,0.4166783392429352,
3333,3333,0.48032283782958984,
3334,3334,0.4724247455596924,
3335,3335,0.4606521725654602,
3336,3336,0.4369652569293976,
3337,3337,0.47114187479019165,
3338,3338,0.47670426964759827,
3339,3339,0.44305694103240967,
3340,3340,0.4637027978897095,
3341,3341,0.4189707040786743,
3342,3342,0.4813971221446991,
3343,3343,0.4856131076812744,
3344,3344,0.46846672892570496,
3345,3345,0.4591082036495209,
3346,3346,0.4671952426433563,
3347,3347,0.4696822464466095,
3348,3348,0.4741426706314087,
3349,3349,,0.47041967511177063
3349,3349,0.47041967511177063,
3350,3350,0.5973924994468689,
3351,3351,0.5568782091140747,
3352,3352,0.4685865640640259,
3353,3353,0.48576468229293823,
3354,3354,0.45817679166793823,
3355,3355,0.457686185836792,
3356,3356,0.4829745292663574,
3357,3357,0.47706860303878784,
3358,3358,0.5370998382568359,
3359,3359,0.4805234968662262,
3360,3360,0.5170080065727234,
3361,3361,0.46256983280181885,
3362,3362,0.46361908316612244,
3363,3363,0.4743173122406006,
3364,3364,0.4824273884296417,
3365,3365,0.4777485430240631,
3366,3366,0.4545373022556305,
3367,3367,0.47175925970077515,
3368,3368,0.46798476576805115,
3369,3369,0.4546794593334198,
3370,3370,0.6046816110610962,
3371,3371,0.40528321266174316,
3372,3372,0.47194522619247437,
3373,3373,0.4687058925628662,
3374,3374,0.5113919973373413,
3375,3375,0.45311644673347473,
3376,3376,0.44293272495269775,
3377,3377,0.47937867045402527,
3378,3378,0.45927393436431885,
3379,3379,0.4615912139415741,
3380,3380,0.48638203740119934,
3381,3381,0.46851879358291626,
3382,3382,0.4633389413356781,
3383,3383,0.4706323444843292,
3384,3384,0.4698311984539032,
3385,3385,0.4515865445137024,
3386,3386,0.4310527741909027,
3387,3387,0.4632062613964081,
3388,3388,0.46587297320365906,
3389,3389,0.43652695417404175,
3390,3390,0.46507275104522705,
3391,3391,0.4601740837097168,
3392,3392,0.4702247977256775,
3393,3393,0.4547445774078369,
3394,3394,0.46080896258354187,
3395,3395,0.45886847376823425,
3396,3396,0.46656569838523865,
3397,3397,0.46623003482818604,
3398,3398,0.44278740882873535,
3399,3399,,0.2680009603500366
3399,3399,0.2680009603500366,
3400,3400,0.4977569282054901,
3401,3401,0.4578040540218353,
3402,3402,0.4598546326160431,
3403,3403,0.4799096882343292,
3404,3404,0.4847165048122406,
3405,3405,0.461169570684433,
3406,3406,0.37615329027175903,
3407,3407,0.4725657105445862,
3408,3408,0.4816006124019623,
3409,3409,0.47706106305122375,
3410,3410,0.4679408371448517,
3411,3411,0.48422569036483765,
3412,3412,0.44298210740089417,
3413,3413,0.47576645016670227,
3414,3414,0.4585191011428833,
3415,3415,0.9254039525985718,
3416,3416,0.4667232930660248,
3417,3417,0.4589502811431885,
3418,3418,0.49267274141311646,
3419,3419,0.4827892482280731,
3420,3420,0.4637678265571594,
3421,3421,0.5020571351051331,
3422,3422,0.4824221730232239,
3423,3423,0.4632430076599121,
3424,3424,0.477589875459671,
3425,3425,0.4424568712711334,
3426,3426,0.46299177408218384,
3427,3427,0.5789165496826172,
3428,3428,0.5227854251861572,
3429,3429,0.47372832894325256,
3430,3430,0.4830437898635864,
3431,3431,0.3894721269607544,
3432,3432,0.4761732816696167,
3433,3433,0.4662773311138153,
3434,3434,0.4815294146537781,
3435,3435,0.4656928777694702,
3436,3436,0.49894940853118896,
3437,3437,0.4778212606906891,
3438,3438,0.4827781915664673,
3439,3439,0.4678312838077545,
3440,3440,0.4087933301925659,
3441,3441,0.46401312947273254,
3442,3442,0.4396420121192932,
3443,3443,0.46724557876586914,
3444,3444,0.345268189907074,
3445,3445,0.482561320066452,
3446,3446,0.5102037191390991,
3447,3447,0.46518856287002563,
3448,3448,0.4665328562259674,
3449,3449,,0.46179699897766113
3449,3449,0.46179699897766113,
3450,3450,0.34470757842063904,
3451,3451,0.4784546196460724,
3452,3452,0.4373035132884979,
3453,3453,0.413753479719162,
3454,3454,0.4708625376224518,
3455,3455,0.4461766183376312,
3456,3456,0.45627397298812866,
3457,3457,0.466170996427536,
3458,3458,0.4503316581249237,
3459,3459,0.5176072716712952,
3460,3460,0.441087007522583,
3461,3461,0.48434340953826904,
3462,3462,0.45820972323417664,
3463,3463,0.4791865050792694,
3464,3464,0.4103219211101532,
3465,3465,0.34009450674057007,
3466,3466,0.43005019426345825,
3467,3467,0.4380781054496765,
3468,3468,0.4766554534435272,
3469,3469,0.4667937755584717,
3470,3470,0.48900505900382996,
3471,3471,0.4485388696193695,
3472,3472,0.482415109872818,
3473,3473,0.4608386158943176,
3474,3474,0.4708360433578491,
3475,3475,0.4411868155002594,
3476,3476,0.49270108342170715,
3477,3477,0.43163150548934937,
3478,3478,0.4381835460662842,
3479,3479,0.49790769815444946,
3480,3480,0.4853847622871399,
3481,3481,0.48057645559310913,
3482,3482,0.461289644241333,
3483,3483,0.4630998373031616,
3484,3484,0.4165056645870209,
3485,3485,0.4682595729827881,
3486,3486,0.06691873073577881,
3487,3487,0.46246668696403503,
3488,3488,0.471260666847229,
3489,3489,0.4393593370914459,
3490,3490,0.45369958877563477,
3491,3491,0.4725407361984253,
3492,3492,0.5337227582931519,
3493,3493,0.48153409361839294,
3494,3494,0.5315764546394348,
3495,3495,0.4492384195327759,
3496,3496,0.444411039352417,
3497,3497,0.4549304246902466,
3498,3498,0.42673081159591675,
3499,3499,,0.452525794506073
3499,3499,0.452525794506073,
3500,3500,0.47458064556121826,
3501,3501,0.46536263823509216,
3502,3502,0.4741984009742737,
3503,3503,0.44256138801574707,
3504,3504,0.46661341190338135,
3505,3505,0.4882056713104248,
3506,3506,0.4351767301559448,
3507,3507,0.4601176083087921,
3508,3508,0.5095368027687073,
3509,3509,0.4201599359512329,
3510,3510,0.44477060437202454,
3511,3511,0.47787097096443176,
3512,3512,0.4623514711856842,
3513,3513,0.4565321207046509,
3514,3514,0.38945889472961426,
3515,3515,0.4591835141181946,
3516,3516,0.4041253328323364,
3517,3517,0.4979599714279175,
3518,3518,0.45374596118927,
3519,3519,0.3984348177909851,
3520,3520,0.4840964376926422,
3521,3521,0.46315035223960876,
3522,3522,0.4617844223976135,
3523,3523,0.4561535120010376,
3524,3524,0.45724737644195557,
3525,3525,0.45809128880500793,
3526,3526,0.42522376775741577,
3527,3527,0.490434467792511,
3528,3528,0.409432053565979,
3529,3529,0.45702800154685974,
3530,3530,0.5077948570251465,
3531,3531,0.45702314376831055,
3532,3532,0.4281529486179352,
3533,3533,0.4639504551887512,
3534,3534,0.45947015285491943,
3535,3535,0.46090564131736755,
3536,3536,0.6381071209907532,
3537,3537,0.45234304666519165,
3538,3538,0.5274031758308411,
3539,3539,0.4397178888320923,
3540,3540,0.4607154428958893,
3541,3541,0.552019476890564,
3542,3542,0.44998160004615784,
3543,3543,0.4648468792438507,
3544,3544,0.44709715247154236,
3545,3545,0.4607703387737274,
3546,3546,0.3864957094192505,
3547,3547,0.46700718998908997,
3548,3548,0.4640621244907379,
3549,3549,,0.4801722764968872
3549,3549,0.4801722764968872,
3550,3550,0.45008477568626404,
3551,3551,0.45412567257881165,
3552,3552,0.4485324025154114,
3553,3553,0.27326253056526184,
3554,3554,0.3831537067890167,
3555,3555,0.4755789339542389,
3556,3556,0.4654122292995453,
3557,3557,0.47747406363487244,
3558,3558,0.45497170090675354,
3559,3559,0.4710340201854706,
3560,3560,0.4622531533241272,
3561,3561,0.46494758129119873,
3562,3562,0.5005640983581543,
3563,3563,0.5061941742897034,
3564,3564,0.4883902668952942,
3565,3565,0.45211854577064514,
3566,3566,0.5466166734695435,
3567,3567,0.4601576626300812,
3568,3568,0.4802897274494171,
3569,3569,0.45841604471206665,
3570,3570,0.43863001465797424,
3571,3571,0.4015987515449524,
3572,3572,0.4527569115161896,
3573,3573,0.45532169938087463,
3574,3574,0.38493087887763977,
3575,3575,0.4615538716316223,
3576,3576,0.4324217736721039,
3577,3577,0.42470937967300415,
3578,3578,0.4605771601200104,
3579,3579,0.45346739888191223,
3580,3580,0.38541606068611145,
3581,3581,0.5345283150672913,
3582,3582,0.4691123962402344,
3583,3583,0.5212472081184387,
3584,3584,0.4947170615196228,
3585,3585,0.40648454427719116,
3586,3586,0.42298775911331177,
3587,3587,0.46365758776664734,
3588,3588,0.4558914601802826,
3589,3589,0.45465296506881714,
3590,3590,0.4527125358581543,
3591,3591,0.498259037733078,
3592,3592,0.5342531204223633,
3593,3593,0.4633404612541199,
3594,3594,0.48472902178764343,
3595,3595,0.45410969853401184,
3596,3596,0.4533783793449402,
3597,3597,0.41433003544807434,
3598,3598,0.4602096974849701,
3599,3599,,0.42560258507728577
3599,3599,0.42560258507728577,
3600,3600,0.4565697908401489,
3601,3601,0.4376120865345001,
3602,3602,0.44945311546325684,
3603,3603,0.46898117661476135,
3604,3604,0.4685225188732147,
3605,3605,0.4649963676929474,
3606,3606,0.43757471442222595,
3607,3607,0.4211758077144623,
3608,3608,0.4732627272605896,
3609,3609,0.5028657913208008,
3610,3610,0.555575966835022,
3611,3611,0.49988624453544617,
3612,3612,0.45232754945755005,
3613,3613,0.43493762612342834,
3614,3614,0.507270336151123,
3615,3615,0.4471033811569214,
3616,3616,0.3738352358341217,
3617,3617,0.45216310024261475,
3618,3618,0.404953271150589,
3619,3619,0.47512003779411316,
3620,3620,0.4705018401145935,
3621,3621,0.4550264775753021,
3622,3622,0.46014437079429626,
3623,3623,0.43874961137771606,
3624,3624,0.4475663900375366,
3625,3625,0.5014626979827881,
3626,3626,0.4371755123138428,
3627,3627,0.45963025093078613,
3628,3628,0.4184987545013428,
3629,3629,0.4600360095500946,
3630,3630,0.4669143557548523,
3631,3631,0.4542660415172577,
3632,3632,0.42371541261672974,
3633,3633,0.420806884765625,
3634,3634,0.44769102334976196,
3635,3635,0.42110320925712585,
3636,3636,0.25697433948516846,
3637,3637,0.4590156376361847,
3638,3638,0.40999990701675415,
3639,3639,0.4496937096118927,
3640,3640,0.45159414410591125,
3641,3641,0.4492363929748535,
3642,3642,0.45085608959198,
3643,3643,0.3469533324241638,
3644,3644,0.42683908343315125,
3645,3645,0.4066004753112793,
3646,3646,0.4516650140285492,
3647,3647,0.4378683567047119,
3648,3648,0.46463289856910706,
3649,3649,,0.45789557695388794
3649,3649,0.45789557695388794,
3650,3650,0.5012876391410828,
3651,3651,0.4598826766014099,
3652,3652,0.45149892568588257,
3653,3653,0.4823245108127594,
3654,3654,0.3822162449359894,
3655,3655,0.45868119597435,
3656,3656,0.46085020899772644,
3657,3657,0.452963262796402,
3658,3658,0.46032100915908813,
3659,3659,0.46932166814804077,
3660,3660,0.48425623774528503,
3661,3661,0.4833642542362213,
3662,3662,0.44659143686294556,
3663,3663,0.4395081102848053,
3664,3664,0.46453410387039185,
3665,3665,0.3202008903026581,
3666,3666,0.44412776827812195,
3667,3667,0.42077580094337463,
3668,3668,0.44517138600349426,
3669,3669,0.4349958300590515,
3670,3670,0.4512539207935333,
3671,3671,0.46660226583480835,
3672,3672,0.44747471809387207,
3673,3673,0.41742873191833496,
3674,3674,0.3954780697822571,
3675,3675,0.4462449550628662,
3676,3676,0.44402962923049927,
3677,3677,0.5054120421409607,
3678,3678,0.4823870062828064,
3679,3679,0.4541476368904114,
3680,3680,0.4899570941925049,
3681,3681,0.4653952121734619,
3682,3682,0.4282486140727997,
3683,3683,0.502571165561676,
3684,3684,0.4597993791103363,
3685,3685,0.4456790089607239,
3686,3686,0.4667004346847534,
3687,3687,0.4603288173675537,
3688,3688,0.46509698033332825,
3689,3689,0.4417361319065094,
3690,3690,0.4797399640083313,
3691,3691,0.32898250222206116,
3692,3692,0.46808648109436035,
3693,3693,0.44677332043647766,
3694,3694,0.4659636616706848,
3695,3695,0.5078192353248596,
3696,3696,0.46889927983283997,
3697,3697,0.47567975521087646,
3698,3698,0.46927037835121155,
3699,3699,,0.46090948581695557
3699,3699,0.46090948581695557,
3700,3700,0.46247944235801697,
3701,3701,0.4538117051124573,
3702,3702,0.46133071184158325,
3703,3703,0.4492855668067932,
3704,3704,0.4784877300262451,
3705,3705,0.4705733358860016,
3706,3706,0.452963262796402,
3707,3707,0.43918395042419434,
3708,3708,0.4673665165901184,
3709,3709,0.42442551255226135,
3710,3710,0.4451180398464203,
3711,3711,0.46872198581695557,
3712,3712,0.4540542960166931,
3713,3713,0.45231592655181885,
3714,3714,0.4600718319416046,
3715,3715,0.5396181344985962,
3716,3716,0.45705804228782654,
3717,3717,0.43778368830680847,
3718,3718,0.5227442383766174,
3719,3719,0.4549981355667114,
3720,3720,0.43492352962493896,
3721,3721,0.5009589195251465,
3722,3722,0.4535423219203949,
3723,3723,0.46085670590400696,
3724,3724,0.5157339572906494,
3725,3725,0.44156119227409363,
3726,3726,0.5501764416694641,
3727,3727,0.47511371970176697,
3728,3728,0.4495876729488373,
3729,3729,0.45809051394462585,
3730,3730,0.4496419429779053,
3731,3731,0.46874213218688965,
3732,3732,0.4377445876598358,
3733,3733,0.4887026250362396,
3734,3734,0.4417758584022522,
3735,3735,0.42315438389778137,
3736,3736,0.4604651629924774,
3737,3737,0.37705180048942566,
3738,3738,0.4159697890281677,
3739,3739,0.5866590738296509,
3740,3740,0.434734046459198,
3741,3741,0.47835832834243774,
3742,3742,0.44918644428253174,
3743,3743,0.4188973009586334,
3744,3744,0.4833540916442871,
3745,3745,0.4804259240627289,
3746,3746,0.4481215476989746,
3747,3747,0.4592832028865814,
3748,3748,0.44063037633895874,
3749,3749,,0.3771957457065582
3749,3749,0.3771957457065582,
3750,3750,0.45639848709106445,
3751,3751,0.42870399355888367,
3752,3752,0.4392543137073517,
3753,3753,0.4194272756576538,
3754,3754,0.5349910259246826,
3755,3755,0.4787997007369995,
3756,3756,0.4246402382850647,
3757,3757,0.45849546790122986,
3758,3758,0.41796955466270447,
3759,3759,0.4520643949508667,
3760,3760,0.42850515246391296,
3761,3761,0.4456988275051117,
3762,3762,0.44475874304771423,
3763,3763,0.4299045503139496,
3764,3764,0.44059863686561584,
3765,3765,0.46993568539619446,
3766,3766,0.4430500268936157,
3767,3767,0.44753941893577576,
3768,3768,0.44912880659103394,
3769,3769,0.46791040897369385,
3770,3770,0.45381736755371094,
3771,3771,0.4382399022579193,
3772,3772,0.4320935308933258,
3773,3773,0.360755980014801,
3774,3774,0.42977288365364075,
3775,3775,0.4304599165916443,
3776,3776,0.43694281578063965,
3777,3777,0.4589759111404419,
3778,3778,0.4555981457233429,
3779,3779,0.43415412306785583,
3780,3780,0.5063945055007935,
3781,3781,0.4589422941207886,
3782,3782,0.4178944528102875,
3783,3783,0.4514191746711731,
3784,3784,0.44815218448638916,
3785,3785,0.4219945967197418,
3786,3786,0.4079539477825165,
3787,3787,0.457678884267807,
3788,3788,0.4517574608325958,
3789,3789,0.45134228467941284,
3790,3790,0.42782163619995117,
3791,3791,0.45229068398475647,
3792,3792,0.4712419807910919,
3793,3793,0.4434310495853424,
3794,3794,0.40936341881752014,
3795,3795,0.45721733570098877,
3796,3796,0.4878443777561188,
3797,3797,0.43252477049827576,
3798,3798,0.39464545249938965,
3799,3799,,0.4914957284927368
3799,3799,0.4914957284927368,
3800,3800,0.45071157813072205,
3801,3801,0.7483346462249756,
3802,3802,0.42491063475608826,
3803,3803,0.4047985374927521,
3804,3804,0.4758499562740326,
3805,3805,0.4573429524898529,
3806,3806,0.5098211765289307,
3807,3807,0.466113418340683,
3808,3808,0.4343893826007843,
3809,3809,0.44901448488235474,
3810,3810,0.44250962138175964,
3811,3811,0.47633057832717896,
3812,3812,0.45835304260253906,
3813,3813,0.46315905451774597,
3814,3814,0.45257213711738586,
3815,3815,0.44760051369667053,
3816,3816,0.4213413894176483,
3817,3817,0.4819413423538208,
3818,3818,0.433829665184021,
3819,3819,0.4596329927444458,
3820,3820,0.48974117636680603,
3821,3821,0.5093132257461548,
3822,3822,0.4129386246204376,
3823,3823,0.44800785183906555,
3824,3824,0.43527400493621826,
3825,3825,0.45601868629455566,
3826,3826,0.4817586839199066,
3827,3827,0.4442978501319885,
3828,3828,0.4487980306148529,
3829,3829,0.44916263222694397,
3830,3830,0.4344991147518158,
3831,3831,0.4721568524837494,
3832,3832,0.5027167201042175,
3833,3833,0.39136987924575806,
3834,3834,0.45073366165161133,
3835,3835,0.48254746198654175,
3836,3836,0.4494835138320923,
3837,3837,0.4698905348777771,
3838,3838,0.457389771938324,
3839,3839,0.4101932644844055,
3840,3840,0.5002524256706238,
3841,3841,0.5285395383834839,
3842,3842,0.4647846817970276,
3843,3843,0.47288548946380615,
3844,3844,0.4552139639854431,
3845,3845,0.44983401894569397,
3846,3846,0.44334083795547485,
3847,3847,0.46448618173599243,
3848,3848,0.4514724314212799,
3849,3849,,0.45078593492507935
3849,3849,0.45078593492507935,
3850,3850,0.49711114168167114,
3851,3851,0.4387744665145874,
3852,3852,0.8108192682266235,
3853,3853,0.7233721017837524,
3854,3854,0.9408397674560547,
3855,3855,0.5303599238395691,
3856,3856,0.5152810215950012,
3857,3857,0.7791723012924194,
3858,3858,0.482671320438385,
3859,3859,0.46662279963493347,
3860,3860,0.4701584279537201,
3861,3861,0.7669505476951599,
3862,3862,1.6604890823364258,
3863,3863,0.9046778678894043,
3864,3864,0.6032663583755493,
3865,3865,0.7748020887374878,
3866,3866,0.5968371033668518,
3867,3867,1.5130565166473389,
3868,3868,0.6756466627120972,
3869,3869,0.9858517050743103,
3870,3870,1.8062918186187744,
3871,3871,1.0533006191253662,
3872,3872,0.49313485622406006,
3873,3873,0.6611625552177429,
3874,3874,0.5623270273208618,
3875,3875,0.6350812911987305,
3876,3876,0.5394365787506104,
3877,3877,0.6670011281967163,
3878,3878,0.622008204460144,
3879,3879,0.4967728853225708,
3880,3880,0.7458821535110474,
3881,3881,0.6879271864891052,
3882,3882,0.7530606389045715,
3883,3883,0.6688116192817688,
3884,3884,0.5047360062599182,
3885,3885,0.6158769726753235,
3886,3886,0.7045899033546448,
3887,3887,0.5530569553375244,
3888,3888,0.495074599981308,
3889,3889,0.5422436594963074,
3890,3890,0.5717715620994568,
3891,3891,0.5033931732177734,
3892,3892,0.622811496257782,
3893,3893,0.5035405158996582,
3894,3894,0.5437331199645996,
3895,3895,0.568881094455719,
3896,3896,0.5565330982208252,
3897,3897,0.4848405718803406,
3898,3898,0.5301104187965393,
3899,3899,,0.46427327394485474
3899,3899,0.46427327394485474,
3900,3900,0.45698586106300354,
3901,3901,0.48043668270111084,
3902,3902,0.5467574596405029,
3903,3903,0.46339160203933716,
3904,3904,0.48152777552604675,
3905,3905,0.4562387466430664,
3906,3906,0.4779447019100189,
3907,3907,0.4571820795536041,
3908,3908,0.513289749622345,
3909,3909,0.4695177376270294,
3910,3910,0.49913108348846436,
3911,3911,0.4488492012023926,
3912,3912,0.4168720245361328,
3913,3913,0.46644455194473267,
3914,3914,0.454985648393631,
3915,3915,0.4739185571670532,
3916,3916,0.6036372184753418,
3917,3917,0.4518362581729889,
3918,3918,0.4415026307106018,
3919,3919,0.457782119512558,
3920,3920,0.45551443099975586,
3921,3921,0.4628434479236603,
3922,3922,0.4555395245552063,
3923,3923,0.4321022927761078,
3924,3924,0.4453783929347992,
3925,3925,0.4561537206172943,
3926,3926,0.45275944471359253,
3927,3927,0.5763360261917114,
3928,3928,0.4461323320865631,
3929,3929,0.44323182106018066,
3930,3930,0.4531830847263336,
3931,3931,0.45690661668777466,
3932,3932,0.5098643898963928,
3933,3933,0.45749786496162415,
3934,3934,0.4291446805000305,
3935,3935,0.46084654331207275,
3936,3936,0.47099199891090393,
3937,3937,0.46642377972602844,
3938,3938,0.4394401013851166,
3939,3939,0.4481242001056671,
3940,3940,0.44399458169937134,
3941,3941,0.3671692907810211,
3942,3942,0.4499267637729645,
3943,3943,0.45240676403045654,
3944,3944,0.42609453201293945,
3945,3945,0.4375295042991638,
3946,3946,0.47812870144844055,
3947,3947,0.4407701790332794,
3948,3948,0.43871018290519714,
3949,3949,,0.41768360137939453
3949,3949,0.41768360137939453,
3950,3950,0.439888596534729,
3951,3951,0.4652467966079712,
3952,3952,0.5150361657142639,
3953,3953,0.42329081892967224,
3954,3954,0.4406091570854187,
3955,3955,0.46907487511634827,
3956,3956,0.497817724943161,
3957,3957,0.44753751158714294,
3958,3958,0.43844807147979736,
3959,3959,0.4566510021686554,
3960,3960,0.44517767429351807,
3961,3961,0.44422969222068787,
3962,3962,0.4531857371330261,
3963,3963,0.45177164673805237,
3964,3964,0.455496609210968,
3965,3965,0.43071460723876953,
3966,3966,0.43364840745925903,
3967,3967,0.4432075619697571,
3968,3968,0.4580334424972534,
3969,3969,0.47187528014183044,
3970,3970,0.45680487155914307,
3971,3971,0.560293436050415,
3972,3972,0.420820951461792,
3973,3973,0.40416380763053894,
3974,3974,0.4669080376625061,
3975,3975,0.4266120493412018,
3976,3976,0.44776442646980286,
3977,3977,0.474394291639328,
3978,3978,0.45388147234916687,
3979,3979,0.42531031370162964,
3980,3980,0.44217851758003235,
3981,3981,0.46653348207473755,
3982,3982,0.46310704946517944,
3983,3983,0.44850990176200867,
3984,3984,0.46111199259757996,
3985,3985,0.4621231257915497,
3986,3986,0.4344266951084137,
3987,3987,0.4163814187049866,
3988,3988,0.4368335008621216,
3989,3989,0.43810442090034485,
3990,3990,0.41775810718536377,
3991,3991,0.43982282280921936,
3992,3992,0.44873711466789246,
3993,3993,0.422187477350235,
3994,3994,0.4567204713821411,
3995,3995,0.4614827632904053,
3996,3996,0.4421252906322479,
3997,3997,0.42408522963523865,
3998,3998,0.45124948024749756,
3999,3999,,0.5312378406524658
3999,3999,0.5312378406524658,
