epoch,step,train_loss_epoch,train_loss_step
0,0,3.6895835399627686,
1,1,3.4932007789611816,
2,2,2.128340482711792,
3,3,2.38399600982666,
4,4,2.5793538093566895,
5,5,2.4494457244873047,
6,6,2.2898621559143066,
7,7,2.0725626945495605,
8,8,1.9808828830718994,
9,9,1.1736093759536743,
10,10,2.2780158519744873,
11,11,1.7478238344192505,
12,12,2.1953492164611816,
13,13,3.145033836364746,
14,14,1.1502000093460083,
15,15,1.6465320587158203,
16,16,1.8686065673828125,
17,17,1.158958911895752,
18,18,1.9594833850860596,
19,19,1.733734130859375,
20,20,1.514427661895752,
21,21,1.8320040702819824,
22,22,1.0788569450378418,
23,23,1.0628491640090942,
24,24,1.0550787448883057,
25,25,1.8244011402130127,
26,26,2.209901809692383,
27,27,1.0544072389602661,
28,28,1.7123379707336426,
29,29,2.294126510620117,
30,30,1.5897457599639893,
31,31,2.210479736328125,
32,32,1.7040365934371948,
33,33,1.874287724494934,
34,34,1.0326400995254517,
35,35,1.0320807695388794,
36,36,1.4833810329437256,
37,37,1.9302070140838623,
38,38,1.8941525220870972,
39,39,2.0809249877929688,
40,40,1.0181282758712769,
41,41,2.0065035820007324,
42,42,4.7433390617370605,
43,43,1.4470733404159546,
44,44,1.0339280366897583,
45,45,1.058226227760315,
46,46,1.0006818771362305,
47,47,2.757357120513916,
48,48,1.8847591876983643,
49,49,,1.004056453704834
49,49,1.004056453704834,
50,50,0.9804823398590088,
51,51,1.999946117401123,
52,52,3.391092300415039,
53,53,1.46907377243042,
54,54,1.0237253904342651,
55,55,2.0907890796661377,
56,56,1.813035488128662,
57,57,1.7079828977584839,
58,58,1.0091657638549805,
59,59,1.0180798768997192,
60,60,1.812476396560669,
61,61,1.0046457052230835,
62,62,2.0967226028442383,
63,63,2.005481481552124,
64,64,2.2503914833068848,
65,65,2.0618457794189453,
66,66,1.0165642499923706,
67,67,2.7964508533477783,
68,68,1.6073747873306274,
69,69,1.9304763078689575,
70,70,1.7951991558074951,
71,71,0.9820279479026794,
72,72,2.0439367294311523,
73,73,1.016308069229126,
74,74,2.3951263427734375,
75,75,1.5115735530853271,
76,76,2.3910324573516846,
77,77,1.7784662246704102,
78,78,1.7503132820129395,
79,79,1.7441449165344238,
80,80,3.2958760261535645,
81,81,1.7630386352539062,
82,82,2.0583810806274414,
83,83,1.8483586311340332,
84,84,1.8978204727172852,
85,85,1.617729663848877,
86,86,1.0198336839675903,
87,87,1.8874229192733765,
88,88,1.5691256523132324,
89,89,2.1221816539764404,
90,90,0.9540151953697205,
91,91,1.6313292980194092,
92,92,1.4527525901794434,
93,93,1.011347770690918,
94,94,1.0245945453643799,
95,95,1.6735718250274658,
96,96,2.041306257247925,
97,97,2.0962226390838623,
98,98,1.9471888542175293,
99,99,,2.3145878314971924
99,99,2.3145878314971924,
100,100,1.3272181749343872,
101,101,1.018136978149414,
102,102,2.011934518814087,
103,103,1.7933298349380493,
104,104,1.6636126041412354,
105,105,1.9633232355117798,
106,106,1.7829339504241943,
107,107,2.5535025596618652,
108,108,1.8107553720474243,
109,109,1.5268580913543701,
110,110,2.4957451820373535,
111,111,2.0051350593566895,
112,112,2.027378559112549,
113,113,1.5630199909210205,
114,114,1.9185220003128052,
115,115,1.5483942031860352,
116,116,1.7616863250732422,
117,117,1.8907649517059326,
118,118,2.8296258449554443,
119,119,1.7044323682785034,
120,120,1.647210717201233,
121,121,2.4219295978546143,
122,122,1.0132346153259277,
123,123,1.5071077346801758,
124,124,1.8489627838134766,
125,125,1.7223153114318848,
126,126,2.105522632598877,
127,127,1.9489965438842773,
128,128,1.940913438796997,
129,129,1.003682255744934,
130,130,2.040215492248535,
131,131,2.2187108993530273,
132,132,1.9836841821670532,
133,133,1.9349868297576904,
134,134,1.0234918594360352,
135,135,1.7871564626693726,
136,136,2.771071434020996,
137,137,2.0465517044067383,
138,138,1.0307888984680176,
139,139,3.7490146160125732,
140,140,1.3247178792953491,
141,141,1.9552674293518066,
142,142,2.4696574211120605,
143,143,3.8818068504333496,
144,144,2.275613784790039,
145,145,1.7707666158676147,
146,146,1.5296125411987305,
147,147,1.9176826477050781,
148,148,1.9279708862304688,
149,149,,1.4725117683410645
149,149,1.4725117683410645,
150,150,1.6162288188934326,
151,151,0.9912307262420654,
152,152,1.4758473634719849,
153,153,1.758285403251648,
154,154,2.1237876415252686,
155,155,1.5975422859191895,
156,156,1.011474847793579,
157,157,2.140148639678955,
158,158,1.5603017807006836,
159,159,1.9961265325546265,
160,160,2.430436849594116,
161,161,1.812844157218933,
162,162,1.5513317584991455,
163,163,1.8793251514434814,
164,164,2.1180837154388428,
165,165,1.9574083089828491,
166,166,1.039864182472229,
167,167,2.1985416412353516,
168,168,1.5794620513916016,
169,169,2.0319783687591553,
170,170,1.7304606437683105,
171,171,1.8531484603881836,
172,172,1.0086852312088013,
173,173,1.023712158203125,
174,174,1.0036251544952393,
175,175,1.878693699836731,
176,176,2.0083565711975098,
177,177,2.3060073852539062,
178,178,1.0001403093338013,
179,179,0.9826547503471375,
180,180,2.003091812133789,
181,181,1.5843470096588135,
182,182,2.5046420097351074,
183,183,3.1196846961975098,
184,184,3.1353087425231934,
185,185,2.077960729598999,
186,186,1.0381293296813965,
187,187,1.032698631286621,
188,188,1.0047316551208496,
189,189,3.9652161598205566,
190,190,2.9567062854766846,
191,191,1.842968225479126,
192,192,1.0109142065048218,
193,193,1.3739314079284668,
194,194,1.3088960647583008,
195,195,2.3504717350006104,
196,196,2.6778273582458496,
197,197,1.0010555982589722,
198,198,1.5988646745681763,
199,199,,1.8747153282165527
199,199,1.8747153282165527,
200,200,1.0007884502410889,
201,201,1.0189595222473145,
202,202,1.00541090965271,
203,203,1.0053850412368774,
204,204,12.945507049560547,
205,205,2.3472862243652344,
206,206,1.5645947456359863,
207,207,2.1529922485351562,
208,208,1.7279109954833984,
209,209,1.7950444221496582,
210,210,1.4580068588256836,
211,211,1.0488109588623047,
212,212,3.3297884464263916,
213,213,2.156586170196533,
214,214,1.0336954593658447,
215,215,1.9331787824630737,
216,216,1.9413007497787476,
217,217,1.0323262214660645,
218,218,1.0058257579803467,
219,219,1.8576313257217407,
220,220,1.5789234638214111,
221,221,1.9949066638946533,
222,222,2.7177460193634033,
223,223,1.7725105285644531,
224,224,1.9846336841583252,
225,225,1.926417589187622,
226,226,1.049572467803955,
227,227,4.021856784820557,
228,228,1.9777827262878418,
229,229,2.01674222946167,
230,230,2.106152296066284,
231,231,2.4344682693481445,
232,232,1.6767823696136475,
233,233,1.0221551656723022,
234,234,2.1647558212280273,
235,235,2.0297465324401855,
236,236,1.9041895866394043,
237,237,2.1624369621276855,
238,238,1.7172598838806152,
239,239,3.0627801418304443,
240,240,1.0291640758514404,
241,241,4.2832183837890625,
242,242,1.0355907678604126,
243,243,1.7380146980285645,
244,244,1.035495400428772,
245,245,1.0399234294891357,
246,246,1.0038325786590576,
247,247,1.0270159244537354,
248,248,2.5353126525878906,
249,249,,1.7906370162963867
249,249,1.7906370162963867,
250,250,2.177201271057129,
251,251,1.8216075897216797,
252,252,1.9848943948745728,
253,253,1.004962682723999,
254,254,1.8969120979309082,
255,255,2.088819980621338,
256,256,1.030377745628357,
257,257,1.023537278175354,
258,258,1.0112375020980835,
259,259,1.4995489120483398,
260,260,1.6614727973937988,
261,261,1.0271093845367432,
262,262,2.264284133911133,
263,263,2.1771020889282227,
264,264,0.9985058903694153,
265,265,1.5626497268676758,
266,266,1.004932165145874,
267,267,1.9512546062469482,
268,268,1.3702555894851685,
269,269,2.078913450241089,
270,270,2.246466636657715,
271,271,1.8200852870941162,
272,272,1.0209141969680786,
273,273,2.156386375427246,
274,274,1.0092521905899048,
275,275,1.0072129964828491,
276,276,2.140510082244873,
277,277,0.9846012592315674,
278,278,1.7614076137542725,
279,279,2.51261568069458,
280,280,1.9112393856048584,
281,281,1.2883156538009644,
282,282,1.0201023817062378,
283,283,1.939340353012085,
284,284,2.7127838134765625,
285,285,3.0484721660614014,
286,286,1.742788314819336,
287,287,1.4299464225769043,
288,288,1.8665266036987305,
289,289,1.5508270263671875,
290,290,1.5046379566192627,
291,291,2.0658912658691406,
292,292,1.0037542581558228,
293,293,2.01872181892395,
294,294,1.4763871431350708,
295,295,1.0013362169265747,
296,296,2.148578405380249,
297,297,2.0926780700683594,
298,298,2.2426161766052246,
299,299,,2.516897678375244
299,299,2.516897678375244,
300,300,1.891345739364624,
301,301,2.5746707916259766,
302,302,2.652834892272949,
303,303,2.1939210891723633,
304,304,1.9687541723251343,
305,305,1.6769742965698242,
306,306,1.9547622203826904,
307,307,1.862555742263794,
308,308,1.0088849067687988,
309,309,2.1014363765716553,
310,310,1.7488210201263428,
311,311,0.9954737424850464,
312,312,1.7168283462524414,
313,313,2.087088108062744,
314,314,2.247934341430664,
315,315,6.931426048278809,
316,316,2.252946376800537,
317,317,1.9801219701766968,
318,318,1.1000008583068848,
319,319,2.1188950538635254,
320,320,2.0259976387023926,
321,321,2.607023000717163,
322,322,1.0493841171264648,
323,323,2.017882823944092,
324,324,1.0375312566757202,
325,325,1.8976521492004395,
326,326,2.014610528945923,
327,327,2.2264599800109863,
328,328,2.1254639625549316,
329,329,1.8183684349060059,
330,330,1.0270460844039917,
331,331,5.177239418029785,
332,332,2.498785972595215,
333,333,1.4321502447128296,
334,334,1.034118890762329,
335,335,1.8973643779754639,
336,336,1.0414233207702637,
337,337,2.080827236175537,
338,338,4.0096330642700195,
339,339,1.9612441062927246,
340,340,2.0679728984832764,
341,341,2.1426587104797363,
342,342,1.0107595920562744,
343,343,1.0053902864456177,
344,344,1.572436809539795,
345,345,1.5905921459197998,
346,346,2.3567771911621094,
347,347,0.973868191242218,
348,348,2.092724323272705,
349,349,,0.9963672757148743
349,349,0.9963672757148743,
350,350,1.4709340333938599,
351,351,0.996285617351532,
352,352,2.03944730758667,
353,353,1.8471790552139282,
354,354,1.9396731853485107,
355,355,1.5134137868881226,
356,356,1.9299979209899902,
357,357,1.6785435676574707,
358,358,3.2037932872772217,
359,359,1.9046193361282349,
360,360,1.920201063156128,
361,361,1.8365525007247925,
362,362,0.9874728918075562,
363,363,1.0147032737731934,
364,364,1.5198599100112915,
365,365,3.7635445594787598,
366,366,0.9652857184410095,
367,367,0.939155638217926,
368,368,1.0053160190582275,
369,369,0.9580296277999878,
370,370,0.9503462314605713,
371,371,1.9741944074630737,
372,372,2.6746699810028076,
373,373,2.122892141342163,
374,374,2.3709099292755127,
375,375,0.9425044655799866,
376,376,2.0077762603759766,
377,377,1.6586408615112305,
378,378,0.8892480134963989,
379,379,1.037990689277649,
380,380,0.8796563744544983,
381,381,0.8931828141212463,
382,382,2.2625062465667725,
383,383,0.7972383499145508,
384,384,1.5823307037353516,
385,385,1.8672618865966797,
386,386,3.053983449935913,
387,387,1.7087650299072266,
388,388,1.2697142362594604,
389,389,0.8796408772468567,
390,390,0.8382989764213562,
391,391,1.2369580268859863,
392,392,1.8972415924072266,
393,393,2.0982577800750732,
394,394,0.8117060661315918,
395,395,1.5629514455795288,
396,396,0.812806248664856,
397,397,2.1668949127197266,
398,398,0.7821187376976013,
399,399,,2.61281156539917
399,399,2.61281156539917,
400,400,1.2588701248168945,
401,401,1.4810717105865479,
402,402,0.7850770354270935,
403,403,1.8535041809082031,
404,404,2.5031747817993164,
405,405,1.4165266752243042,
406,406,1.1975219249725342,
407,407,1.7409307956695557,
408,408,1.8170381784439087,
409,409,0.8588831424713135,
410,410,1.8548507690429688,
411,411,1.31154465675354,
412,412,1.3907172679901123,
413,413,1.31404447555542,
414,414,2.0784504413604736,
415,415,0.7628644704818726,
416,416,0.7163792252540588,
417,417,1.378271460533142,
418,418,1.5052158832550049,
419,419,1.4861395359039307,
420,420,1.127609372138977,
421,421,2.4307680130004883,
422,422,1.34883713722229,
423,423,2.3947014808654785,
424,424,1.5903828144073486,
425,425,1.8460419178009033,
426,426,1.00669264793396,
427,427,0.7768279910087585,
428,428,2.0044894218444824,
429,429,2.9247374534606934,
430,430,1.3293862342834473,
431,431,1.8048491477966309,
432,432,0.7251161336898804,
433,433,1.6688166856765747,
434,434,1.4351520538330078,
435,435,3.6733832359313965,
436,436,1.304144024848938,
437,437,1.4116387367248535,
438,438,1.433071494102478,
439,439,1.7259938716888428,
440,440,0.7252386808395386,
441,441,2.644209861755371,
442,442,0.7331209778785706,
443,443,1.238402009010315,
444,444,1.9188340902328491,
445,445,1.8044824600219727,
446,446,2.361053466796875,
447,447,1.5835185050964355,
448,448,0.7061571478843689,
449,449,,1.2143535614013672
449,449,1.2143535614013672,
450,450,1.5991290807724,
451,451,1.826733112335205,
452,452,1.4964351654052734,
453,453,2.1351497173309326,
454,454,1.212547779083252,
455,455,3.7678067684173584,
456,456,2.013890027999878,
457,457,1.622152328491211,
458,458,0.742933452129364,
459,459,1.689150094985962,
460,460,1.6737415790557861,
461,461,1.4277136325836182,
462,462,2.130903959274292,
463,463,1.2864421606063843,
464,464,23.4591007232666,
465,465,1.5014903545379639,
466,466,1.5157279968261719,
467,467,1.8325875997543335,
468,468,1.8288309574127197,
469,469,1.5885733366012573,
470,470,1.538081169128418,
471,471,1.6784424781799316,
472,472,0.72539222240448,
473,473,2.265808582305908,
474,474,0.7185755372047424,
475,475,1.17942476272583,
476,476,6.300495147705078,
477,477,1.74543035030365,
478,478,1.8179364204406738,
479,479,1.605265736579895,
480,480,1.375863790512085,
481,481,0.7579613327980042,
482,482,2.0050251483917236,
483,483,2.519681692123413,
484,484,2.234144687652588,
485,485,1.5107598304748535,
486,486,1.3405678272247314,
487,487,1.5486732721328735,
488,488,1.9373724460601807,
489,489,2.63372802734375,
490,490,9.00488567352295,
491,491,1.7095048427581787,
492,492,1.1299490928649902,
493,493,1.0594569444656372,
494,494,1.407235860824585,
495,495,0.8939850330352783,
496,496,1.7292450666427612,
497,497,1.4834179878234863,
498,498,0.7339993715286255,
499,499,,1.4304081201553345
499,499,1.4304081201553345,
500,500,1.4542790651321411,
501,501,0.6558635830879211,
502,502,1.5650644302368164,
503,503,1.6454229354858398,
504,504,0.6712938547134399,
505,505,0.683912992477417,
506,506,1.5585304498672485,
507,507,1.513607382774353,
508,508,1.8253655433654785,
509,509,0.6653944849967957,
510,510,5.412202835083008,
511,511,0.6888946294784546,
512,512,0.66651451587677,
513,513,1.5886508226394653,
514,514,1.6284582614898682,
515,515,0.9030596017837524,
516,516,0.669942319393158,
517,517,20.502792358398438,
518,518,0.7302559614181519,
519,519,2.0056793689727783,
520,520,0.923526406288147,
521,521,1.7855651378631592,
522,522,2.2716710567474365,
523,523,1.916630506515503,
524,524,1.5774319171905518,
525,525,1.5693018436431885,
526,526,1.6288526058197021,
527,527,1.745837688446045,
528,528,1.9799424409866333,
529,529,1.827297568321228,
530,530,1.6468758583068848,
531,531,3.0544557571411133,
532,532,1.2276854515075684,
533,533,0.7373607158660889,
534,534,1.4519634246826172,
535,535,1.2706236839294434,
536,536,0.6674718856811523,
537,537,1.1275771856307983,
538,538,2.0770177841186523,
539,539,1.7557687759399414,
540,540,1.51339590549469,
541,541,2.9502201080322266,
542,542,0.6602039337158203,
543,543,0.6522312760353088,
544,544,0.793243408203125,
545,545,2.2549564838409424,
546,546,0.9676519632339478,
547,547,1.5377455949783325,
548,548,1.1854891777038574,
549,549,,1.1288254261016846
549,549,1.1288254261016846,
550,550,2.3381617069244385,
551,551,1.9628190994262695,
552,552,1.4918904304504395,
553,553,1.0225162506103516,
554,554,0.9218690395355225,
555,555,0.6529085636138916,
556,556,1.628911018371582,
557,557,1.2870337963104248,
558,558,1.2336821556091309,
559,559,1.4185147285461426,
560,560,1.5192832946777344,
561,561,5.829117774963379,
562,562,0.6032629609107971,
563,563,1.2470202445983887,
564,564,1.0630207061767578,
565,565,1.5031023025512695,
566,566,1.6512775421142578,
567,567,0.8532148599624634,
568,568,1.6762363910675049,
569,569,0.6211280226707458,
570,570,1.0423862934112549,
571,571,1.0678226947784424,
572,572,1.6474517583847046,
573,573,0.6619536876678467,
574,574,1.328861951828003,
575,575,0.6319289207458496,
576,576,1.4161992073059082,
577,577,1.4532878398895264,
578,578,1.814958095550537,
579,579,0.6429347395896912,
580,580,2.2036540508270264,
581,581,1.5189687013626099,
582,582,0.635785698890686,
583,583,1.9159291982650757,
584,584,0.6153917908668518,
585,585,1.5720794200897217,
586,586,1.5539870262145996,
587,587,2.0149683952331543,
588,588,2.0645503997802734,
589,589,1.0944770574569702,
590,590,1.6170350313186646,
591,591,1.340203046798706,
592,592,2.8324668407440186,
593,593,1.6965667009353638,
594,594,0.6837812662124634,
595,595,0.9928641319274902,
596,596,1.2013919353485107,
597,597,1.69687819480896,
598,598,1.5189743041992188,
599,599,,1.11635422706604
599,599,1.11635422706604,
600,600,0.6391626000404358,
601,601,1.1583704948425293,
602,602,1.6728041172027588,
603,603,0.6122336387634277,
604,604,0.650766134262085,
605,605,0.6155553460121155,
606,606,0.5875969529151917,
607,607,1.550239086151123,
608,608,1.201812505722046,
609,609,1.8090095520019531,
610,610,1.4954652786254883,
611,611,0.6544591784477234,
612,612,1.0957534313201904,
613,613,1.7544734477996826,
614,614,1.6966912746429443,
615,615,0.944083571434021,
616,616,1.370871663093567,
617,617,1.1711468696594238,
618,618,0.5956552028656006,
619,619,1.1266028881072998,
620,620,1.223045825958252,
621,621,0.9148155450820923,
622,622,1.1420159339904785,
623,623,1.4117059707641602,
624,624,0.9588027596473694,
625,625,0.5975216627120972,
626,626,0.9580073356628418,
627,627,1.1818609237670898,
628,628,0.9185435771942139,
629,629,1.5332527160644531,
630,630,1.2732486724853516,
631,631,4.576994895935059,
632,632,1.4782681465148926,
633,633,1.9408916234970093,
634,634,0.6354027986526489,
635,635,1.0267010927200317,
636,636,1.2577528953552246,
637,637,1.0102994441986084,
638,638,1.4734718799591064,
639,639,1.2171025276184082,
640,640,2.1736507415771484,
641,641,1.0413373708724976,
642,642,0.6022962331771851,
643,643,1.1739059686660767,
644,644,1.2461071014404297,
645,645,1.378016710281372,
646,646,1.4785592555999756,
647,647,2.1613736152648926,
648,648,0.6063891053199768,
649,649,,1.7510323524475098
649,649,1.7510323524475098,
650,650,1.3150932788848877,
651,651,0.5803022384643555,
652,652,1.539273738861084,
653,653,1.1714197397232056,
654,654,1.335721731185913,
655,655,1.319537878036499,
656,656,0.6314950585365295,
657,657,2.0393872261047363,
658,658,1.4843766689300537,
659,659,1.356385350227356,
660,660,7.336297035217285,
661,661,1.4100971221923828,
662,662,1.6621167659759521,
663,663,1.647506833076477,
664,664,1.1733613014221191,
665,665,0.725418746471405,
666,666,0.6716333031654358,
667,667,0.663158655166626,
668,668,1.1941125392913818,
669,669,2.1494855880737305,
670,670,0.9957888126373291,
671,671,1.5845613479614258,
672,672,1.4858824014663696,
673,673,1.7946431636810303,
674,674,1.0129978656768799,
675,675,0.6695330739021301,
676,676,2.1074252128601074,
677,677,1.8383995294570923,
678,678,1.3260974884033203,
679,679,1.1891628503799438,
680,680,2.552546501159668,
681,681,0.6584479808807373,
682,682,1.447319507598877,
683,683,1.7570815086364746,
684,684,0.6724759340286255,
685,685,1.0985713005065918,
686,686,1.1556546688079834,
687,687,2.137141466140747,
688,688,0.6427739262580872,
689,689,2.124110460281372,
690,690,1.6886651515960693,
691,691,1.7901990413665771,
692,692,1.107311725616455,
693,693,1.5727741718292236,
694,694,3.2674672603607178,
695,695,1.0808379650115967,
696,696,1.1911767721176147,
697,697,1.0250595808029175,
698,698,1.2683981657028198,
699,699,,0.9537104964256287
699,699,0.9537104964256287,
700,700,1.428048849105835,
701,701,1.5180721282958984,
702,702,1.4718377590179443,
703,703,0.6140690445899963,
704,704,1.2579591274261475,
705,705,0.6005273461341858,
706,706,1.3969680070877075,
707,707,0.634802520275116,
708,708,3.651141881942749,
709,709,0.6492301225662231,
710,710,1.5317583084106445,
711,711,0.6253769993782043,
712,712,1.5617640018463135,
713,713,0.6078605651855469,
714,714,1.531800627708435,
715,715,1.4893901348114014,
716,716,2.55361270904541,
717,717,1.9563190937042236,
718,718,4.6580376625061035,
719,719,1.2680931091308594,
720,720,1.7027428150177002,
721,721,1.4917622804641724,
722,722,0.6592316627502441,
723,723,1.6087703704833984,
724,724,1.6510676145553589,
725,725,3.548475980758667,
726,726,1.2855746746063232,
727,727,1.5547233819961548,
728,728,1.7841007709503174,
729,729,1.73662531375885,
730,730,2.613799810409546,
731,731,2.0702385902404785,
732,732,1.4579331874847412,
733,733,1.3407073020935059,
734,734,3.2861623764038086,
735,735,1.4756065607070923,
736,736,0.9537500143051147,
737,737,0.7377694249153137,
738,738,1.387486219406128,
739,739,1.2558598518371582,
740,740,0.9938430786132812,
741,741,0.7491908669471741,
742,742,1.8662512302398682,
743,743,1.50364351272583,
744,744,1.6489059925079346,
745,745,0.6362828016281128,
746,746,0.6415090560913086,
747,747,0.6342595815658569,
748,748,0.6404995322227478,
749,749,,0.6105877757072449
749,749,0.6105877757072449,
750,750,1.976380467414856,
751,751,1.4467101097106934,
752,752,1.6612615585327148,
753,753,1.765376329421997,
754,754,0.9410344362258911,
755,755,1.4087417125701904,
756,756,1.6479756832122803,
757,757,1.743093490600586,
758,758,1.2859432697296143,
759,759,1.336935043334961,
760,760,1.4867057800292969,
761,761,0.6406046152114868,
762,762,1.666459083557129,
763,763,1.4262888431549072,
764,764,1.3336198329925537,
765,765,0.6475266814231873,
766,766,1.1229736804962158,
767,767,0.8204686045646667,
768,768,0.6462674140930176,
769,769,1.2912728786468506,
770,770,0.584703803062439,
771,771,1.617924451828003,
772,772,2.158555269241333,
773,773,1.929997444152832,
774,774,1.6740021705627441,
775,775,0.6105606555938721,
776,776,0.5995202660560608,
777,777,1.7246471643447876,
778,778,1.3770360946655273,
779,779,1.2591164112091064,
780,780,1.160757064819336,
781,781,1.6303696632385254,
782,782,1.1763718128204346,
783,783,0.6362453699111938,
784,784,1.5197651386260986,
785,785,1.2648426294326782,
786,786,1.201599359512329,
787,787,0.987215518951416,
788,788,0.6428724527359009,
789,789,3.9430415630340576,
790,790,1.5990898609161377,
791,791,1.4726595878601074,
792,792,0.6089737415313721,
793,793,0.7616123557090759,
794,794,1.7808477878570557,
795,795,1.841596007347107,
796,796,0.7091613411903381,
797,797,1.6541736125946045,
798,798,1.6141579151153564,
799,799,,1.2242515087127686
799,799,1.2242515087127686,
800,800,1.5089430809020996,
801,801,1.448107123374939,
802,802,0.6386584639549255,
803,803,0.7144445776939392,
804,804,1.9753124713897705,
805,805,1.5076839923858643,
806,806,1.3988404273986816,
807,807,1.2284464836120605,
808,808,0.6236190795898438,
809,809,1.1261835098266602,
810,810,0.6018550992012024,
811,811,0.6562849283218384,
812,812,1.668880581855774,
813,813,0.9512781500816345,
814,814,0.9288102388381958,
815,815,1.5295804738998413,
816,816,1.6715123653411865,
817,817,2.618069648742676,
818,818,1.566530704498291,
819,819,1.2791506052017212,
820,820,0.6596197485923767,
821,821,2.753185987472534,
822,822,0.6329286694526672,
823,823,1.5433199405670166,
824,824,0.6560300588607788,
825,825,0.7311596274375916,
826,826,1.5469812154769897,
827,827,0.6070290207862854,
828,828,0.6568871736526489,
829,829,1.5796412229537964,
830,830,1.774520754814148,
831,831,1.9106969833374023,
832,832,1.9185353517532349,
833,833,1.0992683172225952,
834,834,1.3300832509994507,
835,835,1.31681227684021,
836,836,1.052750587463379,
837,837,1.5179240703582764,
838,838,0.5978818535804749,
839,839,0.6680507063865662,
840,840,1.3491153717041016,
841,841,1.2385752201080322,
842,842,0.6405225396156311,
843,843,1.7025665044784546,
844,844,1.614969253540039,
845,845,0.62969970703125,
846,846,1.243959665298462,
847,847,0.611889660358429,
848,848,1.4560949802398682,
849,849,,1.0498831272125244
849,849,1.0498831272125244,
850,850,0.6532847881317139,
851,851,1.589747428894043,
852,852,1.2589733600616455,
853,853,1.1537232398986816,
854,854,1.5694187879562378,
855,855,1.075895071029663,
856,856,1.623882532119751,
857,857,1.436906337738037,
858,858,0.6724870204925537,
859,859,1.3736786842346191,
860,860,0.6026144027709961,
861,861,1.0770686864852905,
862,862,0.6574716567993164,
863,863,1.4496363401412964,
864,864,1.033301591873169,
865,865,1.4669091701507568,
866,866,1.1581802368164062,
867,867,0.9848454594612122,
868,868,1.533584713935852,
869,869,1.3440654277801514,
870,870,0.6628696322441101,
871,871,3.568537712097168,
872,872,1.7335190773010254,
873,873,1.7190909385681152,
874,874,2.7539916038513184,
875,875,1.117891788482666,
876,876,1.1322978734970093,
877,877,1.1565401554107666,
878,878,0.942604660987854,
879,879,0.807543933391571,
880,880,1.4862046241760254,
881,881,0.7851657867431641,
882,882,3.044435977935791,
883,883,0.7676862478256226,
884,884,0.9594777822494507,
885,885,0.7784708142280579,
886,886,1.301912546157837,
887,887,1.2658846378326416,
888,888,1.2829314470291138,
889,889,1.4468777179718018,
890,890,1.3730658292770386,
891,891,1.164473295211792,
892,892,1.479219675064087,
893,893,1.552276611328125,
894,894,0.6097744107246399,
895,895,1.072125792503357,
896,896,1.613724946975708,
897,897,0.6113198399543762,
898,898,1.0214039087295532,
899,899,,1.3417223691940308
899,899,1.3417223691940308,
900,900,1.0409555435180664,
901,901,0.7268137335777283,
902,902,1.4379569292068481,
903,903,0.6406000852584839,
904,904,0.6263182759284973,
905,905,0.6016964912414551,
906,906,1.9243015050888062,
907,907,2.415886163711548,
908,908,1.4924633502960205,
909,909,1.2561099529266357,
910,910,1.4537663459777832,
911,911,0.7432261109352112,
912,912,1.180274248123169,
913,913,1.1494364738464355,
914,914,0.6770142316818237,
915,915,0.7235243320465088,
916,916,1.5460970401763916,
917,917,0.6656268239021301,
918,918,0.623831033706665,
919,919,0.6214936971664429,
920,920,0.9943439960479736,
921,921,0.6388515830039978,
922,922,1.689608097076416,
923,923,1.334080457687378,
924,924,1.5704056024551392,
925,925,1.757770299911499,
926,926,1.2606251239776611,
927,927,1.5176732540130615,
928,928,1.382371187210083,
929,929,1.3622064590454102,
930,930,0.8811355829238892,
931,931,2.722334861755371,
932,932,0.6523066759109497,
933,933,1.2076586484909058,
934,934,0.7545579671859741,
935,935,0.6730055809020996,
936,936,0.8653700947761536,
937,937,0.7379620671272278,
938,938,1.115798830986023,
939,939,1.3278242349624634,
940,940,1.0693540573120117,
941,941,1.392024278640747,
942,942,1.7489161491394043,
943,943,1.1585296392440796,
944,944,0.6139647960662842,
945,945,1.6308987140655518,
946,946,1.1508539915084839,
947,947,2.5104873180389404,
948,948,1.1116153001785278,
949,949,,0.8082489371299744
949,949,0.8082489371299744,
950,950,0.7761029005050659,
951,951,1.0856776237487793,
952,952,1.6484061479568481,
953,953,1.351339340209961,
954,954,1.6548800468444824,
955,955,2.125927448272705,
956,956,1.4135360717773438,
957,957,0.7108709812164307,
958,958,1.3752336502075195,
959,959,0.9330928325653076,
960,960,1.0181218385696411,
961,961,2.3833439350128174,
962,962,1.4557960033416748,
963,963,1.5196917057037354,
964,964,0.9821896553039551,
965,965,1.2337007522583008,
966,966,1.1338359117507935,
967,967,1.243204116821289,
968,968,0.608498215675354,
969,969,0.9927243590354919,
970,970,1.2796491384506226,
971,971,0.58516526222229,
972,972,0.9221504926681519,
973,973,1.1751325130462646,
974,974,1.703431248664856,
975,975,1.2677185535430908,
976,976,1.2315951585769653,
977,977,1.2420244216918945,
978,978,0.9334275722503662,
979,979,1.053013563156128,
980,980,2.472050666809082,
981,981,0.8733357191085815,
982,982,1.2452641725540161,
983,983,0.7991946339607239,
984,984,0.8313864469528198,
985,985,1.0545873641967773,
986,986,0.806468665599823,
987,987,1.048797845840454,
988,988,1.2752408981323242,
989,989,0.6373341679573059,
990,990,0.6044048070907593,
991,991,0.8732603192329407,
992,992,1.037195086479187,
993,993,0.6852253675460815,
994,994,0.6067850589752197,
995,995,0.6593824028968811,
996,996,1.5035555362701416,
997,997,1.4189636707305908,
998,998,0.6503859162330627,
999,999,,0.8773197531700134
999,999,0.8773197531700134,
1000,1000,1.040270209312439,
1001,1001,0.6941989660263062,
1002,1002,0.6781721115112305,
1003,1003,1.1669046878814697,
1004,1004,1.3353314399719238,
1005,1005,1.0816810131072998,
1006,1006,0.9275285005569458,
1007,1007,0.6394704580307007,
1008,1008,0.9841711521148682,
1009,1009,1.0230083465576172,
1010,1010,1.1543933153152466,
1011,1011,0.5713399052619934,
1012,1012,1.0295242071151733,
1013,1013,1.1838252544403076,
1014,1014,0.8432127237319946,
1015,1015,1.1560983657836914,
1016,1016,1.2328901290893555,
1017,1017,0.8254908323287964,
1018,1018,1.4518200159072876,
1019,1019,1.1581759452819824,
1020,1020,1.0662373304367065,
1021,1021,1.551729679107666,
1022,1022,1.0831351280212402,
1023,1023,2.177309036254883,
1024,1024,0.7685139179229736,
1025,1025,1.1689934730529785,
1026,1026,0.8313570022583008,
1027,1027,0.8046503663063049,
1028,1028,0.7414469122886658,
1029,1029,0.8183997273445129,
1030,1030,0.5885341167449951,
1031,1031,0.6624972224235535,
1032,1032,0.8221891522407532,
1033,1033,0.6000878810882568,
1034,1034,0.5862876176834106,
1035,1035,1.3017499446868896,
1036,1036,1.6402435302734375,
1037,1037,1.4316153526306152,
1038,1038,1.8555808067321777,
1039,1039,0.5983641147613525,
1040,1040,0.9639854431152344,
1041,1041,0.7140777707099915,
1042,1042,0.6990741491317749,
1043,1043,0.7256560325622559,
1044,1044,1.0576266050338745,
1045,1045,0.6633027195930481,
1046,1046,0.6281841993331909,
1047,1047,0.5327752828598022,
1048,1048,0.9691145420074463,
1049,1049,,0.7723619937896729
1049,1049,0.7723619937896729,
1050,1050,0.8352973461151123,
1051,1051,0.8372201919555664,
1052,1052,0.701833963394165,
1053,1053,0.5936278104782104,
1054,1054,0.6703668832778931,
1055,1055,0.62021404504776,
1056,1056,0.8068543672561646,
1057,1057,0.6194614171981812,
1058,1058,0.9547401666641235,
1059,1059,0.9101929664611816,
1060,1060,0.7947769165039062,
1061,1061,0.7145745754241943,
1062,1062,0.8961511850357056,
1063,1063,0.926757276058197,
1064,1064,0.6334484219551086,
1065,1065,0.8640871047973633,
1066,1066,0.8060811758041382,
1067,1067,0.8577260375022888,
1068,1068,0.6889560222625732,
1069,1069,0.8674589395523071,
1070,1070,0.600048303604126,
1071,1071,0.7193783521652222,
1072,1072,0.9721193909645081,
1073,1073,0.5626384019851685,
1074,1074,0.8082417249679565,
1075,1075,0.5498901605606079,
1076,1076,0.6914736032485962,
1077,1077,0.6343691945075989,
1078,1078,0.8383073806762695,
1079,1079,0.5944443941116333,
1080,1080,0.9056843519210815,
1081,1081,0.6366550326347351,
1082,1082,1.203176498413086,
1083,1083,0.6140687465667725,
1084,1084,0.7901508808135986,
1085,1085,0.8126082420349121,
1086,1086,0.7246378660202026,
1087,1087,0.6792731285095215,
1088,1088,0.6711348295211792,
1089,1089,0.5728250741958618,
1090,1090,0.8361104726791382,
1091,1091,0.6003262400627136,
1092,1092,0.8099179267883301,
1093,1093,0.8354058861732483,
1094,1094,0.8306809663772583,
1095,1095,0.7730085849761963,
1096,1096,0.7511956691741943,
1097,1097,0.6248423457145691,
1098,1098,0.6974042654037476,
1099,1099,,0.8063533306121826
1099,1099,0.8063533306121826,
1100,1100,0.8266008496284485,
1101,1101,0.5745248794555664,
1102,1102,0.5854125618934631,
1103,1103,0.5922677516937256,
1104,1104,0.6099164485931396,
1105,1105,0.6228238344192505,
1106,1106,0.5149478316307068,
1107,1107,0.6644774079322815,
1108,1108,0.6304596662521362,
1109,1109,0.6494710445404053,
1110,1110,0.5848485827445984,
1111,1111,0.6732544302940369,
1112,1112,0.5718477964401245,
1113,1113,0.762285590171814,
1114,1114,0.6060919165611267,
1115,1115,0.5794709324836731,
1116,1116,0.5446650385856628,
1117,1117,0.5776163935661316,
1118,1118,0.5520225763320923,
1119,1119,0.5831443667411804,
1120,1120,0.6252850294113159,
1121,1121,0.5868625640869141,
1122,1122,0.5730129480361938,
1123,1123,0.5790626406669617,
1124,1124,0.621837317943573,
1125,1125,0.5855779647827148,
1126,1126,0.5450544953346252,
1127,1127,0.6107367873191833,
1128,1128,0.5338842272758484,
1129,1129,0.5773531198501587,
1130,1130,0.6000254154205322,
1131,1131,0.49163076281547546,
1132,1132,0.570006251335144,
1133,1133,0.5965585112571716,
1134,1134,0.5977520942687988,
1135,1135,0.7617392539978027,
1136,1136,0.5720164775848389,
1137,1137,0.5953837037086487,
1138,1138,0.5420682430267334,
1139,1139,0.561240553855896,
1140,1140,0.511055052280426,
1141,1141,0.6436089277267456,
1142,1142,0.5909386277198792,
1143,1143,0.5629194378852844,
1144,1144,0.5958534479141235,
1145,1145,0.5962884426116943,
1146,1146,0.6201388239860535,
1147,1147,0.6567352414131165,
1148,1148,0.5898422002792358,
1149,1149,,0.5500202178955078
1149,1149,0.5500202178955078,
1150,1150,0.5956884026527405,
1151,1151,0.6391241550445557,
1152,1152,0.594326376914978,
1153,1153,0.5713285803794861,
1154,1154,0.606148362159729,
1155,1155,0.5348081588745117,
1156,1156,0.5584445595741272,
1157,1157,0.5824389457702637,
1158,1158,0.6248683929443359,
1159,1159,0.5917869210243225,
1160,1160,0.5831456780433655,
1161,1161,1.095604658126831,
1162,1162,0.6579098701477051,
1163,1163,0.8812970519065857,
1164,1164,0.6749197244644165,
1165,1165,0.9753365516662598,
1166,1166,0.8457749485969543,
1167,1167,0.6267307996749878,
1168,1168,0.8029459714889526,
1169,1169,0.7077832818031311,
1170,1170,0.6739541888237,
1171,1171,1.4021131992340088,
1172,1172,0.6393246650695801,
1173,1173,0.8513724207878113,
1174,1174,0.6640475392341614,
1175,1175,0.6159705519676208,
1176,1176,1.3538446426391602,
1177,1177,0.6007264852523804,
1178,1178,0.6186076402664185,
1179,1179,1.2101114988327026,
1180,1180,0.6049928665161133,
1181,1181,0.551704466342926,
1182,1182,0.9911959171295166,
1183,1183,0.591968834400177,
1184,1184,0.6258434057235718,
1185,1185,1.3660246133804321,
1186,1186,0.9611308574676514,
1187,1187,1.3892837762832642,
1188,1188,1.2066224813461304,
1189,1189,0.6011852025985718,
1190,1190,0.6512386202812195,
1191,1191,1.6773059368133545,
1192,1192,0.6136580109596252,
1193,1193,2.253392457962036,
1194,1194,0.630037784576416,
1195,1195,1.06870436668396,
1196,1196,1.1071513891220093,
1197,1197,1.026380181312561,
1198,1198,0.5562478303909302,
1199,1199,,1.081803321838379
1199,1199,1.081803321838379,
1200,1200,1.46211838722229,
1201,1201,0.9339579343795776,
1202,1202,0.6546313166618347,
1203,1203,0.6410341262817383,
1204,1204,0.5849176645278931,
1205,1205,0.5705793499946594,
1206,1206,0.9627561569213867,
1207,1207,1.0180079936981201,
1208,1208,4.87452507019043,
1209,1209,1.0175807476043701,
1210,1210,0.983277440071106,
1211,1211,1.518264889717102,
1212,1212,1.1224679946899414,
1213,1213,0.960821270942688,
1214,1214,1.0487395524978638,
1215,1215,1.0879625082015991,
1216,1216,0.7300833463668823,
1217,1217,0.6404337286949158,
1218,1218,1.1816776990890503,
1219,1219,0.7045142650604248,
1220,1220,1.0199638605117798,
1221,1221,1.0097205638885498,
1222,1222,1.0796120166778564,
1223,1223,0.7761452794075012,
1224,1224,1.0597145557403564,
1225,1225,1.066908597946167,
1226,1226,0.5632569789886475,
1227,1227,0.5978209376335144,
1228,1228,1.0384989976882935,
1229,1229,0.6129788160324097,
1230,1230,0.6364951133728027,
1231,1231,1.0033223628997803,
1232,1232,0.5894781351089478,
1233,1233,0.9274253845214844,
1234,1234,0.8854238986968994,
1235,1235,1.120424747467041,
1236,1236,0.8027329444885254,
1237,1237,0.5768951773643494,
1238,1238,0.5693143010139465,
1239,1239,0.8611920475959778,
1240,1240,1.2876317501068115,
1241,1241,0.5640332698822021,
1242,1242,0.5922573208808899,
1243,1243,0.5659979581832886,
1244,1244,0.7922025322914124,
1245,1245,0.5588610768318176,
1246,1246,0.884544849395752,
1247,1247,0.5637015700340271,
1248,1248,0.9233691692352295,
1249,1249,,0.9409610033035278
1249,1249,0.9409610033035278,
1250,1250,0.5928400754928589,
1251,1251,0.545506477355957,
1252,1252,1.4633419513702393,
1253,1253,0.5872451663017273,
1254,1254,0.5544086694717407,
1255,1255,0.583012580871582,
1256,1256,0.6106271147727966,
1257,1257,0.8454387784004211,
1258,1258,0.5524347424507141,
1259,1259,0.6124455332756042,
1260,1260,0.7577750086784363,
1261,1261,0.6886043548583984,
1262,1262,0.7848068475723267,
1263,1263,0.6626830101013184,
1264,1264,0.5629205107688904,
1265,1265,0.5761051177978516,
1266,1266,0.5697623491287231,
1267,1267,0.7337740659713745,
1268,1268,0.6059232950210571,
1269,1269,0.654975950717926,
1270,1270,0.5585730075836182,
1271,1271,0.5521220564842224,
1272,1272,0.6453520655632019,
1273,1273,0.6605485081672668,
1274,1274,0.555695652961731,
1275,1275,0.6160243153572083,
1276,1276,0.6308990716934204,
1277,1277,0.5960336327552795,
1278,1278,0.6547524333000183,
1279,1279,0.6025044918060303,
1280,1280,0.6245576739311218,
1281,1281,0.5511335730552673,
1282,1282,0.48759377002716064,
1283,1283,0.5624861717224121,
1284,1284,0.676641047000885,
1285,1285,0.5650598406791687,
1286,1286,0.4718543589115143,
1287,1287,0.5766805410385132,
1288,1288,0.5601301789283752,
1289,1289,0.6288182735443115,
1290,1290,0.5564956665039062,
1291,1291,0.5892763137817383,
1292,1292,0.554736852645874,
1293,1293,0.5291399359703064,
1294,1294,0.5900730490684509,
1295,1295,0.6082886457443237,
1296,1296,0.5390467047691345,
1297,1297,0.5118702054023743,
1298,1298,0.5384783148765564,
1299,1299,,0.5590766668319702
1299,1299,0.5590766668319702,
1300,1300,0.5458672046661377,
1301,1301,0.6127117872238159,
1302,1302,0.5538838505744934,
1303,1303,0.6160206198692322,
1304,1304,0.5460719466209412,
1305,1305,0.5598872900009155,
1306,1306,0.015685873106122017,
1307,1307,0.5588418245315552,
1308,1308,0.5388838648796082,
1309,1309,0.5535838007926941,
1310,1310,0.5241962671279907,
1311,1311,0.6063418388366699,
1312,1312,0.5680114030838013,
1313,1313,0.573815643787384,
1314,1314,0.5580537915229797,
1315,1315,0.5433899164199829,
1316,1316,0.5452545881271362,
1317,1317,1.0615051984786987,
1318,1318,0.5680786371231079,
1319,1319,0.5397685766220093,
1320,1320,0.5360709428787231,
1321,1321,0.5325285792350769,
1322,1322,0.5413601398468018,
1323,1323,0.5667002201080322,
1324,1324,0.5561440587043762,
1325,1325,0.539660632610321,
1326,1326,0.6104439496994019,
1327,1327,0.5618480443954468,
1328,1328,0.5563247203826904,
1329,1329,0.5344690084457397,
1330,1330,0.5257681608200073,
1331,1331,0.541728675365448,
1332,1332,0.3880159854888916,
1333,1333,0.5432865619659424,
1334,1334,0.5592228770256042,
1335,1335,0.5468739867210388,
1336,1336,0.5693458318710327,
1337,1337,0.48961305618286133,
1338,1338,0.5852693319320679,
1339,1339,0.5784531235694885,
1340,1340,0.5866261720657349,
1341,1341,0.5472318530082703,
1342,1342,0.44389647245407104,
1343,1343,0.534745991230011,
1344,1344,0.3997041881084442,
1345,1345,0.5446328520774841,
1346,1346,0.563307523727417,
1347,1347,0.5252653956413269,
1348,1348,0.5339593887329102,
1349,1349,,0.6008066534996033
1349,1349,0.6008066534996033,
1350,1350,0.5647255182266235,
1351,1351,0.5357193946838379,
1352,1352,0.5520059466362,
1353,1353,0.563036322593689,
1354,1354,0.5976946949958801,
1355,1355,0.5445752143859863,
1356,1356,0.5714686512947083,
1357,1357,0.009934469126164913,
1358,1358,0.49597570300102234,
1359,1359,0.5563315153121948,
1360,1360,0.5964550375938416,
1361,1361,0.5530610680580139,
1362,1362,0.5513902306556702,
1363,1363,0.51694256067276,
1364,1364,0.40052011609077454,
1365,1365,0.5599722862243652,
1366,1366,0.6047172546386719,
1367,1367,0.5347626209259033,
1368,1368,0.3940109312534332,
1369,1369,0.5239997506141663,
1370,1370,0.49468180537223816,
1371,1371,0.5645650625228882,
1372,1372,0.5503163933753967,
1373,1373,0.47405993938446045,
1374,1374,0.5497038960456848,
1375,1375,0.5008665919303894,
1376,1376,0.5422722697257996,
1377,1377,0.556658923625946,
1378,1378,0.5238112807273865,
1379,1379,0.5564621686935425,
1380,1380,0.5402737259864807,
1381,1381,0.5740830898284912,
1382,1382,0.4834514558315277,
1383,1383,0.5641989707946777,
1384,1384,0.5412694215774536,
1385,1385,0.5585030317306519,
1386,1386,0.5580447912216187,
1387,1387,0.5242720246315002,
1388,1388,0.5806084871292114,
1389,1389,0.6317511796951294,
1390,1390,0.45648282766342163,
1391,1391,0.6822364926338196,
1392,1392,0.4318310618400574,
1393,1393,0.5036636590957642,
1394,1394,0.5200700759887695,
1395,1395,0.5071737170219421,
1396,1396,0.5492473244667053,
1397,1397,0.5483628511428833,
1398,1398,0.5481671690940857,
1399,1399,,0.535531759262085
1399,1399,0.535531759262085,
1400,1400,0.5852378010749817,
1401,1401,0.5800602436065674,
1402,1402,0.5295151472091675,
1403,1403,0.5306921005249023,
1404,1404,0.5600166320800781,
1405,1405,0.5223326683044434,
1406,1406,0.45313572883605957,
1407,1407,0.554634690284729,
1408,1408,0.5466768145561218,
1409,1409,0.5494603514671326,
1410,1410,0.5266292691230774,
1411,1411,0.5052087903022766,
1412,1412,0.533064603805542,
1413,1413,0.5640373826026917,
1414,1414,0.5404033064842224,
1415,1415,0.8601357340812683,
1416,1416,0.5390205383300781,
1417,1417,0.5057511925697327,
1418,1418,0.5351995825767517,
1419,1419,0.5571080446243286,
1420,1420,0.5674002170562744,
1421,1421,0.5211327075958252,
1422,1422,0.5181658864021301,
1423,1423,0.5548762083053589,
1424,1424,0.5451779365539551,
1425,1425,0.5298385620117188,
1426,1426,0.5131925940513611,
1427,1427,0.43024176359176636,
1428,1428,0.5415880084037781,
1429,1429,0.5472888350486755,
1430,1430,0.5704358816146851,
1431,1431,0.579707682132721,
1432,1432,0.5161166787147522,
1433,1433,0.5472211241722107,
1434,1434,0.4861440360546112,
1435,1435,0.5025596022605896,
1436,1436,0.5106807351112366,
1437,1437,0.5602244734764099,
1438,1438,0.5306676626205444,
1439,1439,0.5564537048339844,
1440,1440,0.5297742486000061,
1441,1441,0.48332300782203674,
1442,1442,0.516790509223938,
1443,1443,0.5284563899040222,
1444,1444,0.44436323642730713,
1445,1445,0.554523229598999,
1446,1446,0.5380710959434509,
1447,1447,0.5502011179924011,
1448,1448,0.5360137820243835,
1449,1449,,0.5309188961982727
1449,1449,0.5309188961982727,
1450,1450,0.5562312602996826,
1451,1451,0.5243485569953918,
1452,1452,0.5240115523338318,
1453,1453,0.49855291843414307,
1454,1454,0.5467525124549866,
1455,1455,0.5307725071907043,
1456,1456,0.5051944851875305,
1457,1457,0.5378971099853516,
1458,1458,0.5217345952987671,
1459,1459,0.5282633304595947,
1460,1460,0.5320773720741272,
1461,1461,0.5374414324760437,
1462,1462,0.5420184135437012,
1463,1463,0.5742157101631165,
1464,1464,0.5170820951461792,
1465,1465,0.546013355255127,
1466,1466,0.527288556098938,
1467,1467,0.5428624749183655,
1468,1468,0.547935962677002,
1469,1469,0.2347380518913269,
1470,1470,0.5044276714324951,
1471,1471,0.563565194606781,
1472,1472,0.5336493849754333,
1473,1473,0.5474425554275513,
1474,1474,0.5330953598022461,
1475,1475,0.5388534665107727,
1476,1476,0.006602248176932335,
1477,1477,0.5188367962837219,
1478,1478,0.5341945290565491,
1479,1479,0.550030529499054,
1480,1480,0.502470076084137,
1481,1481,0.5543327331542969,
1482,1482,0.5510736107826233,
1483,1483,0.5734253525733948,
1484,1484,0.54517662525177,
1485,1485,0.49527305364608765,
1486,1486,0.534313976764679,
1487,1487,0.5373616218566895,
1488,1488,0.5493223667144775,
1489,1489,0.5273595452308655,
1490,1490,0.5326765179634094,
1491,1491,0.533901035785675,
1492,1492,0.4990207254886627,
1493,1493,0.534462034702301,
1494,1494,0.5362234115600586,
1495,1495,0.5512412786483765,
1496,1496,0.5553297400474548,
1497,1497,0.5284965634346008,
1498,1498,0.575027585029602,
1499,1499,,0.5160728096961975
1499,1499,0.5160728096961975,
1500,1500,0.5702009201049805,
1501,1501,0.5324879288673401,
1502,1502,0.5264638066291809,
1503,1503,0.5402512550354004,
1504,1504,0.538955807685852,
1505,1505,0.5195376873016357,
1506,1506,0.5307930707931519,
1507,1507,0.5461639761924744,
1508,1508,0.5372686982154846,
1509,1509,0.4898545444011688,
1510,1510,0.5318177342414856,
1511,1511,0.5296680927276611,
1512,1512,0.514007568359375,
1513,1513,0.5452412366867065,
1514,1514,0.5318560600280762,
1515,1515,0.5230215191841125,
1516,1516,0.49685347080230713,
1517,1517,0.6119630932807922,
1518,1518,0.5328955054283142,
1519,1519,0.5231590270996094,
1520,1520,0.5385859608650208,
1521,1521,0.5399953126907349,
1522,1522,0.5505760312080383,
1523,1523,0.49062085151672363,
1524,1524,0.5910784006118774,
1525,1525,0.5417046546936035,
1526,1526,0.5070213675498962,
1527,1527,0.5240158438682556,
1528,1528,0.538129448890686,
1529,1529,0.5171682238578796,
1530,1530,0.5318317413330078,
1531,1531,0.7754893898963928,
1532,1532,0.5053423643112183,
1533,1533,0.5462805032730103,
1534,1534,0.5370852947235107,
1535,1535,0.5218166708946228,
1536,1536,0.554448127746582,
1537,1537,0.5637527704238892,
1538,1538,0.7028174996376038,
1539,1539,0.44395381212234497,
1540,1540,0.5314851403236389,
1541,1541,0.4989069104194641,
1542,1542,0.5307609438896179,
1543,1543,0.5356128811836243,
1544,1544,0.5304676294326782,
1545,1545,0.4092038869857788,
1546,1546,0.5348997712135315,
1547,1547,0.528141975402832,
1548,1548,0.44475212693214417,
1549,1549,,0.5627869963645935
1549,1549,0.5627869963645935,
1550,1550,0.5366873741149902,
1551,1551,0.5599511861801147,
1552,1552,0.5340290665626526,
1553,1553,0.5177921056747437,
1554,1554,0.5183185338973999,
1555,1555,0.514541506767273,
1556,1556,0.5399519205093384,
1557,1557,0.5250593423843384,
1558,1558,0.5547991394996643,
1559,1559,0.5318863987922668,
1560,1560,0.5427323579788208,
1561,1561,0.5427676439285278,
1562,1562,0.549614429473877,
1563,1563,0.5199531316757202,
1564,1564,0.4724556505680084,
1565,1565,0.5475683212280273,
1566,1566,0.5267109870910645,
1567,1567,0.44352859258651733,
1568,1568,0.5462612509727478,
1569,1569,0.5077360272407532,
1570,1570,0.5348865389823914,
1571,1571,0.5407171249389648,
1572,1572,0.5486763119697571,
1573,1573,0.29653680324554443,
1574,1574,0.014042722061276436,
1575,1575,0.5667654871940613,
1576,1576,0.5312185883522034,
1577,1577,0.6528237462043762,
1578,1578,0.49688294529914856,
1579,1579,0.5841451287269592,
1580,1580,0.5423875451087952,
1581,1581,0.5355352163314819,
1582,1582,0.5184873342514038,
1583,1583,0.4997047185897827,
1584,1584,0.6387611031532288,
1585,1585,0.5469830632209778,
1586,1586,0.5346314311027527,
1587,1587,0.5549479126930237,
1588,1588,0.5255966186523438,
1589,1589,0.5608885288238525,
1590,1590,0.5253536105155945,
1591,1591,0.5357366800308228,
1592,1592,0.5660674571990967,
1593,1593,0.5100752115249634,
1594,1594,0.5206688642501831,
1595,1595,0.5719176530838013,
1596,1596,0.5375266075134277,
1597,1597,0.5306646823883057,
1598,1598,0.5290752053260803,
1599,1599,,0.49010974168777466
1599,1599,0.49010974168777466,
1600,1600,0.5292420983314514,
1601,1601,0.5368655920028687,
1602,1602,0.5268262624740601,
1603,1603,0.529620349407196,
1604,1604,0.5251852869987488,
1605,1605,0.5217736959457397,
1606,1606,0.5988035202026367,
1607,1607,0.5135231614112854,
1608,1608,0.5196042060852051,
1609,1609,0.5125290155410767,
1610,1610,0.5289323925971985,
1611,1611,0.5110777616500854,
1612,1612,0.5099191665649414,
1613,1613,0.5223821401596069,
1614,1614,0.5183217525482178,
1615,1615,0.528440535068512,
1616,1616,0.5342926979064941,
1617,1617,0.5216079950332642,
1618,1618,0.5323459506034851,
1619,1619,0.6003013253211975,
1620,1620,0.5012297034263611,
1621,1621,0.5175638794898987,
1622,1622,0.5220252871513367,
1623,1623,0.6263142824172974,
1624,1624,0.5361987352371216,
1625,1625,0.47456780076026917,
1626,1626,0.4795416593551636,
1627,1627,0.5440882444381714,
1628,1628,0.5406235456466675,
1629,1629,0.5226308703422546,
1630,1630,0.5269985198974609,
1631,1631,0.5271806120872498,
1632,1632,0.5406821966171265,
1633,1633,0.551402747631073,
1634,1634,0.513419508934021,
1635,1635,0.5138397216796875,
1636,1636,0.5523936748504639,
1637,1637,0.5381447076797485,
1638,1638,0.5318849086761475,
1639,1639,0.5066346526145935,
1640,1640,0.4569808840751648,
1641,1641,0.4809613525867462,
1642,1642,0.560691237449646,
1643,1643,0.5529957413673401,
1644,1644,0.542971134185791,
1645,1645,0.524747908115387,
1646,1646,0.5400165319442749,
1647,1647,0.5582489371299744,
1648,1648,0.5246577858924866,
1649,1649,,0.5176793336868286
1649,1649,0.5176793336868286,
1650,1650,0.5712225437164307,
1651,1651,0.5365682244300842,
1652,1652,0.505409836769104,
1653,1653,0.5238081812858582,
1654,1654,0.5262899398803711,
1655,1655,0.5344377160072327,
1656,1656,0.6009888052940369,
1657,1657,0.5067770481109619,
1658,1658,0.4649806022644043,
1659,1659,0.5346267819404602,
1660,1660,0.49684494733810425,
1661,1661,0.5298559665679932,
1662,1662,0.5101361274719238,
1663,1663,0.537136971950531,
1664,1664,0.5218418836593628,
1665,1665,0.5243425369262695,
1666,1666,0.5281850695610046,
1667,1667,0.5499488711357117,
1668,1668,0.4956020414829254,
1669,1669,0.5267471075057983,
1670,1670,0.5009697675704956,
1671,1671,0.5442298650741577,
1672,1672,0.5294630527496338,
1673,1673,0.5219992995262146,
1674,1674,0.515639066696167,
1675,1675,0.6408550143241882,
1676,1676,0.5901440978050232,
1677,1677,0.530734658241272,
1678,1678,0.5211254358291626,
1679,1679,0.5310546159744263,
1680,1680,0.5299115777015686,
1681,1681,0.4960266053676605,
1682,1682,0.5213015079498291,
1683,1683,0.5707257390022278,
1684,1684,0.5396174788475037,
1685,1685,0.5191590785980225,
1686,1686,0.5405628085136414,
1687,1687,0.5314226746559143,
1688,1688,0.5039380192756653,
1689,1689,0.5266907215118408,
1690,1690,0.49626651406288147,
1691,1691,0.602342963218689,
1692,1692,0.5031373500823975,
1693,1693,0.510043740272522,
1694,1694,0.5160192251205444,
1695,1695,0.46537646651268005,
1696,1696,0.5164648294448853,
1697,1697,0.5133234858512878,
1698,1698,0.5172975659370422,
1699,1699,,0.5242722034454346
1699,1699,0.5242722034454346,
1700,1700,0.5132598280906677,
1701,1701,0.5506680011749268,
1702,1702,0.5446836948394775,
1703,1703,0.5248475670814514,
1704,1704,0.5244247317314148,
1705,1705,0.5163558721542358,
1706,1706,0.5297446846961975,
1707,1707,0.5079149007797241,
1708,1708,0.5496548414230347,
1709,1709,0.5626393556594849,
1710,1710,0.5835512280464172,
1711,1711,0.5058233737945557,
1712,1712,0.5196727514266968,
1713,1713,0.4942997694015503,
1714,1714,0.5740523934364319,
1715,1715,0.5330954790115356,
1716,1716,0.558811604976654,
1717,1717,0.5234501957893372,
1718,1718,0.530944287776947,
1719,1719,0.4676555395126343,
1720,1720,0.5216143131256104,
1721,1721,0.534591555595398,
1722,1722,0.5213770270347595,
1723,1723,0.5263402462005615,
1724,1724,0.5195906758308411,
1725,1725,0.5306097865104675,
1726,1726,0.5360984206199646,
1727,1727,0.5192754864692688,
1728,1728,0.5247052311897278,
1729,1729,0.5043704509735107,
1730,1730,0.5712170600891113,
1731,1731,0.4879668951034546,
1732,1732,0.4698927402496338,
1733,1733,0.580346405506134,
1734,1734,0.5288652181625366,
1735,1735,0.5135439038276672,
1736,1736,0.515015184879303,
1737,1737,0.5263761281967163,
1738,1738,0.537693202495575,
1739,1739,0.5216870903968811,
1740,1740,0.5136992931365967,
1741,1741,0.5132003426551819,
1742,1742,0.5307515859603882,
1743,1743,0.5171984434127808,
1744,1744,0.49643129110336304,
1745,1745,0.5228643417358398,
1746,1746,0.5221645832061768,
1747,1747,0.490890234708786,
1748,1748,0.48852333426475525,
1749,1749,,0.5279401540756226
1749,1749,0.5279401540756226,
1750,1750,0.5232641696929932,
1751,1751,0.5052182078361511,
1752,1752,0.4863744080066681,
1753,1753,0.5515463352203369,
1754,1754,0.5056111812591553,
1755,1755,0.43037721514701843,
1756,1756,0.5177633762359619,
1757,1757,0.557087779045105,
1758,1758,0.5906606912612915,
1759,1759,0.5822604298591614,
1760,1760,0.5810113549232483,
1761,1761,0.5512882471084595,
1762,1762,0.5641216039657593,
1763,1763,0.5202685594558716,
1764,1764,0.5506699085235596,
1765,1765,0.5563551783561707,
1766,1766,0.5349699258804321,
1767,1767,0.5401903986930847,
1768,1768,0.4417954087257385,
1769,1769,0.5123620629310608,
1770,1770,0.5482944250106812,
1771,1771,0.5817087292671204,
1772,1772,0.5399188995361328,
1773,1773,0.5298527479171753,
1774,1774,0.5131456255912781,
1775,1775,0.5487589836120605,
1776,1776,0.48905810713768005,
1777,1777,0.4784523844718933,
1778,1778,0.548397958278656,
1779,1779,0.5280637145042419,
1780,1780,0.5246937274932861,
1781,1781,0.528340220451355,
1782,1782,0.49539491534233093,
1783,1783,0.45195090770721436,
1784,1784,0.5121461153030396,
1785,1785,0.5099252462387085,
1786,1786,0.5233774185180664,
1787,1787,0.5066100358963013,
1788,1788,0.5234529376029968,
1789,1789,0.4674800634384155,
1790,1790,0.5404098033905029,
1791,1791,0.4877682328224182,
1792,1792,0.4978145360946655,
1793,1793,0.5340303778648376,
1794,1794,0.5363922715187073,
1795,1795,0.5384060740470886,
1796,1796,0.4505179524421692,
1797,1797,0.5159059762954712,
1798,1798,0.5229458808898926,
1799,1799,,0.5327740907669067
1799,1799,0.5327740907669067,
1800,1800,0.4678488075733185,
1801,1801,0.4931524991989136,
1802,1802,0.5083392262458801,
1803,1803,0.5227117538452148,
1804,1804,0.5208696722984314,
1805,1805,0.5078585743904114,
1806,1806,0.5236482620239258,
1807,1807,0.5293279886245728,
1808,1808,0.5186601281166077,
1809,1809,0.5261944532394409,
1810,1810,0.5119279623031616,
1811,1811,0.4986013174057007,
1812,1812,0.4525049328804016,
1813,1813,0.5191504955291748,
1814,1814,0.5220399498939514,
1815,1815,0.5328604578971863,
1816,1816,0.5655568838119507,
1817,1817,0.5247607231140137,
1818,1818,0.5785846710205078,
1819,1819,0.4192810654640198,
1820,1820,0.5082919597625732,
1821,1821,0.5170876383781433,
1822,1822,0.5214002728462219,
1823,1823,0.5661181211471558,
1824,1824,0.5246706604957581,
1825,1825,0.5227353572845459,
1826,1826,0.5042949318885803,
1827,1827,0.5367045998573303,
1828,1828,0.5075974464416504,
1829,1829,0.5164530873298645,
1830,1830,0.503412127494812,
1831,1831,0.5048103332519531,
1832,1832,0.5585638284683228,
1833,1833,0.5239494442939758,
1834,1834,0.5520422458648682,
1835,1835,0.5228841304779053,
1836,1836,0.5233384370803833,
1837,1837,0.5135916471481323,
1838,1838,0.7892225980758667,
1839,1839,0.5215226411819458,
1840,1840,0.49696260690689087,
1841,1841,0.5389711856842041,
1842,1842,0.5359713435173035,
1843,1843,0.5429462790489197,
1844,1844,0.5241848826408386,
1845,1845,0.443867564201355,
1846,1846,0.5198256969451904,
1847,1847,0.5399730801582336,
1848,1848,0.5213833451271057,
1849,1849,,0.4756789207458496
1849,1849,0.4756789207458496,
1850,1850,0.4977944791316986,
1851,1851,0.556793749332428,
1852,1852,0.47749564051628113,
1853,1853,0.5124423503875732,
1854,1854,0.5059729814529419,
1855,1855,0.5057125687599182,
1856,1856,0.500080406665802,
1857,1857,0.5191376805305481,
1858,1858,0.5113181471824646,
1859,1859,0.5238461494445801,
1860,1860,0.5293678045272827,
1861,1861,0.5627361536026001,
1862,1862,0.5438567399978638,
1863,1863,0.6088200807571411,
1864,1864,0.518754780292511,
1865,1865,0.5163702964782715,
1866,1866,0.5187406539916992,
1867,1867,0.523652195930481,
1868,1868,0.5142979025840759,
1869,1869,0.5058695673942566,
1870,1870,0.5254826545715332,
1871,1871,0.519160270690918,
1872,1872,0.5174750089645386,
1873,1873,0.5176959037780762,
1874,1874,0.5121445059776306,
1875,1875,0.5114158391952515,
1876,1876,0.5279264450073242,
1877,1877,0.48292940855026245,
1878,1878,0.508058488368988,
1879,1879,0.4959845542907715,
1880,1880,0.44660699367523193,
1881,1881,0.4092288315296173,
1882,1882,0.49787965416908264,
1883,1883,0.3959317207336426,
1884,1884,0.4898066818714142,
1885,1885,0.5359971523284912,
1886,1886,0.5668862462043762,
1887,1887,0.44733861088752747,
1888,1888,0.5499206781387329,
1889,1889,0.4414401352405548,
1890,1890,0.5419198870658875,
1891,1891,0.5109736323356628,
1892,1892,0.5123656392097473,
1893,1893,0.51716148853302,
1894,1894,0.5161713361740112,
1895,1895,0.48829108476638794,
1896,1896,0.5049427151679993,
1897,1897,0.5208555459976196,
1898,1898,0.5110287666320801,
1899,1899,,0.5160561203956604
1899,1899,0.5160561203956604,
1900,1900,0.5196207165718079,
1901,1901,0.4903273284435272,
1902,1902,0.526930034160614,
1903,1903,0.5221298336982727,
1904,1904,0.516856849193573,
1905,1905,0.5170701146125793,
1906,1906,0.5079675912857056,
1907,1907,0.5051180720329285,
1908,1908,0.49696677923202515,
1909,1909,0.525403618812561,
1910,1910,0.4761868417263031,
1911,1911,0.5115922689437866,
1912,1912,0.5223116278648376,
1913,1913,0.4632125496864319,
1914,1914,0.47041821479797363,
1915,1915,0.5528913140296936,
1916,1916,0.5077240467071533,
1917,1917,0.5212275385856628,
1918,1918,0.5249454379081726,
1919,1919,0.5199417471885681,
1920,1920,0.5837373733520508,
1921,1921,0.5084598660469055,
1922,1922,0.505642831325531,
1923,1923,0.4926396608352661,
1924,1924,0.5077874660491943,
1925,1925,0.6006745100021362,
1926,1926,0.47487297654151917,
1927,1927,0.47266072034835815,
1928,1928,0.5222176313400269,
1929,1929,0.5118832588195801,
1930,1930,0.5553482174873352,
1931,1931,0.5329312086105347,
1932,1932,0.521411657333374,
1933,1933,0.48776307702064514,
1934,1934,0.5114327669143677,
1935,1935,0.5239369869232178,
1936,1936,0.5250189304351807,
1937,1937,0.5132647156715393,
1938,1938,0.475141316652298,
1939,1939,0.4940703213214874,
1940,1940,0.6315657496452332,
1941,1941,0.5403432250022888,
1942,1942,0.49712395668029785,
1943,1943,0.5179818272590637,
1944,1944,0.4979613125324249,
1945,1945,0.5028882026672363,
1946,1946,0.5146384239196777,
1947,1947,0.5125433802604675,
1948,1948,0.5277686715126038,
1949,1949,,0.7277542948722839
1949,1949,0.7277542948722839,
1950,1950,0.501920759677887,
1951,1951,0.5099688172340393,
1952,1952,0.5100870728492737,
1953,1953,0.38585230708122253,
1954,1954,0.5304914116859436,
1955,1955,0.5042890310287476,
1956,1956,0.5079441070556641,
1957,1957,0.5153566002845764,
1958,1958,0.5314875245094299,
1959,1959,0.5124238729476929,
1960,1960,0.4220676124095917,
1961,1961,0.5065903067588806,
1962,1962,0.46695584058761597,
1963,1963,0.5033250451087952,
1964,1964,0.5477628111839294,
1965,1965,0.5057921409606934,
1966,1966,0.49617478251457214,
1967,1967,0.5131729245185852,
1968,1968,0.5133508443832397,
1969,1969,0.5259690880775452,
1970,1970,0.5067068338394165,
1971,1971,0.5274918079376221,
1972,1972,0.47389066219329834,
1973,1973,0.5086228847503662,
1974,1974,0.0018579571042209864,
1975,1975,0.46376141905784607,
1976,1976,0.3426222503185272,
1977,1977,0.5090427994728088,
1978,1978,0.45977917313575745,
1979,1979,0.5113903284072876,
1980,1980,0.4984292685985565,
1981,1981,0.5115939378738403,
1982,1982,0.5219128727912903,
1983,1983,0.5074058175086975,
1984,1984,0.47240668535232544,
1985,1985,0.5116350650787354,
1986,1986,0.528660237789154,
1987,1987,0.5179144740104675,
1988,1988,0.5211964249610901,
1989,1989,0.4999854266643524,
1990,1990,0.5320988893508911,
1991,1991,0.4884549677371979,
1992,1992,0.447406142950058,
1993,1993,0.531047523021698,
1994,1994,0.5123270153999329,
1995,1995,0.46841344237327576,
1996,1996,0.5265681743621826,
1997,1997,0.5058145523071289,
1998,1998,0.5306868553161621,
1999,1999,,0.5150235891342163
1999,1999,0.5150235891342163,
2000,2000,0.42615798115730286,
2001,2001,0.5077892541885376,
2002,2002,0.5227673053741455,
2003,2003,0.5075252652168274,
2004,2004,0.5101180672645569,
2005,2005,0.5223839282989502,
2006,2006,0.5071969032287598,
2007,2007,0.4956809878349304,
2008,2008,0.4962385892868042,
2009,2009,0.79294753074646,
2010,2010,0.5379279851913452,
2011,2011,0.49433258175849915,
2012,2012,0.6049022078514099,
2013,2013,0.4683554470539093,
2014,2014,0.5100375413894653,
2015,2015,0.5547520518302917,
2016,2016,0.5019975900650024,
2017,2017,0.40433505177497864,
2018,2018,0.5399085879325867,
2019,2019,0.49414610862731934,
2020,2020,0.502208948135376,
2021,2021,0.5460427403450012,
2022,2022,0.5038663744926453,
2023,2023,0.513324499130249,
2024,2024,0.48992636799812317,
2025,2025,0.4864923357963562,
2026,2026,0.5747736096382141,
2027,2027,0.4785255789756775,
2028,2028,0.5404090285301208,
2029,2029,0.5171225666999817,
2030,2030,0.5211485624313354,
2031,2031,0.5144879817962646,
2032,2032,0.49758949875831604,
2033,2033,0.49786654114723206,
2034,2034,0.5185104012489319,
2035,2035,0.5717304348945618,
2036,2036,0.5002157092094421,
2037,2037,0.5155171751976013,
2038,2038,0.4687512516975403,
2039,2039,0.5417965650558472,
2040,2040,0.4446036219596863,
2041,2041,0.46095630526542664,
2042,2042,0.5078531503677368,
2043,2043,0.5259119272232056,
2044,2044,0.5139213800430298,
2045,2045,0.5129637122154236,
2046,2046,0.4673827588558197,
2047,2047,0.5069113969802856,
2048,2048,0.501406192779541,
2049,2049,,0.5001592040061951
2049,2049,0.5001592040061951,
2050,2050,0.5122144818305969,
2051,2051,0.4221406877040863,
2052,2052,0.5271741151809692,
2053,2053,0.5107851028442383,
2054,2054,0.55486661195755,
2055,2055,0.4910247325897217,
2056,2056,0.5231278538703918,
2057,2057,0.4858795404434204,
2058,2058,0.5326619744300842,
2059,2059,0.4993179142475128,
2060,2060,0.4765932857990265,
2061,2061,0.5016261339187622,
2062,2062,0.5098140835762024,
2063,2063,0.5164554715156555,
2064,2064,0.5534679293632507,
2065,2065,0.48945382237434387,
2066,2066,0.5089244246482849,
2067,2067,0.4873735308647156,
2068,2068,0.49325570464134216,
2069,2069,0.5153884887695312,
2070,2070,0.3702331781387329,
2071,2071,0.49410340189933777,
2072,2072,0.49911198019981384,
2073,2073,0.47681543231010437,
2074,2074,0.5206642746925354,
2075,2075,0.43845513463020325,
2076,2076,0.5031044483184814,
2077,2077,0.5029047727584839,
2078,2078,0.5039754509925842,
2079,2079,0.559113621711731,
2080,2080,0.4824317991733551,
2081,2081,0.496009886264801,
2082,2082,0.5029967427253723,
2083,2083,0.46081027388572693,
2084,2084,0.5217721462249756,
2085,2085,0.49716871976852417,
2086,2086,0.5030681490898132,
2087,2087,0.5405324101448059,
2088,2088,0.5008979439735413,
2089,2089,0.5057674646377563,
2090,2090,0.5178405046463013,
2091,2091,0.5146202445030212,
2092,2092,0.47292178869247437,
2093,2093,0.40072721242904663,
2094,2094,0.49443167448043823,
2095,2095,0.5047021508216858,
2096,2096,0.5171940922737122,
2097,2097,0.4908357858657837,
2098,2098,0.49645498394966125,
2099,2099,,0.5105663537979126
2099,2099,0.5105663537979126,
2100,2100,0.45056405663490295,
2101,2101,0.48534199595451355,
2102,2102,0.5271021127700806,
2103,2103,0.5288453698158264,
2104,2104,0.49965378642082214,
2105,2105,0.49346092343330383,
2106,2106,0.4937361776828766,
2107,2107,0.5133984684944153,
2108,2108,0.5245519280433655,
2109,2109,0.49682602286338806,
2110,2110,0.5103996992111206,
2111,2111,0.5402087569236755,
2112,2112,0.49989962577819824,
2113,2113,0.5339041948318481,
2114,2114,0.48498669266700745,
2115,2115,0.5296322107315063,
2116,2116,0.5406224727630615,
2117,2117,0.502948522567749,
2118,2118,0.4987969696521759,
2119,2119,0.4755306839942932,
2120,2120,0.5011037588119507,
2121,2121,0.4772622883319855,
2122,2122,0.5425280332565308,
2123,2123,0.5108516812324524,
2124,2124,0.5041554570198059,
2125,2125,0.42376041412353516,
2126,2126,0.4858297109603882,
2127,2127,0.49562034010887146,
2128,2128,0.4781183898448944,
2129,2129,0.4038751423358917,
2130,2130,0.5063112378120422,
2131,2131,0.5246394872665405,
2132,2132,0.5336110591888428,
2133,2133,0.5055426955223083,
2134,2134,0.5143529176712036,
2135,2135,0.28812626004219055,
2136,2136,0.4001714885234833,
2137,2137,0.4945746958255768,
2138,2138,0.49378272891044617,
2139,2139,0.5022231340408325,
2140,2140,0.45974522829055786,
2141,2141,0.49521616101264954,
2142,2142,0.4754481613636017,
2143,2143,0.5040318965911865,
2144,2144,0.5137397050857544,
2145,2145,0.4189510643482208,
2146,2146,0.4931199252605438,
2147,2147,0.5034411549568176,
2148,2148,0.4761880040168762,
2149,2149,,0.5071601271629333
2149,2149,0.5071601271629333,
2150,2150,0.4772374927997589,
2151,2151,0.5540729761123657,
2152,2152,0.5028295516967773,
2153,2153,0.4712340831756592,
2154,2154,0.49425584077835083,
2155,2155,0.5672217607498169,
2156,2156,0.4638219177722931,
2157,2157,0.515018105506897,
2158,2158,0.4925382435321808,
2159,2159,0.5062147974967957,
2160,2160,0.5091775059700012,
2161,2161,0.5050514340400696,
2162,2162,0.45863425731658936,
2163,2163,0.5191574692726135,
2164,2164,0.5043027997016907,
2165,2165,0.5093480944633484,
2166,2166,0.5069603323936462,
2167,2167,0.5133956670761108,
2168,2168,0.5178005695343018,
2169,2169,0.4848880469799042,
2170,2170,0.4682404398918152,
2171,2171,0.4990522861480713,
2172,2172,0.5161526203155518,
2173,2173,0.5156828761100769,
2174,2174,0.5276386141777039,
2175,2175,0.5104231238365173,
2176,2176,0.5869616866111755,
2177,2177,0.447314590215683,
2178,2178,0.5239506363868713,
2179,2179,0.4735810160636902,
2180,2180,0.502217710018158,
2181,2181,0.5035850405693054,
2182,2182,0.6426370143890381,
2183,2183,0.4906615912914276,
2184,2184,0.5040022134780884,
2185,2185,0.405666321516037,
2186,2186,0.5130801200866699,
2187,2187,0.5611934065818787,
2188,2188,0.5001601576805115,
2189,2189,0.501687228679657,
2190,2190,0.519393265247345,
2191,2191,0.498871773481369,
2192,2192,0.6062384247779846,
2193,2193,0.3900880217552185,
2194,2194,0.5220962762832642,
2195,2195,0.5070474743843079,
2196,2196,0.49879202246665955,
2197,2197,0.4469941556453705,
2198,2198,0.47125232219696045,
2199,2199,,0.4998168647289276
2199,2199,0.4998168647289276,
2200,2200,0.5020914077758789,
2201,2201,0.5144050121307373,
2202,2202,0.5019732713699341,
2203,2203,0.5197591185569763,
2204,2204,0.492268830537796,
2205,2205,0.48413175344467163,
2206,2206,0.4607953429222107,
2207,2207,0.5075116753578186,
2208,2208,0.49352458119392395,
2209,2209,0.4918946623802185,
2210,2210,0.5091509819030762,
2211,2211,0.5001744031906128,
2212,2212,0.510730504989624,
2213,2213,0.3917246162891388,
2214,2214,0.4913715720176697,
2215,2215,0.5012765526771545,
2216,2216,0.5047821998596191,
2217,2217,0.6059191226959229,
2218,2218,0.4886494278907776,
2219,2219,0.49066248536109924,
2220,2220,0.49264252185821533,
2221,2221,0.5044896006584167,
2222,2222,0.45652228593826294,
2223,2223,0.5041411519050598,
2224,2224,0.49718037247657776,
2225,2225,0.5089576840400696,
2226,2226,0.49370208382606506,
2227,2227,0.5330121517181396,
2228,2228,0.4513205885887146,
2229,2229,0.5198773741722107,
2230,2230,0.574774444103241,
2231,2231,0.5161824226379395,
2232,2232,0.5079976320266724,
2233,2233,0.5101693272590637,
2234,2234,0.5230051875114441,
2235,2235,0.5910386443138123,
2236,2236,0.5173736810684204,
2237,2237,0.5111979842185974,
2238,2238,0.4856376349925995,
2239,2239,0.5114210844039917,
2240,2240,0.5390661954879761,
2241,2241,0.5554555058479309,
2242,2242,0.5122036933898926,
2243,2243,0.5122905373573303,
2244,2244,0.5045548677444458,
2245,2245,0.6432459950447083,
2246,2246,0.6370750665664673,
2247,2247,0.5007947087287903,
2248,2248,0.5183603167533875,
2249,2249,,0.5056941509246826
2249,2249,0.5056941509246826,
2250,2250,0.49461841583251953,
2251,2251,0.5151916742324829,
2252,2252,0.5028828382492065,
2253,2253,0.4945729076862335,
2254,2254,0.4995572566986084,
2255,2255,0.45898866653442383,
2256,2256,0.5053807497024536,
2257,2257,0.5004147291183472,
2258,2258,0.5071734189987183,
2259,2259,0.5104950070381165,
2260,2260,0.5425211191177368,
2261,2261,0.4797830879688263,
2262,2262,0.49642980098724365,
2263,2263,0.5041456818580627,
2264,2264,0.535122811794281,
2265,2265,0.51423579454422,
2266,2266,0.5426842570304871,
2267,2267,0.514207661151886,
2268,2268,0.5128716230392456,
2269,2269,0.499898225069046,
2270,2270,0.5467396378517151,
2271,2271,0.4992162883281708,
2272,2272,0.5826164484024048,
2273,2273,0.49469080567359924,
2274,2274,0.4849126636981964,
2275,2275,0.5059661269187927,
2276,2276,0.48828473687171936,
2277,2277,0.5205481648445129,
2278,2278,0.5012273192405701,
2279,2279,0.5255594253540039,
2280,2280,0.4848093092441559,
2281,2281,0.49622276425361633,
2282,2282,0.4980960786342621,
2283,2283,0.4993663430213928,
2284,2284,0.5050191879272461,
2285,2285,0.48268815875053406,
2286,2286,0.48978519439697266,
2287,2287,0.5116872191429138,
2288,2288,0.4895876944065094,
2289,2289,0.5057107210159302,
2290,2290,0.502037763595581,
2291,2291,0.49769219756126404,
2292,2292,0.5047168135643005,
2293,2293,0.5264626741409302,
2294,2294,0.49427103996276855,
2295,2295,0.5315831899642944,
2296,2296,0.4937278628349304,
2297,2297,0.49934324622154236,
2298,2298,0.510273814201355,
2299,2299,,0.5083616375923157
2299,2299,0.5083616375923157,
2300,2300,0.5005793571472168,
2301,2301,0.5018996596336365,
2302,2302,0.4956783056259155,
2303,2303,0.46738648414611816,
2304,2304,0.4894111454486847,
2305,2305,0.40486904978752136,
2306,2306,0.5099775195121765,
2307,2307,0.48984023928642273,
2308,2308,0.5065265893936157,
2309,2309,0.506525993347168,
2310,2310,0.49607521295547485,
2311,2311,0.5688580274581909,
2312,2312,0.4976154565811157,
2313,2313,0.4731076955795288,
2314,2314,0.4944866895675659,
2315,2315,0.5104348659515381,
2316,2316,0.4849146008491516,
2317,2317,0.4978634715080261,
2318,2318,0.45427051186561584,
2319,2319,0.4900831878185272,
2320,2320,0.4841788411140442,
2321,2321,0.5010380148887634,
2322,2322,0.4819055199623108,
2323,2323,0.49491941928863525,
2324,2324,0.47297435998916626,
2325,2325,0.49164238572120667,
2326,2326,0.4957123398780823,
2327,2327,0.521796464920044,
2328,2328,0.5093429088592529,
2329,2329,0.522936999797821,
2330,2330,0.5024449825286865,
2331,2331,0.43875426054000854,
2332,2332,0.5140633583068848,
2333,2333,0.49235907196998596,
2334,2334,0.315208375453949,
2335,2335,0.0014144399901852012,
2336,2336,0.5145658850669861,
2337,2337,0.4961417615413666,
2338,2338,0.49844181537628174,
2339,2339,0.5325513482093811,
2340,2340,0.49230217933654785,
2341,2341,0.4896034598350525,
2342,2342,0.6359826922416687,
2343,2343,0.5175940990447998,
2344,2344,0.5254225134849548,
2345,2345,0.4775764048099518,
2346,2346,0.48201483488082886,
2347,2347,0.4765005111694336,
2348,2348,0.5189624428749084,
2349,2349,,0.4723879396915436
2349,2349,0.4723879396915436,
2350,2350,0.4886709749698639,
2351,2351,0.42925089597702026,
2352,2352,0.504960298538208,
2353,2353,0.4143001139163971,
2354,2354,0.5125912427902222,
2355,2355,0.48252955079078674,
2356,2356,0.4678336977958679,
2357,2357,0.492469847202301,
2358,2358,0.48124960064888,
2359,2359,0.4875149726867676,
2360,2360,0.6314735412597656,
2361,2361,0.495046466588974,
2362,2362,0.5153092741966248,
2363,2363,0.49782034754753113,
2364,2364,0.4579598903656006,
2365,2365,0.47090134024620056,
2366,2366,0.4792516529560089,
2367,2367,0.39163291454315186,
2368,2368,0.5093886256217957,
2369,2369,0.4948003590106964,
2370,2370,0.48342499136924744,
2371,2371,0.49472373723983765,
2372,2372,0.46884357929229736,
2373,2373,0.455951064825058,
2374,2374,0.4973483681678772,
2375,2375,0.5283432006835938,
2376,2376,0.3011919856071472,
2377,2377,0.5160582661628723,
2378,2378,0.5015169382095337,
2379,2379,0.4940190017223358,
2380,2380,0.6267980933189392,
2381,2381,0.4894007444381714,
2382,2382,0.5065985918045044,
2383,2383,0.407185822725296,
2384,2384,0.5086373090744019,
2385,2385,0.5037038326263428,
2386,2386,0.49149391055107117,
2387,2387,0.5050411820411682,
2388,2388,0.5067945718765259,
2389,2389,0.46892550587654114,
2390,2390,0.5246657133102417,
2391,2391,0.5308430790901184,
2392,2392,0.5012626051902771,
2393,2393,0.0015418237308040261,
2394,2394,0.5024629831314087,
2395,2395,0.49596279859542847,
2396,2396,0.45930588245391846,
2397,2397,0.5117413997650146,
2398,2398,0.3996281623840332,
2399,2399,,0.4960588216781616
2399,2399,0.4960588216781616,
2400,2400,0.49776118993759155,
2401,2401,0.48517751693725586,
2402,2402,0.4892234802246094,
2403,2403,0.48860856890678406,
2404,2404,0.49752694368362427,
2405,2405,0.503290593624115,
2406,2406,0.5186958909034729,
2407,2407,0.49388107657432556,
2408,2408,0.5104941725730896,
2409,2409,0.4978482723236084,
2410,2410,0.5042919516563416,
2411,2411,0.477241575717926,
2412,2412,0.5457014441490173,
2413,2413,0.4786897301673889,
2414,2414,0.47477927803993225,
2415,2415,0.5242149233818054,
2416,2416,0.46167463064193726,
2417,2417,0.529475748538971,
2418,2418,0.5178353190422058,
2419,2419,0.48727521300315857,
2420,2420,0.45613956451416016,
2421,2421,0.48954787850379944,
2422,2422,0.4819734990596771,
2423,2423,0.5263506174087524,
2424,2424,0.5059435963630676,
2425,2425,0.5130635499954224,
2426,2426,0.4972890317440033,
2427,2427,0.5139673352241516,
2428,2428,0.49602600932121277,
2429,2429,0.42803072929382324,
2430,2430,0.5378480553627014,
2431,2431,0.498822420835495,
2432,2432,0.4846170246601105,
2433,2433,0.4851730167865753,
2434,2434,0.470459520816803,
2435,2435,0.457108736038208,
2436,2436,0.5122433304786682,
2437,2437,0.5162895917892456,
2438,2438,0.5012259483337402,
2439,2439,0.4971543550491333,
2440,2440,0.5452226996421814,
2441,2441,0.49154168367385864,
2442,2442,0.5010656714439392,
2443,2443,0.3888218402862549,
2444,2444,0.5131974220275879,
2445,2445,0.5273231863975525,
2446,2446,0.5322391390800476,
2447,2447,0.49079379439353943,
2448,2448,0.5220060348510742,
2449,2449,,0.5137775540351868
2449,2449,0.5137775540351868,
2450,2450,0.4793824255466461,
2451,2451,0.5735741257667542,
2452,2452,0.4796350598335266,
2453,2453,0.4926111698150635,
2454,2454,0.5191562175750732,
2455,2455,0.5032868981361389,
2456,2456,0.48255279660224915,
2457,2457,0.5175593495368958,
2458,2458,0.4951716959476471,
2459,2459,0.4778364896774292,
2460,2460,0.4985971450805664,
2461,2461,0.4879779517650604,
2462,2462,0.47945505380630493,
2463,2463,0.5183060765266418,
2464,2464,0.5161051750183105,
2465,2465,0.5034211874008179,
2466,2466,0.47005343437194824,
2467,2467,0.4756057560443878,
2468,2468,0.5594809055328369,
2469,2469,0.5153682827949524,
2470,2470,0.48483532667160034,
2471,2471,0.40528810024261475,
2472,2472,0.4837675988674164,
2473,2473,0.5128334760665894,
2474,2474,0.48629137873649597,
2475,2475,0.509207546710968,
2476,2476,0.46580788493156433,
2477,2477,0.5328712463378906,
2478,2478,0.48187825083732605,
2479,2479,0.47688934206962585,
2480,2480,0.493432879447937,
2481,2481,0.4936460256576538,
2482,2482,0.49149009585380554,
2483,2483,0.4489666223526001,
2484,2484,0.4810689687728882,
2485,2485,0.45961087942123413,
2486,2486,0.5075270533561707,
2487,2487,0.4592531621456146,
2488,2488,0.46298038959503174,
2489,2489,0.4717561900615692,
2490,2490,0.4903181493282318,
2491,2491,0.4776073098182678,
2492,2492,0.5117184519767761,
2493,2493,0.46760526299476624,
2494,2494,0.49099671840667725,
2495,2495,0.5030778646469116,
2496,2496,0.4996604025363922,
2497,2497,0.4930773973464966,
2498,2498,0.4817551374435425,
2499,2499,,0.4846384525299072
2499,2499,0.4846384525299072,
2500,2500,0.4420986473560333,
2501,2501,0.4893417954444885,
2502,2502,0.48349621891975403,
2503,2503,0.4839572608470917,
2504,2504,0.5687717795372009,
2505,2505,0.45405837893486023,
2506,2506,0.4841840863227844,
2507,2507,0.48637714982032776,
2508,2508,0.49937203526496887,
2509,2509,0.470317006111145,
2510,2510,0.47587352991104126,
2511,2511,0.48139622807502747,
2512,2512,0.5162062048912048,
2513,2513,0.4912605881690979,
2514,2514,0.4866584241390228,
2515,2515,0.4995928108692169,
2516,2516,0.4921833872795105,
2517,2517,0.4613606035709381,
2518,2518,0.48194247484207153,
2519,2519,0.4752441346645355,
2520,2520,0.4540702998638153,
2521,2521,0.5006051659584045,
2522,2522,0.5319665670394897,
2523,2523,0.5796789526939392,
2524,2524,0.49928492307662964,
2525,2525,0.4712527096271515,
2526,2526,0.47789308428764343,
2527,2527,0.5058795213699341,
2528,2528,0.5419091582298279,
2529,2529,0.5015056133270264,
2530,2530,0.504062294960022,
2531,2531,0.406035840511322,
2532,2532,0.48372402787208557,
2533,2533,0.49309173226356506,
2534,2534,0.48491379618644714,
2535,2535,0.48396748304367065,
2536,2536,0.4540512263774872,
2537,2537,0.47154751420021057,
2538,2538,0.46500903367996216,
2539,2539,0.5201913714408875,
2540,2540,0.48434925079345703,
2541,2541,0.49724501371383667,
2542,2542,0.5079436302185059,
2543,2543,0.49505487084388733,
2544,2544,0.49238866567611694,
2545,2545,0.497056782245636,
2546,2546,0.34095263481140137,
2547,2547,0.4885735511779785,
2548,2548,0.48539164662361145,
2549,2549,,0.4949135482311249
2549,2549,0.4949135482311249,
2550,2550,0.48079317808151245,
2551,2551,0.48270484805107117,
2552,2552,0.40515580773353577,
2553,2553,0.5086778998374939,
2554,2554,0.4496717154979706,
2555,2555,0.4953273832798004,
2556,2556,0.47745752334594727,
2557,2557,0.47699037194252014,
2558,2558,0.46401819586753845,
2559,2559,0.4682026505470276,
2560,2560,0.4920802414417267,
2561,2561,0.48302537202835083,
2562,2562,0.4948264956474304,
2563,2563,0.4574453830718994,
2564,2564,0.5265921950340271,
2565,2565,0.43730980157852173,
2566,2566,0.4919460415840149,
2567,2567,0.39834028482437134,
2568,2568,0.48895683884620667,
2569,2569,0.4674365520477295,
2570,2570,0.5421358942985535,
2571,2571,0.4753246307373047,
2572,2572,0.4902001619338989,
2573,2573,0.513702392578125,
2574,2574,0.4750756621360779,
2575,2575,0.5175917148590088,
2576,2576,0.4829830825328827,
2577,2577,0.48902809619903564,
2578,2578,0.47992321848869324,
2579,2579,0.46817508339881897,
2580,2580,0.4780939519405365,
2581,2581,0.4840485155582428,
2582,2582,0.5408294200897217,
2583,2583,0.491474986076355,
2584,2584,0.47983646392822266,
2585,2585,0.4887857735157013,
2586,2586,0.4972156286239624,
2587,2587,0.4874206483364105,
2588,2588,0.4352589547634125,
2589,2589,0.4819567799568176,
2590,2590,0.47984012961387634,
2591,2591,0.4914122521877289,
2592,2592,0.4773029685020447,
2593,2593,0.5235885381698608,
2594,2594,0.44580668210983276,
2595,2595,0.4741453230381012,
2596,2596,0.5060392022132874,
2597,2597,0.45231491327285767,
2598,2598,0.4527258276939392,
2599,2599,,0.49408626556396484
2599,2599,0.49408626556396484,
2600,2600,0.47658979892730713,
2601,2601,0.41838815808296204,
2602,2602,0.4671723246574402,
2603,2603,0.5941216349601746,
2604,2604,0.5084563493728638,
2605,2605,0.4807845652103424,
2606,2606,0.4858437478542328,
2607,2607,0.4865339398384094,
2608,2608,0.4681013226509094,
2609,2609,0.4434985816478729,
2610,2610,0.4837673008441925,
2611,2611,0.496208131313324,
2612,2612,0.5143013596534729,
2613,2613,0.4720025062561035,
2614,2614,0.4701305627822876,
2615,2615,0.47058412432670593,
2616,2616,0.44031670689582825,
2617,2617,0.5160675048828125,
2618,2618,0.5108378529548645,
2619,2619,0.5440686345100403,
2620,2620,0.49536311626434326,
2621,2621,0.485283762216568,
2622,2622,0.4695066809654236,
2623,2623,0.4724138379096985,
2624,2624,0.45960479974746704,
2625,2625,0.48130059242248535,
2626,2626,0.4940263330936432,
2627,2627,0.47798532247543335,
2628,2628,0.44952934980392456,
2629,2629,0.4576473832130432,
2630,2630,0.617276132106781,
2631,2631,0.47881820797920227,
2632,2632,0.493197500705719,
2633,2633,0.5038997530937195,
2634,2634,0.5123385190963745,
2635,2635,0.5096306800842285,
2636,2636,0.5182045698165894,
2637,2637,0.47580331563949585,
2638,2638,0.4868225157260895,
2639,2639,0.46679916977882385,
2640,2640,0.4799570143222809,
2641,2641,0.48879048228263855,
2642,2642,0.4795786440372467,
2643,2643,0.4907808005809784,
2644,2644,0.4989032447338104,
2645,2645,0.4684579074382782,
2646,2646,0.5288299322128296,
2647,2647,0.4794993996620178,
2648,2648,0.4739908277988434,
2649,2649,,0.5061022043228149
2649,2649,0.5061022043228149,
2650,2650,0.3940717279911041,
2651,2651,0.5247845649719238,
2652,2652,0.4741649329662323,
2653,2653,0.4920657277107239,
2654,2654,0.46825000643730164,
2655,2655,0.46102410554885864,
2656,2656,0.5276588797569275,
2657,2657,0.5252722501754761,
2658,2658,0.47710561752319336,
2659,2659,0.4864841103553772,
2660,2660,0.4932243227958679,
2661,2661,0.4535069465637207,
2662,2662,0.4708816409111023,
2663,2663,0.4996365010738373,
2664,2664,0.5028219819068909,
2665,2665,0.4704039394855499,
2666,2666,0.48794057965278625,
2667,2667,0.45860373973846436,
2668,2668,0.47766488790512085,
2669,2669,0.45730847120285034,
2670,2670,0.4948989450931549,
2671,2671,0.3939467966556549,
2672,2672,0.4962799549102783,
2673,2673,0.481804221868515,
2674,2674,0.4981743395328522,
2675,2675,0.4830503761768341,
2676,2676,0.49821433424949646,
2677,2677,0.556740403175354,
2678,2678,0.4952599108219147,
2679,2679,0.41029277443885803,
2680,2680,0.4831090569496155,
2681,2681,0.46661174297332764,
2682,2682,0.48456454277038574,
2683,2683,0.5017446279525757,
2684,2684,0.4773719906806946,
2685,2685,0.4828035533428192,
2686,2686,0.4515824317932129,
2687,2687,0.44282233715057373,
2688,2688,0.4872954189777374,
2689,2689,0.4425714910030365,
2690,2690,0.47470924258232117,
2691,2691,0.42279544472694397,
2692,2692,0.451482355594635,
2693,2693,0.46916234493255615,
2694,2694,0.4802049398422241,
2695,2695,0.4603041410446167,
2696,2696,0.4801187515258789,
2697,2697,0.4831463396549225,
2698,2698,0.5231602787971497,
2699,2699,,0.46828165650367737
2699,2699,0.46828165650367737,
2700,2700,0.46862930059432983,
2701,2701,0.4379783272743225,
2702,2702,0.5016953349113464,
2703,2703,0.46493110060691833,
2704,2704,0.4460729658603668,
2705,2705,0.45331665873527527,
2706,2706,0.4854528307914734,
2707,2707,0.49106189608573914,
2708,2708,0.5381091237068176,
2709,2709,0.4921881854534149,
2710,2710,0.49350547790527344,
2711,2711,0.4717777967453003,
2712,2712,0.48153969645500183,
2713,2713,0.4539094865322113,
2714,2714,0.48162880539894104,
2715,2715,0.4679640531539917,
2716,2716,0.442097932100296,
2717,2717,0.47949928045272827,
2718,2718,0.4776325523853302,
2719,2719,0.4571097791194916,
2720,2720,0.5175984501838684,
2721,2721,0.41590699553489685,
2722,2722,0.4865567684173584,
2723,2723,0.5502778887748718,
2724,2724,0.4576948583126068,
2725,2725,0.5274844765663147,
2726,2726,0.4901326894760132,
2727,2727,0.5081202387809753,
2728,2728,0.48340272903442383,
2729,2729,0.4947088658809662,
2730,2730,0.49161648750305176,
2731,2731,0.47521325945854187,
2732,2732,0.4961780905723572,
2733,2733,0.4914308190345764,
2734,2734,0.4559919834136963,
2735,2735,0.5270057916641235,
2736,2736,0.49850398302078247,
2737,2737,0.4532967507839203,
2738,2738,0.5058504939079285,
2739,2739,0.4227648079395294,
2740,2740,0.5032843351364136,
2741,2741,0.47213080525398254,
2742,2742,0.44559741020202637,
2743,2743,0.4792560040950775,
2744,2744,0.5280151963233948,
2745,2745,0.45313456654548645,
2746,2746,0.47611796855926514,
2747,2747,0.45955631136894226,
2748,2748,0.4699889123439789,
2749,2749,,0.4735417664051056
2749,2749,0.4735417664051056,
2750,2750,0.4927752614021301,
2751,2751,0.4896604120731354,
2752,2752,0.5508309006690979,
2753,2753,0.4362845718860626,
2754,2754,0.34825658798217773,
2755,2755,0.49313780665397644,
2756,2756,0.4835216701030731,
2757,2757,0.47082942724227905,
2758,2758,0.4639873206615448,
2759,2759,0.4789021909236908,
2760,2760,0.4734954237937927,
2761,2761,0.46098044514656067,
2762,2762,0.49377861618995667,
2763,2763,0.548911988735199,
2764,2764,0.4151969254016876,
2765,2765,0.5677706003189087,
2766,2766,0.4874820411205292,
2767,2767,0.4616774916648865,
2768,2768,0.4782300591468811,
2769,2769,0.47296983003616333,
2770,2770,0.4310251772403717,
2771,2771,0.5206533074378967,
2772,2772,0.4172261953353882,
2773,2773,0.48097699880599976,
2774,2774,0.46469125151634216,
2775,2775,0.4764060974121094,
2776,2776,0.45805248618125916,
2777,2777,0.5640976428985596,
2778,2778,0.49283331632614136,
2779,2779,0.47094714641571045,
2780,2780,0.48841968178749084,
2781,2781,0.4666832685470581,
2782,2782,0.5219259858131409,
2783,2783,0.47432538866996765,
2784,2784,0.4919036030769348,
2785,2785,0.49562954902648926,
2786,2786,0.4900318384170532,
2787,2787,0.4910511076450348,
2788,2788,0.466631680727005,
2789,2789,0.5645541548728943,
2790,2790,0.4791816473007202,
2791,2791,0.4782402813434601,
2792,2792,0.4469146728515625,
2793,2793,0.4783843159675598,
2794,2794,0.4920414388179779,
2795,2795,0.49029916524887085,
2796,2796,0.4815545380115509,
2797,2797,0.4838211238384247,
2798,2798,0.5128703117370605,
2799,2799,,0.5340487957000732
2799,2799,0.5340487957000732,
2800,2800,0.4768383800983429,
2801,2801,0.4731009006500244,
2802,2802,0.5031607151031494,
2803,2803,0.48413974046707153,
2804,2804,0.5117224454879761,
2805,2805,0.48788028955459595,
2806,2806,0.46418261528015137,
2807,2807,0.5045324563980103,
2808,2808,0.48048967123031616,
2809,2809,0.4840262234210968,
2810,2810,0.48545676469802856,
2811,2811,0.4574057459831238,
2812,2812,0.44970232248306274,
2813,2813,0.4831288754940033,
2814,2814,0.46057769656181335,
2815,2815,0.4837009906768799,
2816,2816,0.4746852517127991,
2817,2817,0.47275811433792114,
2818,2818,0.4615369737148285,
2819,2819,0.46459728479385376,
2820,2820,0.5125501155853271,
2821,2821,0.49910828471183777,
2822,2822,0.477094441652298,
2823,2823,0.46776875853538513,
2824,2824,0.4779330790042877,
2825,2825,0.5152508616447449,
2826,2826,0.4929240047931671,
2827,2827,0.4686281383037567,
2828,2828,0.4975007474422455,
2829,2829,0.5070196986198425,
2830,2830,0.45230749249458313,
2831,2831,0.4254975914955139,
2832,2832,0.4819927513599396,
2833,2833,0.4660670757293701,
2834,2834,0.4623454511165619,
2835,2835,0.45180556178092957,
2836,2836,0.4751865863800049,
2837,2837,0.4946717619895935,
2838,2838,0.47634100914001465,
2839,2839,0.4681493043899536,
2840,2840,0.4758647382259369,
2841,2841,0.48775482177734375,
2842,2842,0.47451403737068176,
2843,2843,0.4782344400882721,
2844,2844,0.46120259165763855,
2845,2845,0.47933417558670044,
2846,2846,0.4658735692501068,
2847,2847,0.4543311595916748,
2848,2848,0.3811410069465637,
2849,2849,,0.47088533639907837
2849,2849,0.47088533639907837,
2850,2850,0.4931391477584839,
2851,2851,0.4854617118835449,
2852,2852,0.47142311930656433,
2853,2853,0.47787952423095703,
2854,2854,0.47910067439079285,
2855,2855,0.4672791659832001,
2856,2856,0.49592506885528564,
2857,2857,0.47628253698349,
2858,2858,0.49523261189460754,
2859,2859,0.4723234176635742,
2860,2860,0.4922081232070923,
2861,2861,0.4685671627521515,
2862,2862,0.47784891724586487,
2863,2863,0.4617278277873993,
2864,2864,0.32753124833106995,
2865,2865,0.4757635295391083,
2866,2866,0.4936314821243286,
2867,2867,0.5026838779449463,
2868,2868,0.48042434453964233,
2869,2869,0.4691174626350403,
2870,2870,0.478788286447525,
2871,2871,0.4894135594367981,
2872,2872,0.4490054249763489,
2873,2873,0.49792128801345825,
2874,2874,0.5350092053413391,
2875,2875,0.46609190106391907,
2876,2876,0.46114516258239746,
2877,2877,0.488483190536499,
2878,2878,0.1960914134979248,
2879,2879,0.4310556650161743,
2880,2880,0.4662184715270996,
2881,2881,0.4894559681415558,
2882,2882,0.24899545311927795,
2883,2883,0.5099807381629944,
2884,2884,0.4741678535938263,
2885,2885,0.394386887550354,
2886,2886,0.4765230417251587,
2887,2887,0.4797689914703369,
2888,2888,0.48080939054489136,
2889,2889,0.48651859164237976,
2890,2890,0.48212581872940063,
2891,2891,0.46270352602005005,
2892,2892,0.4800531566143036,
2893,2893,0.4543708562850952,
2894,2894,0.4460158348083496,
2895,2895,0.45550328493118286,
2896,2896,0.4162023961544037,
2897,2897,0.49095743894577026,
2898,2898,0.5826557874679565,
2899,2899,,0.5150375962257385
2899,2899,0.5150375962257385,
2900,2900,0.4690723717212677,
2901,2901,0.4736629128456116,
2902,2902,0.4919905960559845,
2903,2903,0.45203617215156555,
2904,2904,0.472576767206192,
2905,2905,0.4561731815338135,
2906,2906,0.5140869617462158,
2907,2907,0.4963668882846832,
2908,2908,0.4611378014087677,
2909,2909,0.46674874424934387,
2910,2910,0.46487173438072205,
2911,2911,0.45695847272872925,
2912,2912,0.48807358741760254,
2913,2913,0.4575597941875458,
2914,2914,0.4603976607322693,
2915,2915,0.48585501313209534,
2916,2916,0.4868336617946625,
2917,2917,0.4731641709804535,
2918,2918,0.5689259767532349,
2919,2919,0.4762933552265167,
2920,2920,0.44266462326049805,
2921,2921,0.4994775950908661,
2922,2922,0.48857736587524414,
2923,2923,0.45958349108695984,
2924,2924,0.5401954054832458,
2925,2925,0.4822993278503418,
2926,2926,0.4724832773208618,
2927,2927,0.49102625250816345,
2928,2928,0.47016817331314087,
2929,2929,0.4951087236404419,
2930,2930,0.4827418625354767,
2931,2931,0.47533750534057617,
2932,2932,0.4693661034107208,
2933,2933,0.45426082611083984,
2934,2934,0.477201908826828,
2935,2935,0.4553678035736084,
2936,2936,0.43229418992996216,
2937,2937,0.5127222537994385,
2938,2938,0.4521232545375824,
2939,2939,0.5051470398902893,
2940,2940,0.45350995659828186,
2941,2941,0.4813668131828308,
2942,2942,0.4409451186656952,
2943,2943,0.47757622599601746,
2944,2944,0.4845905005931854,
2945,2945,0.37245485186576843,
2946,2946,0.46646615862846375,
2947,2947,0.4765605926513672,
2948,2948,0.5502644181251526,
2949,2949,,0.4631740152835846
2949,2949,0.4631740152835846,
2950,2950,0.36443719267845154,
2951,2951,0.4996459186077118,
2952,2952,0.4437256455421448,
2953,2953,0.48860180377960205,
2954,2954,0.4822535812854767,
2955,2955,0.4854101836681366,
2956,2956,0.4763927161693573,
2957,2957,0.483467698097229,
2958,2958,0.45534825325012207,
2959,2959,0.48877862095832825,
2960,2960,0.47146934270858765,
2961,2961,0.5196481943130493,
2962,2962,0.47510379552841187,
2963,2963,0.48654836416244507,
2964,2964,0.4854796528816223,
2965,2965,0.4771381914615631,
2966,2966,0.47723597288131714,
2967,2967,0.5230795741081238,
2968,2968,0.5065374970436096,
2969,2969,0.4796229898929596,
2970,2970,0.4386668801307678,
2971,2971,0.5294791460037231,
2972,2972,0.500729501247406,
2973,2973,0.48133984208106995,
2974,2974,0.45577681064605713,
2975,2975,0.47460436820983887,
2976,2976,0.4940199553966522,
2977,2977,0.4955693781375885,
2978,2978,0.5248370170593262,
2979,2979,0.46658942103385925,
2980,2980,0.4798447787761688,
2981,2981,0.4640437066555023,
2982,2982,0.47476673126220703,
2983,2983,0.42083239555358887,
2984,2984,0.45581793785095215,
2985,2985,0.46227577328681946,
2986,2986,0.5034257769584656,
2987,2987,0.43352606892585754,
2988,2988,0.39441338181495667,
2989,2989,0.4605064392089844,
2990,2990,0.4711292088031769,
2991,2991,0.46719858050346375,
2992,2992,0.7252072691917419,
2993,2993,0.49869561195373535,
2994,2994,0.4731086194515228,
2995,2995,0.5130026340484619,
2996,2996,0.4673701524734497,
2997,2997,0.46292853355407715,
2998,2998,0.48191770911216736,
2999,2999,,0.4800107777118683
2999,2999,0.4800107777118683,
3000,3000,0.46679002046585083,
3001,3001,0.5434604287147522,
3002,3002,0.48292070627212524,
3003,3003,0.46875548362731934,
3004,3004,0.48472198843955994,
3005,3005,0.47564610838890076,
3006,3006,0.45926371216773987,
3007,3007,0.4715193808078766,
3008,3008,0.4830268323421478,
3009,3009,0.4910292625427246,
3010,3010,0.4738377034664154,
3011,3011,0.4617953896522522,
3012,3012,0.46672505140304565,
3013,3013,0.40400204062461853,
3014,3014,0.46682846546173096,
3015,3015,0.747212827205658,
3016,3016,0.5043607354164124,
3017,3017,0.48130929470062256,
3018,3018,0.49425995349884033,
3019,3019,0.4769064486026764,
3020,3020,0.4864490032196045,
3021,3021,0.4803819954395294,
3022,3022,0.5203473567962646,
3023,3023,0.4602769613265991,
3024,3024,0.4001781940460205,
3025,3025,0.4677536189556122,
3026,3026,0.37912026047706604,
3027,3027,0.4808267652988434,
3028,3028,0.46458426117897034,
3029,3029,0.4827412962913513,
3030,3030,0.47509559988975525,
3031,3031,0.4766156077384949,
3032,3032,0.4448655843734741,
3033,3033,0.4503810405731201,
3034,3034,0.4666314721107483,
3035,3035,0.47511255741119385,
3036,3036,0.49847185611724854,
3037,3037,0.4863661229610443,
3038,3038,0.49769142270088196,
3039,3039,0.4552997648715973,
3040,3040,0.4718954265117645,
3041,3041,0.48187872767448425,
3042,3042,0.4660162031650543,
3043,3043,0.4616660475730896,
3044,3044,0.47193941473960876,
3045,3045,0.4730543792247772,
3046,3046,0.4739324450492859,
3047,3047,0.49124541878700256,
3048,3048,0.4768680930137634,
3049,3049,,0.46287980675697327
3049,3049,0.46287980675697327,
3050,3050,0.47017380595207214,
3051,3051,0.6130828261375427,
3052,3052,0.4703756868839264,
3053,3053,0.5423631072044373,
3054,3054,0.4503515958786011,
3055,3055,0.47116488218307495,
3056,3056,0.46584296226501465,
3057,3057,0.4683673679828644,
3058,3058,0.4719979763031006,
3059,3059,0.4710277020931244,
3060,3060,0.44948333501815796,
3061,3061,0.4469841718673706,
3062,3062,0.4929082691669464,
3063,3063,0.4509389400482178,
3064,3064,0.47806429862976074,
3065,3065,0.4673536419868469,
3066,3066,0.48479750752449036,
3067,3067,0.4725978672504425,
3068,3068,0.4583708941936493,
3069,3069,0.47371381521224976,
3070,3070,0.4925919473171234,
3071,3071,0.4734441637992859,
3072,3072,0.4600367546081543,
3073,3073,0.4960708022117615,
3074,3074,0.47034016251564026,
3075,3075,0.45894452929496765,
3076,3076,0.3867429494857788,
3077,3077,0.4690345525741577,
3078,3078,0.49253764748573303,
3079,3079,0.4749431610107422,
3080,3080,0.4655192792415619,
3081,3081,0.46765413880348206,
3082,3082,0.41516268253326416,
3083,3083,0.4664984345436096,
3084,3084,0.49877166748046875,
3085,3085,0.5233596563339233,
3086,3086,0.4709985852241516,
3087,3087,0.48893746733665466,
3088,3088,0.46917107701301575,
3089,3089,0.534379780292511,
3090,3090,0.467979371547699,
3091,3091,0.47072938084602356,
3092,3092,0.47311022877693176,
3093,3093,0.46026045083999634,
3094,3094,0.5159574151039124,
3095,3095,0.47740334272384644,
3096,3096,0.5213533639907837,
3097,3097,0.45442065596580505,
3098,3098,0.46968066692352295,
3099,3099,,0.45137709379196167
3099,3099,0.45137709379196167,
3100,3100,0.43573322892189026,
3101,3101,0.4641592502593994,
3102,3102,0.4818497896194458,
3103,3103,0.4694545269012451,
3104,3104,0.44645386934280396,
3105,3105,0.5957943201065063,
3106,3106,0.4262639880180359,
3107,3107,0.4675205647945404,
3108,3108,0.4426788091659546,
3109,3109,0.457454651594162,
3110,3110,0.47279420495033264,
3111,3111,0.4271548390388489,
3112,3112,0.5043474435806274,
3113,3113,0.5190714001655579,
3114,3114,0.5157687067985535,
3115,3115,0.47045832872390747,
3116,3116,0.455591082572937,
3117,3117,0.4740714132785797,
3118,3118,0.469105064868927,
3119,3119,0.39808234572410583,
3120,3120,0.4726221561431885,
3121,3121,0.4620453119277954,
3122,3122,0.4830968976020813,
3123,3123,0.4648555517196655,
3124,3124,0.47199884057044983,
3125,3125,0.4210262596607208,
3126,3126,0.47138580679893494,
3127,3127,0.4123857617378235,
3128,3128,0.4619612693786621,
3129,3129,0.5428207516670227,
3130,3130,0.4651638865470886,
3131,3131,0.463290810585022,
3132,3132,0.4555738866329193,
3133,3133,0.4972793757915497,
3134,3134,0.45708781480789185,
3135,3135,0.48805636167526245,
3136,3136,0.46580156683921814,
3137,3137,0.4722611606121063,
3138,3138,0.5080472826957703,
3139,3139,0.4535421133041382,
3140,3140,0.49874594807624817,
3141,3141,0.7311747074127197,
3142,3142,0.4668983519077301,
3143,3143,0.4635125994682312,
3144,3144,0.359917014837265,
3145,3145,0.4797269403934479,
3146,3146,0.5828484892845154,
3147,3147,0.4582367241382599,
3148,3148,0.30733782052993774,
3149,3149,,0.5780422687530518
3149,3149,0.5780422687530518,
3150,3150,0.4795874059200287,
3151,3151,0.48706376552581787,
3152,3152,0.49442487955093384,
3153,3153,0.4766165614128113,
3154,3154,0.4730467200279236,
3155,3155,0.47494789958000183,
3156,3156,0.4796127676963806,
3157,3157,0.4712539613246918,
3158,3158,0.45150548219680786,
3159,3159,0.4821566343307495,
3160,3160,0.4730590581893921,
3161,3161,0.45537951588630676,
3162,3162,0.4818950891494751,
3163,3163,0.4095139801502228,
3164,3164,0.2639731764793396,
3165,3165,0.4778435230255127,
3166,3166,0.4370342195034027,
3167,3167,0.4736676514148712,
3168,3168,0.4856182038784027,
3169,3169,0.453407883644104,
3170,3170,0.4412672221660614,
3171,3171,0.46441394090652466,
3172,3172,0.47760385274887085,
3173,3173,0.46993380784988403,
3174,3174,0.49935367703437805,
3175,3175,0.4513583481311798,
3176,3176,0.4819508492946625,
3177,3177,0.49117395281791687,
3178,3178,0.4716283679008484,
3179,3179,0.46607547998428345,
3180,3180,0.47343844175338745,
3181,3181,0.5043304562568665,
3182,3182,0.44638532400131226,
3183,3183,0.47586026787757874,
3184,3184,0.4953223764896393,
3185,3185,0.4375726878643036,
3186,3186,0.46207618713378906,
3187,3187,0.47360068559646606,
3188,3188,0.4819474518299103,
3189,3189,0.45746833086013794,
3190,3190,0.4139247238636017,
3191,3191,0.4621433913707733,
3192,3192,0.4568779170513153,
3193,3193,0.44468867778778076,
3194,3194,0.4609408378601074,
3195,3195,0.46943342685699463,
3196,3196,0.4672710597515106,
3197,3197,0.5241068005561829,
3198,3198,0.47402897477149963,
3199,3199,,0.4834512770175934
3199,3199,0.4834512770175934,
3200,3200,0.4608837068080902,
3201,3201,0.481222003698349,
3202,3202,0.4791337549686432,
3203,3203,0.46781450510025024,
3204,3204,0.46806439757347107,
3205,3205,0.4914249777793884,
3206,3206,0.4531767666339874,
3207,3207,0.4664647579193115,
3208,3208,0.46727776527404785,
3209,3209,0.5098879337310791,
3210,3210,0.4802326560020447,
3211,3211,0.46502485871315,
3212,3212,0.40061089396476746,
3213,3213,0.4694216549396515,
3214,3214,0.4716344475746155,
3215,3215,0.4761943519115448,
3216,3216,0.4693410098552704,
3217,3217,0.47228366136550903,
3218,3218,0.4680556654930115,
3219,3219,0.45189496874809265,
3220,3220,0.4663621783256531,
3221,3221,0.43496254086494446,
3222,3222,0.4519411027431488,
3223,3223,0.44659262895584106,
3224,3224,0.4604960083961487,
3225,3225,0.4778178930282593,
3226,3226,0.4399518072605133,
3227,3227,0.458295613527298,
3228,3228,0.42985907196998596,
3229,3229,0.4635520577430725,
3230,3230,0.46177035570144653,
3231,3231,0.45683926343917847,
3232,3232,0.46650075912475586,
3233,3233,0.4556042551994324,
3234,3234,0.4500546157360077,
3235,3235,0.47276929020881653,
3236,3236,0.46355804800987244,
3237,3237,0.46300646662712097,
3238,3238,0.49111446738243103,
3239,3239,0.45164740085601807,
3240,3240,0.46093666553497314,
3241,3241,0.4654865264892578,
3242,3242,0.4639124572277069,
3243,3243,0.4581277370452881,
3244,3244,0.46170052886009216,
3245,3245,0.4996491074562073,
3246,3246,0.2994335889816284,
3247,3247,0.44414135813713074,
3248,3248,0.43688732385635376,
3249,3249,,0.4581405520439148
3249,3249,0.4581405520439148,
3250,3250,0.6341601014137268,
3251,3251,0.4727252125740051,
3252,3252,0.4725984036922455,
3253,3253,0.4886937141418457,
3254,3254,0.46472132205963135,
3255,3255,0.39227795600891113,
3256,3256,0.46395862102508545,
3257,3257,0.4606446921825409,
3258,3258,0.46824029088020325,
3259,3259,0.46059826016426086,
3260,3260,0.47651901841163635,
3261,3261,0.4724309742450714,
3262,3262,0.4562940299510956,
3263,3263,0.47015294432640076,
3264,3264,0.4780100882053375,
3265,3265,0.4991786777973175,
3266,3266,0.4576042890548706,
3267,3267,0.4730371832847595,
3268,3268,0.4642581641674042,
3269,3269,0.5002819895744324,
3270,3270,0.41639816761016846,
3271,3271,0.5008981823921204,
3272,3272,0.4557734429836273,
3273,3273,0.4824780225753784,
3274,3274,0.4643481373786926,
3275,3275,0.4514375329017639,
3276,3276,0.47216588258743286,
3277,3277,0.4745216369628906,
3278,3278,0.4850761294364929,
3279,3279,0.47264498472213745,
3280,3280,0.46138739585876465,
3281,3281,0.44069957733154297,
3282,3282,0.42764216661453247,
3283,3283,0.5103821158409119,
3284,3284,0.4848501682281494,
3285,3285,0.5521448254585266,
3286,3286,0.48932281136512756,
3287,3287,0.4573562443256378,
3288,3288,0.4782526195049286,
3289,3289,0.46062830090522766,
3290,3290,0.48290207982063293,
3291,3291,0.465548574924469,
3292,3292,0.45527276396751404,
3293,3293,0.5223419070243835,
3294,3294,0.46395376324653625,
3295,3295,0.4535231590270996,
3296,3296,0.4535696506500244,
3297,3297,0.4812285006046295,
3298,3298,0.47838646173477173,
3299,3299,,0.4996386468410492
3299,3299,0.4996386468410492,
3300,3300,0.46557557582855225,
3301,3301,0.46038690209388733,
3302,3302,0.42353054881095886,
3303,3303,0.4493166208267212,
3304,3304,0.4417153298854828,
3305,3305,0.47005176544189453,
3306,3306,0.45078980922698975,
3307,3307,0.45970895886421204,
3308,3308,0.44920259714126587,
3309,3309,0.453186571598053,
3310,3310,0.4166536033153534,
3311,3311,0.4712747037410736,
3312,3312,0.48066216707229614,
3313,3313,0.4869631826877594,
3314,3314,0.5094626545906067,
3315,3315,0.459179550409317,
3316,3316,0.5080375075340271,
3317,3317,0.46628379821777344,
3318,3318,0.48350653052330017,
3319,3319,0.4684200882911682,
3320,3320,0.4241020381450653,
3321,3321,0.533050000667572,
3322,3322,0.46746736764907837,
3323,3323,0.45087072253227234,
3324,3324,0.4557322561740875,
3325,3325,0.42400431632995605,
3326,3326,0.41722390055656433,
3327,3327,0.477295458316803,
3328,3328,0.45493271946907043,
3329,3329,0.4518273174762726,
3330,3330,0.5351353287696838,
3331,3331,0.2946738600730896,
3332,3332,0.4648594856262207,
3333,3333,0.4034755229949951,
3334,3334,0.4601166844367981,
3335,3335,0.3891969323158264,
3336,3336,0.5382027626037598,
3337,3337,0.4724455773830414,
3338,3338,0.42008113861083984,
3339,3339,0.43426528573036194,
3340,3340,0.44868841767311096,
3341,3341,0.5144418478012085,
3342,3342,0.47977545857429504,
3343,3343,0.45035451650619507,
3344,3344,0.4674236476421356,
3345,3345,0.4833006262779236,
3346,3346,0.48707836866378784,
3347,3347,0.4477345049381256,
3348,3348,0.4557948410511017,
3349,3349,,0.45309513807296753
3349,3349,0.45309513807296753,
3350,3350,0.4679937958717346,
3351,3351,0.4722340703010559,
3352,3352,0.45473942160606384,
3353,3353,0.4237620234489441,
3354,3354,0.458732545375824,
3355,3355,0.4605822265148163,
3356,3356,0.3581759035587311,
3357,3357,0.4391310214996338,
3358,3358,0.4543313682079315,
3359,3359,0.49979883432388306,
3360,3360,0.45647484064102173,
3361,3361,0.45179110765457153,
3362,3362,0.45501986145973206,
3363,3363,0.45785748958587646,
3364,3364,0.47337648272514343,
3365,3365,0.4571268856525421,
3366,3366,0.4084075093269348,
3367,3367,0.44992247223854065,
3368,3368,0.477723628282547,
3369,3369,0.44963720440864563,
3370,3370,0.48139074444770813,
3371,3371,0.45745450258255005,
3372,3372,0.4578508138656616,
3373,3373,0.38790977001190186,
3374,3374,0.43689247965812683,
3375,3375,0.4874182343482971,
3376,3376,0.45602479577064514,
3377,3377,0.4378763735294342,
3378,3378,0.4845884442329407,
3379,3379,0.4386070966720581,
3380,3380,0.43307143449783325,
3381,3381,0.4544183909893036,
3382,3382,0.4346749782562256,
3383,3383,0.47327369451522827,
3384,3384,0.463264524936676,
3385,3385,0.4643518328666687,
3386,3386,0.4728294610977173,
3387,3387,0.4686860144138336,
3388,3388,0.4783972501754761,
3389,3389,0.421464741230011,
3390,3390,0.4499983787536621,
3391,3391,0.43259572982788086,
3392,3392,0.4699823260307312,
3393,3393,0.4504932165145874,
3394,3394,0.4438767731189728,
3395,3395,0.4523558020591736,
3396,3396,0.43080633878707886,
3397,3397,0.4170888662338257,
3398,3398,0.44658565521240234,
3399,3399,,0.4601808488368988
3399,3399,0.4601808488368988,
3400,3400,0.4580356478691101,
3401,3401,0.4316733181476593,
3402,3402,0.4962775409221649,
3403,3403,0.49740034341812134,
3404,3404,0.4517758786678314,
3405,3405,0.4410761296749115,
3406,3406,0.4470709264278412,
3407,3407,0.45685163140296936,
3408,3408,0.4525880813598633,
3409,3409,0.46643128991127014,
3410,3410,0.3944152295589447,
3411,3411,0.45598796010017395,
3412,3412,0.43150046467781067,
3413,3413,0.494998574256897,
3414,3414,0.45811399817466736,
3415,3415,0.47755083441734314,
3416,3416,0.470073401927948,
3417,3417,0.4375784993171692,
3418,3418,0.4505176842212677,
3419,3419,0.45547133684158325,
3420,3420,0.4696492850780487,
3421,3421,0.5170683860778809,
3422,3422,0.44580838084220886,
3423,3423,0.44242677092552185,
3424,3424,0.42887744307518005,
3425,3425,0.4566289782524109,
3426,3426,0.4809924066066742,
3427,3427,0.5417630076408386,
3428,3428,0.460464209318161,
3429,3429,0.4120626747608185,
3430,3430,0.44582316279411316,
3431,3431,0.4769760072231293,
3432,3432,0.4650731384754181,
3433,3433,0.45821723341941833,
3434,3434,0.45745450258255005,
3435,3435,0.4505559206008911,
3436,3436,0.4863061308860779,
3437,3437,0.40408018231391907,
3438,3438,0.45134538412094116,
3439,3439,0.46754202246665955,
3440,3440,0.4650670289993286,
3441,3441,0.43775883316993713,
3442,3442,0.4264218509197235,
3443,3443,0.44310712814331055,
3444,3444,0.5126387476921082,
3445,3445,0.46798330545425415,
3446,3446,0.4582520127296448,
3447,3447,0.4610867202281952,
3448,3448,0.4510507583618164,
3449,3449,,0.46958717703819275
3449,3449,0.46958717703819275,
3450,3450,0.47540950775146484,
3451,3451,0.46319711208343506,
3452,3452,0.4369622468948364,
3453,3453,0.496466726064682,
3454,3454,0.44803059101104736,
3455,3455,0.46598607301712036,
3456,3456,0.48752284049987793,
3457,3457,0.45389387011528015,
3458,3458,0.42149561643600464,
3459,3459,0.4702354371547699,
3460,3460,0.46654561161994934,
3461,3461,0.43798497319221497,
3462,3462,0.4191758930683136,
3463,3463,0.4599875211715698,
3464,3464,0.45960354804992676,
3465,3465,0.4552886486053467,
3466,3466,0.4768022894859314,
3467,3467,0.41901153326034546,
3468,3468,0.4421583414077759,
3469,3469,0.43336302042007446,
3470,3470,0.4480815529823303,
3471,3471,0.4527699649333954,
3472,3472,0.4634957015514374,
3473,3473,0.4680815637111664,
3474,3474,0.4712986350059509,
3475,3475,0.4565979838371277,
3476,3476,0.45827123522758484,
3477,3477,0.45308607816696167,
3478,3478,0.4747683107852936,
3479,3479,0.45574769377708435,
3480,3480,0.45536330342292786,
3481,3481,0.45382070541381836,
3482,3482,0.48150375485420227,
3483,3483,0.42920058965682983,
3484,3484,0.4551745355129242,
3485,3485,0.4553970992565155,
3486,3486,0.39803802967071533,
3487,3487,0.4443494975566864,
3488,3488,0.44005605578422546,
3489,3489,0.4587102234363556,
3490,3490,0.4798195958137512,
3491,3491,0.4379487633705139,
3492,3492,0.4547268748283386,
3493,3493,0.45243701338768005,
3494,3494,0.4049769639968872,
3495,3495,0.4348300099372864,
3496,3496,0.400203138589859,
3497,3497,0.3937123715877533,
3498,3498,0.4069141745567322,
3499,3499,,0.38983967900276184
3499,3499,0.38983967900276184,
3500,3500,0.43347442150115967,
3501,3501,0.46269068121910095,
3502,3502,0.47553882002830505,
3503,3503,0.45313239097595215,
3504,3504,0.41534897685050964,
3505,3505,0.43154171109199524,
3506,3506,0.45443660020828247,
3507,3507,0.46983692049980164,
3508,3508,0.4518982470035553,
3509,3509,0.47121986746788025,
3510,3510,0.4503806531429291,
3511,3511,0.4705619215965271,
3512,3512,0.4635525345802307,
3513,3513,0.43603798747062683,
3514,3514,0.4451463222503662,
3515,3515,0.4561935067176819,
3516,3516,0.45295464992523193,
3517,3517,0.4288380444049835,
3518,3518,0.4512130618095398,
3519,3519,0.4570556879043579,
3520,3520,0.375258207321167,
3521,3521,0.4489785432815552,
3522,3522,0.4765540659427643,
3523,3523,0.286382794380188,
3524,3524,0.45446765422821045,
3525,3525,0.465436190366745,
3526,3526,0.4667159914970398,
3527,3527,0.0006985273212194443,
3528,3528,0.44537609815597534,
3529,3529,0.4581526219844818,
3530,3530,0.4536088705062866,
3531,3531,0.44450387358665466,
3532,3532,0.4317196309566498,
3533,3533,0.6151646971702576,
3534,3534,0.47456666827201843,
3535,3535,0.45154401659965515,
3536,3536,0.45188698172569275,
3537,3537,0.4524310231208801,
3538,3538,0.4376971423625946,
3539,3539,0.4718864858150482,
3540,3540,0.45552462339401245,
3541,3541,0.45259419083595276,
3542,3542,0.45008140802383423,
3543,3543,0.44221940636634827,
3544,3544,0.42923983931541443,
3545,3545,0.4614328145980835,
3546,3546,0.4670681655406952,
3547,3547,0.42053279280662537,
3548,3548,0.41643786430358887,
3549,3549,,0.46168723702430725
3549,3549,0.46168723702430725,
3550,3550,0.43736007809638977,
3551,3551,0.48442503809928894,
3552,3552,0.4685244560241699,
3553,3553,0.46831846237182617,
3554,3554,0.46791964769363403,
3555,3555,0.4555645287036896,
3556,3556,0.458842009305954,
3557,3557,0.42317262291908264,
3558,3558,0.4517519772052765,
3559,3559,0.42271164059638977,
3560,3560,0.4535834789276123,
3561,3561,0.38790541887283325,
3562,3562,0.46176889538764954,
3563,3563,0.4573381841182709,
3564,3564,0.46939119696617126,
3565,3565,0.4517468214035034,
3566,3566,0.4476586580276489,
3567,3567,0.4473816156387329,
3568,3568,0.4933660924434662,
3569,3569,0.42790958285331726,
3570,3570,0.4382871687412262,
3571,3571,0.45719683170318604,
3572,3572,0.31159648299217224,
3573,3573,0.4548948407173157,
3574,3574,0.42513173818588257,
3575,3575,0.4619891345500946,
3576,3576,0.4565458595752716,
3577,3577,0.4136694371700287,
3578,3578,0.42304933071136475,
3579,3579,0.43917474150657654,
3580,3580,0.44198164343833923,
3581,3581,0.4438045620918274,
3582,3582,0.46862664818763733,
3583,3583,0.466232031583786,
3584,3584,0.4535614550113678,
3585,3585,0.4538595676422119,
3586,3586,0.499519020318985,
3587,3587,0.442206472158432,
3588,3588,0.41622087359428406,
3589,3589,0.44944342970848083,
3590,3590,0.4554177224636078,
3591,3591,0.46003633737564087,
3592,3592,0.533424973487854,
3593,3593,0.4776354134082794,
3594,3594,0.45042604207992554,
3595,3595,0.43579888343811035,
3596,3596,0.4527968466281891,
3597,3597,0.46426552534103394,
3598,3598,0.4037950932979584,
3599,3599,,0.5017073750495911
3599,3599,0.5017073750495911,
3600,3600,0.49496084451675415,
3601,3601,0.44681769609451294,
3602,3602,0.423814058303833,
3603,3603,0.3947714567184448,
3604,3604,0.4517284631729126,
3605,3605,0.47655776143074036,
3606,3606,0.4221324324607849,
3607,3607,0.40474292635917664,
3608,3608,0.44499874114990234,
3609,3609,0.44765356183052063,
3610,3610,0.46228647232055664,
3611,3611,0.499688982963562,
3612,3612,0.4817157983779907,
3613,3613,0.46980923414230347,
3614,3614,0.43896931409835815,
3615,3615,0.445602148771286,
3616,3616,0.44440191984176636,
3617,3617,0.4262470006942749,
3618,3618,0.446539044380188,
3619,3619,0.47157394886016846,
3620,3620,0.4769752323627472,
3621,3621,0.38817569613456726,
3622,3622,0.446542888879776,
3623,3623,0.4338996410369873,
3624,3624,0.4502390921115875,
3625,3625,0.4514934718608856,
3626,3626,0.451442152261734,
3627,3627,0.4423663914203644,
3628,3628,0.43478357791900635,
3629,3629,0.45612943172454834,
3630,3630,0.4407375156879425,
3631,3631,0.44653767347335815,
3632,3632,0.4478631317615509,
3633,3633,0.4360949993133545,
3634,3634,0.4649142026901245,
3635,3635,0.4657389223575592,
3636,3636,0.42755454778671265,
3637,3637,0.448129266500473,
3638,3638,0.45303627848625183,
3639,3639,0.4330061078071594,
3640,3640,0.4467605948448181,
3641,3641,0.4341674745082855,
3642,3642,0.478481650352478,
3643,3643,0.4729088842868805,
3644,3644,0.4492744207382202,
3645,3645,0.4257141053676605,
3646,3646,0.459270179271698,
3647,3647,0.45741620659828186,
3648,3648,0.4537918269634247,
3649,3649,,0.4589690566062927
3649,3649,0.4589690566062927,
3650,3650,0.4145109951496124,
3651,3651,0.44248610734939575,
3652,3652,0.4512622058391571,
3653,3653,0.4594591557979584,
3654,3654,0.45030510425567627,
3655,3655,0.448903352022171,
3656,3656,0.3558428883552551,
3657,3657,0.4976837933063507,
3658,3658,0.4578971862792969,
3659,3659,0.47109660506248474,
3660,3660,0.4580211937427521,
3661,3661,0.40763890743255615,
3662,3662,0.6337355971336365,
3663,3663,0.4315813183784485,
3664,3664,0.45062893629074097,
3665,3665,0.4251059889793396,
3666,3666,0.4032451808452606,
3667,3667,0.47676509618759155,
3668,3668,0.45778748393058777,
3669,3669,0.3294886350631714,
3670,3670,0.43305423855781555,
3671,3671,0.45613211393356323,
3672,3672,0.4093024730682373,
3673,3673,0.4525865912437439,
3674,3674,0.4480363726615906,
3675,3675,0.45790189504623413,
3676,3676,0.4476335346698761,
3677,3677,0.4487108588218689,
3678,3678,0.4345347583293915,
3679,3679,0.45087534189224243,
3680,3680,0.44330453872680664,
3681,3681,0.4874468743801117,
3682,3682,0.4679757058620453,
3683,3683,0.4618103504180908,
3684,3684,0.44588083028793335,
3685,3685,0.4511115550994873,
3686,3686,0.48238036036491394,
3687,3687,0.47615495324134827,
3688,3688,0.40767261385917664,
3689,3689,0.44393792748451233,
3690,3690,0.4563303291797638,
3691,3691,0.4509735405445099,
3692,3692,0.4823653995990753,
3693,3693,0.43534162640571594,
3694,3694,0.44243186712265015,
3695,3695,0.4601120054721832,
3696,3696,0.4422515332698822,
3697,3697,0.45937249064445496,
3698,3698,0.4551347494125366,
3699,3699,,0.4459068477153778
3699,3699,0.4459068477153778,
3700,3700,0.44729068875312805,
3701,3701,0.4098205268383026,
3702,3702,0.16806700825691223,
3703,3703,0.461795836687088,
3704,3704,0.4383435845375061,
3705,3705,0.4482981562614441,
3706,3706,0.41807687282562256,
3707,3707,0.4302266538143158,
3708,3708,0.46701040863990784,
3709,3709,0.44176629185676575,
3710,3710,0.4657975435256958,
3711,3711,0.44404077529907227,
3712,3712,0.4334944188594818,
3713,3713,0.4392924904823303,
3714,3714,0.43274763226509094,
3715,3715,0.41809597611427307,
3716,3716,0.4174021780490875,
3717,3717,0.4368273615837097,
3718,3718,0.37291088700294495,
3719,3719,0.44386792182922363,
3720,3720,0.42907240986824036,
3721,3721,0.42201918363571167,
3722,3722,0.4483526945114136,
3723,3723,0.4937857687473297,
3724,3724,0.6952323913574219,
3725,3725,0.4612353444099426,
3726,3726,0.45257067680358887,
3727,3727,0.4372320771217346,
3728,3728,0.43299350142478943,
3729,3729,0.45295292139053345,
3730,3730,0.4628118574619293,
3731,3731,0.4826287627220154,
3732,3732,0.4268263280391693,
3733,3733,0.4398554563522339,
3734,3734,0.4510285258293152,
3735,3735,0.4551922380924225,
3736,3736,0.4216998517513275,
3737,3737,0.44312843680381775,
3738,3738,0.44563397765159607,
3739,3739,0.4370637536048889,
3740,3740,0.5083766579627991,
3741,3741,0.4459097981452942,
3742,3742,0.44918885827064514,
3743,3743,0.45625489950180054,
3744,3744,0.44602978229522705,
3745,3745,0.47399938106536865,
3746,3746,0.44016245007514954,
3747,3747,0.4410982131958008,
3748,3748,0.3438515365123749,
3749,3749,,0.41747695207595825
3749,3749,0.41747695207595825,
3750,3750,0.46465563774108887,
3751,3751,0.4397348165512085,
3752,3752,0.44493189454078674,
3753,3753,0.4864650070667267,
3754,3754,0.49825748801231384,
3755,3755,0.4614312946796417,
3756,3756,0.506875216960907,
3757,3757,0.45373064279556274,
3758,3758,0.44573715329170227,
3759,3759,0.4185440242290497,
3760,3760,0.4862354099750519,
3761,3761,0.43973782658576965,
3762,3762,0.4287795126438141,
3763,3763,0.46252191066741943,
3764,3764,0.44655776023864746,
3765,3765,0.4429831802845001,
3766,3766,0.3894980251789093,
3767,3767,0.43423980474472046,
3768,3768,0.42555293440818787,
3769,3769,0.4470527172088623,
3770,3770,0.4329758286476135,
3771,3771,0.4478805661201477,
3772,3772,0.4106172025203705,
3773,3773,0.4070277214050293,
3774,3774,0.42573755979537964,
3775,3775,0.4449167847633362,
3776,3776,0.5436938405036926,
3777,3777,0.44170084595680237,
3778,3778,0.4419972896575928,
3779,3779,0.4394157826900482,
3780,3780,0.44323599338531494,
3781,3781,0.3921353816986084,
3782,3782,0.44232988357543945,
3783,3783,0.43384504318237305,
3784,3784,0.4272547662258148,
3785,3785,0.4197908639907837,
3786,3786,0.4097647964954376,
3787,3787,0.4545271098613739,
3788,3788,0.4641886055469513,
3789,3789,0.4283175766468048,
3790,3790,0.4205438196659088,
3791,3791,0.425569623708725,
3792,3792,0.47988712787628174,
3793,3793,0.4524000287055969,
3794,3794,0.43732142448425293,
3795,3795,0.4418085217475891,
3796,3796,0.4351447522640228,
3797,3797,0.4573431611061096,
3798,3798,0.45169198513031006,
3799,3799,,0.43820735812187195
3799,3799,0.43820735812187195,
3800,3800,0.4320422410964966,
3801,3801,0.4553903043270111,
3802,3802,0.44638895988464355,
3803,3803,0.4119654595851898,
3804,3804,0.4459379017353058,
3805,3805,0.4378868043422699,
3806,3806,0.44816094636917114,
3807,3807,0.4236918091773987,
3808,3808,0.4380112588405609,
3809,3809,0.4259450435638428,
3810,3810,0.45276308059692383,
3811,3811,0.4875616133213043,
3812,3812,0.43390223383903503,
3813,3813,0.4102274775505066,
3814,3814,0.4383091926574707,
3815,3815,0.43726617097854614,
3816,3816,0.45081233978271484,
3817,3817,0.44825759530067444,
3818,3818,0.45193830132484436,
3819,3819,0.5231131315231323,
3820,3820,0.4887855052947998,
3821,3821,0.4012412428855896,
3822,3822,0.5704076886177063,
3823,3823,0.4435793459415436,
3824,3824,0.5043787956237793,
3825,3825,0.4437336027622223,
3826,3826,0.45751744508743286,
3827,3827,0.45040127635002136,
3828,3828,0.4941682815551758,
3829,3829,0.44488412141799927,
3830,3830,0.390485018491745,
3831,3831,0.48059743642807007,
3832,3832,0.45340606570243835,
3833,3833,0.4321071207523346,
3834,3834,0.45186546444892883,
3835,3835,0.3892570734024048,
3836,3836,0.43226882815361023,
3837,3837,0.45017170906066895,
3838,3838,0.4517054259777069,
3839,3839,0.4397905766963959,
3840,3840,0.46482527256011963,
3841,3841,0.47349074482917786,
3842,3842,0.4529518187046051,
3843,3843,0.434064656496048,
3844,3844,0.5212515592575073,
3845,3845,0.4315020442008972,
3846,3846,0.45815375447273254,
3847,3847,0.46986109018325806,
3848,3848,0.4419384300708771,
3849,3849,,0.4284736216068268
3849,3849,0.4284736216068268,
3850,3850,0.4711501896381378,
3851,3851,0.5064774751663208,
3852,3852,0.30286234617233276,
3853,3853,0.4433649778366089,
3854,3854,0.44563400745391846,
3855,3855,0.40180402994155884,
3856,3856,0.42804840207099915,
3857,3857,0.4554145038127899,
3858,3858,0.4477125406265259,
3859,3859,0.27306419610977173,
3860,3860,0.46989646553993225,
3861,3861,0.45403626561164856,
3862,3862,0.42432689666748047,
3863,3863,0.4425199031829834,
3864,3864,0.43508461117744446,
3865,3865,0.4449054002761841,
3866,3866,0.44209614396095276,
3867,3867,0.4623596668243408,
3868,3868,0.44655531644821167,
3869,3869,0.45495274662971497,
3870,3870,0.43098509311676025,
3871,3871,0.44759219884872437,
3872,3872,0.45277777314186096,
3873,3873,0.4348503351211548,
3874,3874,0.40388062596321106,
3875,3875,0.41952288150787354,
3876,3876,0.40968480706214905,
3877,3877,0.4580102264881134,
3878,3878,0.4310949444770813,
3879,3879,0.4503769874572754,
3880,3880,0.3874366283416748,
3881,3881,0.4587855637073517,
3882,3882,0.4545849561691284,
3883,3883,0.4426468312740326,
3884,3884,0.4336487948894501,
3885,3885,0.4508259892463684,
3886,3886,0.43551480770111084,
3887,3887,0.4303590655326843,
3888,3888,0.3927890360355377,
3889,3889,0.43971893191337585,
3890,3890,0.3869389295578003,
3891,3891,0.4248153269290924,
3892,3892,0.43260887265205383,
3893,3893,0.44600358605384827,
3894,3894,0.44698968529701233,
3895,3895,0.45203253626823425,
3896,3896,0.4263328015804291,
3897,3897,0.430612176656723,
3898,3898,0.483679860830307,
3899,3899,,0.444991797208786
3899,3899,0.444991797208786,
3900,3900,0.5105734467506409,
3901,3901,0.4424856901168823,
3902,3902,0.4383814036846161,
3903,3903,0.4375660717487335,
3904,3904,0.363332599401474,
3905,3905,0.44445955753326416,
3906,3906,0.4890168607234955,
3907,3907,0.2621200978755951,
3908,3908,0.4427124857902527,
3909,3909,0.42301008105278015,
3910,3910,0.4214215874671936,
3911,3911,0.43286654353141785,
3912,3912,0.41587522625923157,
3913,3913,0.9767082333564758,
3914,3914,0.4396008551120758,
3915,3915,0.455199271440506,
3916,3916,0.46339118480682373,
3917,3917,0.44724422693252563,
3918,3918,0.5120537877082825,
3919,3919,0.4093319773674011,
3920,3920,0.4338054955005646,
3921,3921,0.4690421521663666,
3922,3922,0.4331110715866089,
3923,3923,0.452269583940506,
3924,3924,0.43106144666671753,
3925,3925,0.44384852051734924,
3926,3926,0.4798905551433563,
3927,3927,0.4599819779396057,
3928,3928,0.4736935496330261,
3929,3929,0.4501075744628906,
3930,3930,0.44406577944755554,
3931,3931,0.43937626481056213,
3932,3932,0.5036087036132812,
3933,3933,0.43668970465660095,
3934,3934,0.4521248936653137,
3935,3935,0.4477514326572418,
3936,3936,0.4464862048625946,
3937,3937,0.43706557154655457,
3938,3938,0.45080822706222534,
3939,3939,0.4348934292793274,
3940,3940,0.45924267172813416,
3941,3941,0.44419312477111816,
3942,3942,0.44275346398353577,
3943,3943,0.4320269227027893,
3944,3944,0.35428258776664734,
3945,3945,0.4377143085002899,
3946,3946,0.43505439162254333,
3947,3947,0.5154516100883484,
3948,3948,0.48393604159355164,
3949,3949,,0.3456410765647888
3949,3949,0.3456410765647888,
3950,3950,0.45243653655052185,
3951,3951,0.4344346821308136,
3952,3952,0.4357852339744568,
3953,3953,0.4393848478794098,
3954,3954,0.43291008472442627,
3955,3955,0.43077194690704346,
3956,3956,0.4260092079639435,
3957,3957,0.39006307721138,
3958,3958,0.45599085092544556,
3959,3959,0.43888023495674133,
3960,3960,0.4344685673713684,
3961,3961,0.3824162185192108,
3962,3962,0.46812349557876587,
3963,3963,0.29040277004241943,
3964,3964,0.4393436014652252,
3965,3965,0.4081168472766876,
3966,3966,0.44123440980911255,
3967,3967,0.43282169103622437,
3968,3968,0.4153176248073578,
3969,3969,0.4166238009929657,
3970,3970,0.43828946352005005,
3971,3971,0.43738603591918945,
3972,3972,0.4391840398311615,
3973,3973,0.41650325059890747,
3974,3974,0.4494116008281708,
3975,3975,0.43362677097320557,
3976,3976,0.44852206110954285,
3977,3977,0.4069252014160156,
3978,3978,0.42776402831077576,
3979,3979,0.43330609798431396,
3980,3980,0.42971184849739075,
3981,3981,0.43995246291160583,
3982,3982,0.44219085574150085,
3983,3983,0.43744248151779175,
3984,3984,0.41447052359580994,
3985,3985,0.43620234727859497,
3986,3986,0.43571096658706665,
3987,3987,0.4582299292087555,
3988,3988,0.4173341989517212,
3989,3989,0.4306621551513672,
3990,3990,0.43199819326400757,
3991,3991,0.4445149600505829,
3992,3992,0.4046057462692261,
3993,3993,0.42165637016296387,
3994,3994,0.39136794209480286,
3995,3995,0.44532907009124756,
3996,3996,0.4548691213130951,
3997,3997,0.45750918984413147,
3998,3998,0.638373076915741,
3999,3999,,0.44439151883125305
3999,3999,0.44439151883125305,
