epoch,step,train_loss_epoch,train_loss_step
0,0,0.35581013560295105,
1,1,0.32693517208099365,
2,2,0.28112855553627014,
3,3,0.26467227935791016,
4,4,0.25955623388290405,
5,5,0.2656395137310028,
6,6,0.23911729454994202,
7,7,0.23451358079910278,
8,8,0.21500825881958008,
9,9,0.2159450650215149,
10,10,0.1999530792236328,
11,11,0.1936887502670288,
12,12,0.19564029574394226,
13,13,0.1852540671825409,
14,14,0.1827021986246109,
15,15,0.17841582000255585,
16,16,0.1704891324043274,
17,17,0.1816238909959793,
18,18,0.16996745765209198,
19,19,0.1744513213634491,
20,20,0.1716940701007843,
21,21,0.17229965329170227,
22,22,0.1554444432258606,
23,23,0.161100372672081,
24,24,0.1597674936056137,
25,25,0.15417255461215973,
26,26,0.16371841728687286,
27,27,0.1573489010334015,
28,28,0.15660612285137177,
29,29,0.15107300877571106,
30,30,0.15120628476142883,
31,31,0.14922168850898743,
32,32,0.14999547600746155,
33,33,0.14719483256340027,
34,34,0.14376616477966309,
35,35,0.14615722000598907,
36,36,0.14466124773025513,
37,37,0.13688430190086365,
38,38,0.1401786208152771,
39,39,0.1452423334121704,
40,40,0.1435161828994751,
41,41,0.1464037299156189,
42,42,0.14051248133182526,
43,43,0.13804419338703156,
44,44,0.14559844136238098,
45,45,0.13470445573329926,
46,46,0.1386052519083023,
47,47,0.133097842335701,
48,48,0.13841766119003296,
49,49,,0.1306581348180771
49,49,0.1306581348180771,
50,50,0.12988820672035217,
51,51,0.1330791413784027,
52,52,0.13017824292182922,
53,53,0.12735489010810852,
54,54,0.12793071568012238,
55,55,0.12743976712226868,
56,56,0.12379870563745499,
57,57,0.12349686026573181,
58,58,0.12179280817508698,
59,59,0.12406986206769943,
60,60,0.12532386183738708,
61,61,0.12389940768480301,
62,62,0.11329120397567749,
63,63,0.11877305805683136,
64,64,0.125414177775383,
65,65,0.1220085471868515,
66,66,0.1162354052066803,
67,67,0.11388052254915237,
68,68,0.10703061521053314,
69,69,0.11264832317829132,
70,70,0.11079753190279007,
71,71,0.11142206192016602,
72,72,0.10638492554426193,
73,73,0.1076856404542923,
74,74,0.10673072934150696,
75,75,0.11200591921806335,
76,76,0.10115006566047668,
77,77,0.1061883494257927,
78,78,0.10635659098625183,
79,79,0.10386300832033157,
80,80,0.10143473744392395,
81,81,0.10089199244976044,
82,82,0.10165175795555115,
83,83,0.10238605737686157,
84,84,0.09878826141357422,
85,85,0.1018298864364624,
86,86,0.09609057754278183,
87,87,0.09241660684347153,
88,88,0.09422630816698074,
89,89,0.09594279527664185,
90,90,0.08984746038913727,
91,91,0.0896567851305008,
92,92,0.09500997513532639,
93,93,0.09386222809553146,
94,94,0.0902511402964592,
95,95,0.09359582513570786,
96,96,0.08878228813409805,
97,97,0.09025869518518448,
98,98,0.08657470345497131,
99,99,,0.08377981930971146
99,99,0.08377981930971146,
100,100,0.08699248731136322,
101,101,0.0820511132478714,
102,102,0.08492118120193481,
103,103,0.08428993821144104,
104,104,0.08553458005189896,
105,105,0.08338746428489685,
106,106,0.08188050985336304,
107,107,0.08081687986850739,
108,108,0.0806213766336441,
109,109,0.0807826891541481,
110,110,0.0775817334651947,
111,111,0.07647648453712463,
112,112,0.08083977550268173,
113,113,0.07863069325685501,
114,114,0.07720010727643967,
115,115,0.07439301162958145,
116,116,0.07346612960100174,
117,117,0.0711815282702446,
118,118,0.07513011246919632,
119,119,0.07364538311958313,
120,120,0.06881536543369293,
121,121,0.06992673873901367,
122,122,0.06664790958166122,
123,123,0.0696244090795517,
124,124,0.06948238611221313,
125,125,0.06804016977548599,
126,126,0.06659125536680222,
127,127,0.06502354890108109,
128,128,0.06659871339797974,
129,129,0.06631682813167572,
130,130,0.06333685666322708,
131,131,0.06537753343582153,
132,132,0.06478024274110794,
133,133,0.06367319822311401,
134,134,0.06288113445043564,
135,135,0.06276852637529373,
136,136,0.061767637729644775,
137,137,0.06186322867870331,
138,138,0.059915293008089066,
139,139,0.06177423894405365,
140,140,0.05814868211746216,
141,141,0.05918566510081291,
142,142,0.05911038815975189,
143,143,0.05940379947423935,
144,144,0.05806208774447441,
145,145,0.0578048899769783,
146,146,0.0601961575448513,
147,147,0.054007310420274734,
148,148,0.055353935807943344,
149,149,,0.057143595069646835
149,149,0.057143595069646835,
150,150,0.05421881377696991,
151,151,0.056013353168964386,
152,152,0.05486239120364189,
153,153,0.056161295622587204,
154,154,0.05511638522148132,
155,155,0.04861078038811684,
156,156,0.05432567745447159,
157,157,0.054242558777332306,
158,158,0.0547688826918602,
159,159,0.051214735954999924,
160,160,0.05585356056690216,
161,161,0.05201425775885582,
162,162,0.05166810378432274,
163,163,0.05373724550008774,
164,164,0.05007877200841904,
165,165,0.050623632967472076,
166,166,0.04984297230839729,
167,167,0.05128990486264229,
168,168,0.048517532646656036,
169,169,0.049548421055078506,
170,170,0.05064785107970238,
171,171,0.050525955855846405,
172,172,0.05044933408498764,
173,173,0.05005393922328949,
174,174,0.05165956914424896,
175,175,0.04737686738371849,
176,176,0.04888157173991203,
177,177,0.04650278016924858,
178,178,0.05154169723391533,
179,179,0.04783317446708679,
180,180,0.047997526824474335,
181,181,0.04799049347639084,
182,182,0.05005998536944389,
183,183,0.0459865927696228,
184,184,0.04937227815389633,
185,185,0.04384196549654007,
186,186,0.04731660708785057,
187,187,0.046207495033741,
188,188,0.04591319337487221,
189,189,0.045808710157871246,
190,190,0.042703982442617416,
191,191,0.04891878366470337,
192,192,0.04609549045562744,
193,193,0.04595918208360672,
194,194,0.04432334750890732,
195,195,0.046349577605724335,
196,196,0.0468066968023777,
197,197,0.045473016798496246,
198,198,0.047652121633291245,
199,199,,0.04478805512189865
199,199,0.04478805512189865,
200,200,0.046969953924417496,
201,201,0.04297575727105141,
202,202,0.04407808929681778,
203,203,0.04094591364264488,
204,204,0.044978074729442596,
205,205,0.046887900680303574,
206,206,0.044468995183706284,
207,207,0.04320894181728363,
208,208,0.04405497759580612,
209,209,0.04503612592816353,
210,210,0.04539934918284416,
211,211,0.04350351542234421,
212,212,0.04142354056239128,
213,213,0.04347020387649536,
214,214,0.042453739792108536,
215,215,0.04318690299987793,
216,216,0.04279603064060211,
217,217,0.044313784688711166,
218,218,0.04408777877688408,
219,219,0.04424446076154709,
220,220,0.04243855178356171,
221,221,0.042270727455616,
222,222,0.04464459791779518,
223,223,0.043061912059783936,
224,224,0.04490705952048302,
225,225,0.040991317480802536,
226,226,0.04281634837388992,
227,227,0.043932098895311356,
228,228,0.04393372684717178,
229,229,0.04321717470884323,
230,230,0.041793227195739746,
231,231,0.042253121733665466,
232,232,0.0422743521630764,
233,233,0.0428982637822628,
234,234,0.043425146490335464,
235,235,0.04244551435112953,
236,236,0.040973179042339325,
237,237,0.04227783903479576,
238,238,0.043022964149713516,
239,239,0.04379567876458168,
240,240,0.038890641182661057,
241,241,0.04622149467468262,
242,242,0.043753381818532944,
243,243,0.04200812056660652,
244,244,0.040950220078229904,
245,245,0.04056156426668167,
246,246,0.04442163184285164,
247,247,0.04222826287150383,
248,248,0.041793160140514374,
249,249,,0.04389265179634094
249,249,0.04389265179634094,
250,250,0.040988508611917496,
251,251,0.040695738047361374,
252,252,0.04185033589601517,
253,253,0.04373425617814064,
254,254,0.04289437457919121,
255,255,0.04229578748345375,
256,256,0.04220428317785263,
257,257,0.04180720075964928,
258,258,0.043058425188064575,
259,259,0.04330775886774063,
260,260,0.041280847042798996,
261,261,0.043299976736307144,
262,262,0.04459860920906067,
263,263,0.041038841009140015,
264,264,0.04086050018668175,
265,265,0.04340764135122299,
266,266,0.04164109379053116,
267,267,0.04507045820355415,
268,268,0.04208806902170181,
269,269,0.04409901052713394,
270,270,0.041631437838077545,
271,271,0.042462389916181564,
272,272,0.042708512395620346,
273,273,0.0435422919690609,
274,274,0.042754705995321274,
275,275,0.0409659743309021,
276,276,0.04078920930624008,
277,277,0.03992115333676338,
278,278,0.04293324798345566,
279,279,0.042249083518981934,
280,280,0.04172257333993912,
281,281,0.04240293800830841,
282,282,0.04088175669312477,
283,283,0.04108976945281029,
284,284,0.04203888773918152,
285,285,0.04124165326356888,
286,286,0.04068088158965111,
287,287,0.042468976229429245,
288,288,0.04401397332549095,
289,289,0.040961336344480515,
290,290,0.04292995482683182,
291,291,0.04115033522248268,
292,292,0.04280476272106171,
293,293,0.04340234398841858,
294,294,0.04165269061923027,
295,295,0.04148729145526886,
296,296,0.040408167988061905,
297,297,0.04026492312550545,
298,298,0.041491907089948654,
299,299,,0.042096301913261414
299,299,0.042096301913261414,
300,300,0.04234999045729637,
301,301,0.041330594569444656,
302,302,0.04222863167524338,
303,303,0.04099249839782715,
304,304,0.043370988219976425,
305,305,0.04092658311128616,
306,306,0.042116425931453705,
307,307,0.03941456228494644,
308,308,0.043260812759399414,
309,309,0.04145209491252899,
310,310,0.03948820382356644,
311,311,0.04199417307972908,
312,312,0.04408549517393112,
313,313,0.042314786463975906,
314,314,0.04002238065004349,
315,315,0.04092913493514061,
316,316,0.04348983243107796,
317,317,0.03986555337905884,
318,318,0.040292639285326004,
319,319,0.039884261786937714,
320,320,0.041039835661649704,
321,321,0.04109930992126465,
322,322,0.041062284260988235,
323,323,0.043031807988882065,
324,324,0.04152613878250122,
325,325,0.04053522273898125,
326,326,0.04300182685256004,
327,327,0.041154541075229645,
328,328,0.04129105433821678,
329,329,0.04334167763590813,
330,330,0.04155338183045387,
331,331,0.04180477559566498,
332,332,0.04005802050232887,
333,333,0.04110260307788849,
334,334,0.04110657423734665,
335,335,0.040278684347867966,
336,336,0.0392967127263546,
337,337,0.0411037802696228,
338,338,0.04279584065079689,
339,339,0.039983052760362625,
340,340,0.04075740650296211,
341,341,0.04085073247551918,
342,342,0.04208621382713318,
343,343,0.0408519022166729,
344,344,0.044012509286403656,
345,345,0.0433863028883934,
346,346,0.040317047387361526,
347,347,0.04294377937912941,
348,348,0.041886698454618454,
349,349,,0.040108341723680496
349,349,0.040108341723680496,
350,350,0.03986157849431038,
351,351,0.042092274874448776,
352,352,0.04331107437610626,
353,353,0.04077880084514618,
354,354,0.04127637296915054,
355,355,0.04231024906039238,
356,356,0.03972205892205238,
357,357,0.04041537642478943,
358,358,0.04266132786870003,
359,359,0.04165947437286377,
360,360,0.04341050982475281,
361,361,0.03961438685655594,
362,362,0.041221633553504944,
363,363,0.04140721261501312,
364,364,0.039532825350761414,
365,365,0.03957824781537056,
366,366,0.04046175256371498,
367,367,0.03974223881959915,
368,368,0.04273582622408867,
369,369,0.04184580221772194,
370,370,0.043452754616737366,
371,371,0.043060753494501114,
372,372,0.041483040899038315,
373,373,0.04151273891329765,
374,374,0.043058864772319794,
375,375,0.04008520767092705,
376,376,0.04048362001776695,
377,377,0.04023612663149834,
378,378,0.040516551584005356,
379,379,0.041644852608442307,
380,380,0.04180331155657768,
381,381,0.04197992384433746,
382,382,0.03997008502483368,
383,383,0.04140259698033333,
384,384,0.03892654553055763,
385,385,0.04120202362537384,
386,386,0.04258666932582855,
387,387,0.04189927130937576,
388,388,0.04195729270577431,
389,389,0.040825922042131424,
390,390,0.04095922410488129,
391,391,0.041635118424892426,
392,392,0.040480758994817734,
393,393,0.042964208871126175,
394,394,0.04243580624461174,
395,395,0.04104815050959587,
396,396,0.0412466824054718,
397,397,0.041093241423368454,
398,398,0.04114536941051483,
399,399,,0.04127257689833641
399,399,0.04127257689833641,
400,400,0.041213300079107285,
401,401,0.042676497250795364,
402,402,0.042993538081645966,
403,403,0.04192414507269859,
404,404,0.041282277554273605,
405,405,0.04022800549864769,
406,406,0.04178109019994736,
407,407,0.040898505598306656,
408,408,0.03949282690882683,
409,409,0.039233844727277756,
410,410,0.041127175092697144,
411,411,0.04092293232679367,
412,412,0.04032353311777115,
413,413,0.04070170968770981,
414,414,0.04179982468485832,
415,415,0.04062514752149582,
416,416,0.042205169796943665,
417,417,0.04345725476741791,
418,418,0.03950091078877449,
419,419,0.04044847562909126,
420,420,0.042071666568517685,
421,421,0.04356766492128372,
422,422,0.041293226182460785,
423,423,0.0396818071603775,
424,424,0.043230798095464706,
425,425,0.04287015274167061,
426,426,0.04293307289481163,
427,427,0.03953654691576958,
428,428,0.041385434567928314,
429,429,0.04121996462345123,
430,430,0.040798213332891464,
431,431,0.043136660009622574,
432,432,0.04120073467493057,
433,433,0.04131383076310158,
434,434,0.04130043089389801,
435,435,0.04151216894388199,
436,436,0.04423075169324875,
437,437,0.04240863397717476,
438,438,0.04314759746193886,
439,439,0.04158923774957657,
440,440,0.041835252195596695,
441,441,0.040856778621673584,
442,442,0.04128596931695938,
443,443,0.041424620896577835,
444,444,0.04092768579721451,
445,445,0.041562095284461975,
446,446,0.04240581393241882,
447,447,0.041323576122522354,
448,448,0.03951376676559448,
449,449,,0.040783531963825226
449,449,0.040783531963825226,
450,450,0.04016232118010521,
451,451,0.04144662618637085,
452,452,0.041771356016397476,
453,453,0.04079066589474678,
454,454,0.04252326115965843,
455,455,0.041823022067546844,
456,456,0.04068848118185997,
457,457,0.04020824655890465,
458,458,0.041445061564445496,
459,459,0.040792424231767654,
460,460,0.042501043528318405,
461,461,0.04031926766037941,
462,462,0.04005887731909752,
463,463,0.039985328912734985,
464,464,0.041806336492300034,
465,465,0.04118374362587929,
466,466,0.04113972187042236,
467,467,0.04041464999318123,
468,468,0.04080306738615036,
469,469,0.04077005013823509,
470,470,0.04057564213871956,
471,471,0.04358760640025139,
472,472,0.04236587882041931,
473,473,0.041874706745147705,
474,474,0.040078695863485336,
475,475,0.04100792109966278,
476,476,0.039918579161167145,
477,477,0.03901021555066109,
478,478,0.04039140045642853,
479,479,0.040053922683000565,
480,480,0.04199489578604698,
481,481,0.04326237365603447,
482,482,0.04141630232334137,
483,483,0.041373077780008316,
484,484,0.041733868420124054,
485,485,0.04115620255470276,
486,486,0.0419418141245842,
487,487,0.04141268506646156,
488,488,0.04175981879234314,
489,489,0.04129106551408768,
490,490,0.04072750732302666,
491,491,0.04153916984796524,
492,492,0.039887867867946625,
493,493,0.045421190559864044,
494,494,0.041891343891620636,
495,495,0.04040531441569328,
496,496,0.04285494610667229,
497,497,0.04092714190483093,
498,498,0.041708994656801224,
499,499,,0.04112314432859421
499,499,0.04112314432859421,
500,500,0.04048435762524605,
501,501,0.039403337985277176,
502,502,0.04206514731049538,
503,503,0.03992003947496414,
504,504,0.03936969116330147,
505,505,0.0404522567987442,
506,506,0.04150228574872017,
507,507,0.04012278839945793,
508,508,0.040627557784318924,
509,509,0.04179228097200394,
510,510,0.04008682072162628,
511,511,0.03657155856490135,
512,512,0.041802890598773956,
513,513,0.04153257980942726,
514,514,0.041268590837717056,
515,515,0.041057512164115906,
516,516,0.040992435067892075,
517,517,0.04035017639398575,
518,518,0.04326378554105759,
519,519,0.04180336743593216,
520,520,0.04053371772170067,
521,521,0.04097914323210716,
522,522,0.04147014394402504,
523,523,0.039989300072193146,
524,524,0.04138698801398277,
525,525,0.044408686459064484,
526,526,0.04435616731643677,
527,527,0.04148005694150925,
528,528,0.041467733681201935,
529,529,0.040588341653347015,
530,530,0.04086560010910034,
531,531,0.04191160947084427,
532,532,0.03869057446718216,
533,533,0.04195473715662956,
534,534,0.038147784769535065,
535,535,0.040950410068035126,
536,536,0.04023813083767891,
537,537,0.041188739240169525,
538,538,0.040626682341098785,
539,539,0.041507329791784286,
540,540,0.04314501956105232,
541,541,0.03868277743458748,
542,542,0.04151252284646034,
543,543,0.04098563268780708,
544,544,0.04173322394490242,
545,545,0.04448239132761955,
546,546,0.042497728019952774,
547,547,0.04165223240852356,
548,548,0.04153392091393471,
549,549,,0.04560130834579468
549,549,0.04560130834579468,
550,550,0.0399957001209259,
551,551,0.041237637400627136,
552,552,0.04208637773990631,
553,553,0.04016038030385971,
554,554,0.041040852665901184,
555,555,0.04391574487090111,
556,556,0.04017749801278114,
557,557,0.04192733019590378,
558,558,0.04105837643146515,
559,559,0.04125107452273369,
560,560,0.043427832424640656,
561,561,0.04204254969954491,
562,562,0.040995702147483826,
563,563,0.03931678831577301,
564,564,0.03721417486667633,
565,565,0.04044757038354874,
566,566,0.04053919389843941,
567,567,0.04144210368394852,
568,568,0.040960170328617096,
569,569,0.040724050253629684,
570,570,0.04098503291606903,
571,571,0.04107360169291496,
572,572,0.039997320622205734,
573,573,0.042875587940216064,
574,574,0.04264669120311737,
575,575,0.040620479732751846,
576,576,0.04083991423249245,
577,577,0.03802343085408211,
578,578,0.038807373493909836,
579,579,0.04026200622320175,
580,580,0.03860067203640938,
581,581,0.04180231690406799,
582,582,0.04307232424616814,
583,583,0.04170230031013489,
584,584,0.04463738203048706,
585,585,0.04104512929916382,
586,586,0.0418374203145504,
587,587,0.040039245039224625,
588,588,0.04280151426792145,
589,589,0.040761902928352356,
590,590,0.04099290445446968,
591,591,0.039815425872802734,
592,592,0.04125197231769562,
593,593,0.043371930718421936,
594,594,0.04350469261407852,
595,595,0.04149207845330238,
596,596,0.03838111832737923,
597,597,0.041185155510902405,
598,598,0.03955905884504318,
599,599,,0.04172930866479874
599,599,0.04172930866479874,
600,600,0.04092084616422653,
601,601,0.039714522659778595,
602,602,0.04079189524054527,
603,603,0.039391666650772095,
604,604,0.04272906854748726,
605,605,0.04133109003305435,
606,606,0.04104595631361008,
607,607,0.04280625656247139,
608,608,0.04133743792772293,
609,609,0.04174162819981575,
610,610,0.04111006110906601,
611,611,0.04072319343686104,
612,612,0.0409807525575161,
613,613,0.040420472621917725,
614,614,0.041880737990140915,
615,615,0.04104338586330414,
616,616,0.04144572839140892,
617,617,0.04230367764830589,
618,618,0.04472320154309273,
619,619,0.03846685215830803,
620,620,0.043541837483644485,
621,621,0.043880924582481384,
622,622,0.04044771194458008,
623,623,0.043019432574510574,
624,624,0.03889806196093559,
625,625,0.040362849831581116,
626,626,0.03989190608263016,
627,627,0.040772438049316406,
628,628,0.041836488991975784,
629,629,0.0413554310798645,
630,630,0.04266413673758507,
631,631,0.042009368538856506,
632,632,0.03974205628037453,
633,633,0.04371173307299614,
634,634,0.04076095297932625,
635,635,0.04059569910168648,
636,636,0.04023394733667374,
637,637,0.0394829586148262,
638,638,0.04163582995533943,
639,639,0.040550485253334045,
640,640,0.03815915808081627,
641,641,0.04085029289126396,
642,642,0.038725417107343674,
643,643,0.03836556896567345,
644,644,0.03798356279730797,
645,645,0.04441918060183525,
646,646,0.042658861726522446,
647,647,0.04097162187099457,
648,648,0.042024970054626465,
649,649,,0.04141702502965927
649,649,0.04141702502965927,
650,650,0.041142042726278305,
651,651,0.04148062691092491,
652,652,0.03867586702108383,
653,653,0.040068622678518295,
654,654,0.04011864215135574,
655,655,0.04204050824046135,
656,656,0.04087390750646591,
657,657,0.04293055087327957,
658,658,0.04037044942378998,
659,659,0.04150695726275444,
660,660,0.0387338325381279,
661,661,0.040784336626529694,
662,662,0.04296775534749031,
663,663,0.03709494695067406,
664,664,0.04065629839897156,
665,665,0.041605036705732346,
666,666,0.040967557579278946,
667,667,0.03947492316365242,
668,668,0.04187736287713051,
669,669,0.041402775794267654,
670,670,0.04089203104376793,
671,671,0.04038951173424721,
672,672,0.04101726785302162,
673,673,0.04058932885527611,
674,674,0.04176625981926918,
675,675,0.04106537625193596,
676,676,0.03902626782655716,
677,677,0.040394555777311325,
678,678,0.04297613725066185,
679,679,0.040788132697343826,
680,680,0.040369048714637756,
681,681,0.03891746327280998,
682,682,0.040433116257190704,
683,683,0.041459694504737854,
684,684,0.040208689868450165,
685,685,0.03910885751247406,
686,686,0.039528243243694305,
687,687,0.04108152911067009,
688,688,0.043146755546331406,
689,689,0.04235975444316864,
690,690,0.043178439140319824,
691,691,0.040414825081825256,
692,692,0.04195572808384895,
693,693,0.03995685651898384,
694,694,0.04230790212750435,
695,695,0.040294524282217026,
696,696,0.04118058830499649,
697,697,0.04308980703353882,
698,698,0.038604769855737686,
699,699,,0.04134099557995796
699,699,0.04134099557995796,
700,700,0.04171319305896759,
701,701,0.04193049669265747,
702,702,0.03702932596206665,
703,703,0.0409691147506237,
704,704,0.0408903993666172,
705,705,0.041085824370384216,
706,706,0.039302416145801544,
707,707,0.04146299883723259,
708,708,0.04196499288082123,
709,709,0.04077071696519852,
710,710,0.04268156737089157,
711,711,0.041037216782569885,
712,712,0.04208248108625412,
713,713,0.040823690593242645,
714,714,0.043165065348148346,
715,715,0.04103119671344757,
716,716,0.040304429829120636,
717,717,0.04110218212008476,
718,718,0.04033073037862778,
719,719,0.04356186091899872,
720,720,0.042408473789691925,
721,721,0.04017200693488121,
722,722,0.04321351274847984,
723,723,0.04169134423136711,
724,724,0.04065658152103424,
725,725,0.041160810738801956,
726,726,0.04061993584036827,
727,727,0.042253002524375916,
728,728,0.04133519530296326,
729,729,0.039888594299554825,
730,730,0.039688434451818466,
731,731,0.04041488841176033,
732,732,0.04022960364818573,
733,733,0.04055268317461014,
734,734,0.04222720488905907,
735,735,0.04087250307202339,
736,736,0.03967840224504471,
737,737,0.03997033089399338,
738,738,0.04046384617686272,
739,739,0.03757234290242195,
740,740,0.040887169539928436,
741,741,0.04070007801055908,
742,742,0.04122360050678253,
743,743,0.0408531054854393,
744,744,0.039520345628261566,
745,745,0.041775450110435486,
746,746,0.03935632482171059,
747,747,0.039355140179395676,
748,748,0.039553552865982056,
749,749,,0.042619023472070694
749,749,0.042619023472070694,
750,750,0.04144662991166115,
751,751,0.0396258682012558,
752,752,0.039497777819633484,
753,753,0.04197506979107857,
754,754,0.04035462811589241,
755,755,0.04243849962949753,
756,756,0.040618859231472015,
757,757,0.04050394520163536,
758,758,0.04025312513113022,
759,759,0.038187239319086075,
760,760,0.04042227193713188,
761,761,0.040841974318027496,
762,762,0.04069431871175766,
763,763,0.040094632655382156,
764,764,0.04061685875058174,
765,765,0.039971113204956055,
766,766,0.04083995521068573,
767,767,0.040675949305295944,
768,768,0.04063079506158829,
769,769,0.03902347758412361,
770,770,0.041148919612169266,
771,771,0.04023328050971031,
772,772,0.03963225707411766,
773,773,0.03957730531692505,
774,774,0.041776061058044434,
775,775,0.04021795466542244,
776,776,0.04025394096970558,
777,777,0.03910467028617859,
778,778,0.041636694222688675,
779,779,0.0397474505007267,
780,780,0.041991621255874634,
781,781,0.04188269376754761,
782,782,0.039683349430561066,
783,783,0.03998764604330063,
784,784,0.039622023701667786,
785,785,0.04035617411136627,
786,786,0.039581622928380966,
787,787,0.04109662398695946,
788,788,0.041868701577186584,
789,789,0.04127858579158783,
790,790,0.042324502021074295,
791,791,0.04018993303179741,
792,792,0.040605735033750534,
793,793,0.04538820683956146,
794,794,0.04155969247221947,
795,795,0.03982062265276909,
796,796,0.040767185389995575,
797,797,0.04143882542848587,
798,798,0.043410301208496094,
799,799,,0.038537222892045975
799,799,0.038537222892045975,
800,800,0.03936154767870903,
801,801,0.03831052407622337,
802,802,0.041490133851766586,
803,803,0.04094143211841583,
804,804,0.042263858020305634,
805,805,0.03947704657912254,
806,806,0.038474246859550476,
807,807,0.03986315056681633,
808,808,0.039866380393505096,
809,809,0.03998388350009918,
810,810,0.04046109691262245,
811,811,0.037842195481061935,
812,812,0.04312252998352051,
813,813,0.040739309042692184,
814,814,0.03972974047064781,
815,815,0.041950568556785583,
816,816,0.03833755478262901,
817,817,0.03664261847734451,
818,818,0.04070724919438362,
819,819,0.03935941681265831,
820,820,0.04148148000240326,
821,821,0.03919820860028267,
822,822,0.035556942224502563,
823,823,0.03994927555322647,
824,824,0.04012586921453476,
825,825,0.04031418263912201,
826,826,0.040180549025535583,
827,827,0.04116278514266014,
828,828,0.041898638010025024,
829,829,0.042931392788887024,
830,830,0.03938571736216545,
831,831,0.042604103684425354,
832,832,0.04108058288693428,
833,833,0.03867984190583229,
834,834,0.03546323999762535,
835,835,0.040759216994047165,
836,836,0.03722862899303436,
837,837,0.041578855365514755,
838,838,0.04369911551475525,
839,839,0.03994706645607948,
840,840,0.039561741054058075,
841,841,0.04149705171585083,
842,842,0.04229411855340004,
843,843,0.03943789750337601,
844,844,0.04068274423480034,
845,845,0.040567655116319656,
846,846,0.04172959178686142,
847,847,0.03920824080705643,
848,848,0.03956690430641174,
849,849,,0.04014364629983902
849,849,0.04014364629983902,
850,850,0.03853930905461311,
851,851,0.0417071096599102,
852,852,0.03717433288693428,
853,853,0.03892043977975845,
854,854,0.03897397965192795,
855,855,0.04010019078850746,
856,856,0.039638400077819824,
857,857,0.042079243808984756,
858,858,0.039603400975465775,
859,859,0.040381141006946564,
860,860,0.038922641426324844,
861,861,0.03775273635983467,
862,862,0.03958076983690262,
863,863,0.039362069219350815,
864,864,0.0379287414252758,
865,865,0.03764227777719498,
866,866,0.04015149921178818,
867,867,0.039457328617572784,
868,868,0.03909948095679283,
869,869,0.04168589040637016,
870,870,0.03832700103521347,
871,871,0.040268052369356155,
872,872,0.03936661407351494,
873,873,0.0377049446105957,
874,874,0.039223071187734604,
875,875,0.038258910179138184,
876,876,0.03882097080349922,
877,877,0.03892261162400246,
878,878,0.04044148698449135,
879,879,0.03782522678375244,
880,880,0.03782150149345398,
881,881,0.039036232978105545,
882,882,0.03930821642279625,
883,883,0.03685210645198822,
884,884,0.038721248507499695,
885,885,0.03827397897839546,
886,886,0.044178787618875504,
887,887,0.04048481583595276,
888,888,0.038115911185741425,
889,889,0.0385495088994503,
890,890,0.03833601251244545,
891,891,0.037741921842098236,
892,892,0.038331642746925354,
893,893,0.03982359915971756,
894,894,0.03915257006883621,
895,895,0.03872577100992203,
896,896,0.041773371398448944,
897,897,0.03827962279319763,
898,898,0.03954414650797844,
899,899,,0.03850782290101051
899,899,0.03850782290101051,
900,900,0.03679218888282776,
901,901,0.037752341479063034,
902,902,0.037514183670282364,
903,903,0.038025010377168655,
904,904,0.037872690707445145,
905,905,0.037549782544374466,
906,906,0.03621503710746765,
907,907,0.03863631561398506,
908,908,0.04246167838573456,
909,909,0.036539264023303986,
910,910,0.03787468001246452,
911,911,0.0386030413210392,
912,912,0.03557821735739708,
913,913,0.03945783153176308,
914,914,0.04032856225967407,
915,915,0.03798294439911842,
916,916,0.037688568234443665,
917,917,0.037860218435525894,
918,918,0.03659962862730026,
919,919,0.036613017320632935,
920,920,0.0375046581029892,
921,921,0.03734487667679787,
922,922,0.037676792591810226,
923,923,0.03926675021648407,
924,924,0.03887823596596718,
925,925,0.03642524778842926,
926,926,0.0365346297621727,
927,927,0.03704186528921127,
928,928,0.03788472339510918,
929,929,0.03773200139403343,
930,930,0.03677264228463173,
931,931,0.03571107238531113,
932,932,0.038899730890989304,
933,933,0.03748100996017456,
934,934,0.03591831773519516,
935,935,0.036876920610666275,
936,936,0.03647097200155258,
937,937,0.03708802908658981,
938,938,0.037601616233587265,
939,939,0.03692688047885895,
940,940,0.035840366035699844,
941,941,0.037321124225854874,
942,942,0.035351142287254333,
943,943,0.035323478281497955,
944,944,0.03551895543932915,
945,945,0.03869033604860306,
946,946,0.03714665025472641,
947,947,0.03603498637676239,
948,948,0.03489764779806137,
949,949,,0.035265516489744186
949,949,0.035265516489744186,
950,950,0.03582627326250076,
951,951,0.03547588735818863,
952,952,0.03530889376997948,
953,953,0.04143300652503967,
954,954,0.037046052515506744,
955,955,0.037870679050683975,
956,956,0.03680793568491936,
957,957,0.03654933720827103,
958,958,0.0348694808781147,
959,959,0.0347253680229187,
960,960,0.03498292714357376,
961,961,0.03562507778406143,
962,962,0.03808726742863655,
963,963,0.035877030342817307,
964,964,0.03624473512172699,
965,965,0.0358365923166275,
966,966,0.03640583157539368,
967,967,0.03603462874889374,
968,968,0.03581327199935913,
969,969,0.03572753816843033,
970,970,0.03488953784108162,
971,971,0.03638998419046402,
972,972,0.03563549369573593,
973,973,0.03383965790271759,
974,974,0.03837507963180542,
975,975,0.03543362021446228,
976,976,0.03732268884778023,
977,977,0.035822656005620956,
978,978,0.03445068374276161,
979,979,0.035495348274707794,
980,980,0.03576997295022011,
981,981,0.038060080260038376,
982,982,0.034616079181432724,
983,983,0.03513635694980621,
984,984,0.03753964230418205,
985,985,0.03607987239956856,
986,986,0.03885623440146446,
987,987,0.03513268008828163,
988,988,0.03514145687222481,
989,989,0.03939544036984444,
990,990,0.03663310036063194,
991,991,0.034954242408275604,
992,992,0.036081429570913315,
993,993,0.034463487565517426,
994,994,0.03371651843190193,
995,995,0.035496409982442856,
996,996,0.03462064266204834,
997,997,0.03287031501531601,
998,998,0.03211809694766998,
999,999,,0.03506307676434517
999,999,0.03506307676434517,
1000,1000,0.033186063170433044,
1001,1001,0.03501831367611885,
1002,1002,0.034305501729249954,
1003,1003,0.03652443364262581,
1004,1004,0.03421373665332794,
1005,1005,0.033520426601171494,
1006,1006,0.033408645540475845,
1007,1007,0.03462155908346176,
1008,1008,0.03454533591866493,
1009,1009,0.03346198424696922,
1010,1010,0.034980759024620056,
1011,1011,0.03503810986876488,
1012,1012,0.03471214324235916,
1013,1013,0.03327316418290138,
1014,1014,0.034506965428590775,
1015,1015,0.033354878425598145,
1016,1016,0.03277260437607765,
1017,1017,0.03485098481178284,
1018,1018,0.0327167883515358,
1019,1019,0.03286292031407356,
1020,1020,0.0343598909676075,
1021,1021,0.037614163011312485,
1022,1022,0.03355899825692177,
1023,1023,0.03392632305622101,
1024,1024,0.03326614573597908,
1025,1025,0.034120190888643265,
1026,1026,0.033751796931028366,
1027,1027,0.035362228751182556,
1028,1028,0.032578982412815094,
1029,1029,0.032699961215257645,
1030,1030,0.03268967568874359,
1031,1031,0.03222711384296417,
1032,1032,0.03283695876598358,
1033,1033,0.03286074101924896,
1034,1034,0.035178814083337784,
1035,1035,0.033485639840364456,
1036,1036,0.0327441543340683,
1037,1037,0.032582007348537445,
1038,1038,0.03255908563733101,
1039,1039,0.035040006041526794,
1040,1040,0.03322014585137367,
1041,1041,0.03371194005012512,
1042,1042,0.03374428302049637,
1043,1043,0.033937741070985794,
1044,1044,0.03704393655061722,
1045,1045,0.03569946065545082,
1046,1046,0.03296343609690666,
1047,1047,0.03412673994898796,
1048,1048,0.03267471864819527,
1049,1049,,0.033711135387420654
1049,1049,0.033711135387420654,
1050,1050,0.0302658062428236,
1051,1051,0.0326567105948925,
1052,1052,0.033532530069351196,
1053,1053,0.0347784161567688,
1054,1054,0.03180946409702301,
1055,1055,0.033002808690071106,
1056,1056,0.03263586014509201,
1057,1057,0.03698068857192993,
1058,1058,0.03332215175032616,
1059,1059,0.031148003414273262,
1060,1060,0.030728481709957123,
1061,1061,0.035011205822229385,
1062,1062,0.03370385617017746,
1063,1063,0.03322947397828102,
1064,1064,0.0328788086771965,
1065,1065,0.032296355813741684,
1066,1066,0.032587409019470215,
1067,1067,0.03282314911484718,
1068,1068,0.0322764590382576,
1069,1069,0.03285473212599754,
1070,1070,0.03086686134338379,
1071,1071,0.03214342147111893,
1072,1072,0.03149696812033653,
1073,1073,0.03291843831539154,
1074,1074,0.033060114830732346,
1075,1075,0.033370763063430786,
1076,1076,0.033081620931625366,
1077,1077,0.032754555344581604,
1078,1078,0.03229111060500145,
1079,1079,0.03228868544101715,
1080,1080,0.03273274376988411,
1081,1081,0.032858483493328094,
1082,1082,0.03240383043885231,
1083,1083,0.03261076658964157,
1084,1084,0.03706493228673935,
1085,1085,0.03225640207529068,
1086,1086,0.03277908265590668,
1087,1087,0.031944338232278824,
1088,1088,0.03467761352658272,
1089,1089,0.032725270837545395,
1090,1090,0.0309832151979208,
1091,1091,0.030863173305988312,
1092,1092,0.031377144157886505,
1093,1093,0.03261718153953552,
1094,1094,0.03257531672716141,
1095,1095,0.032437559217214584,
1096,1096,0.03441076725721359,
1097,1097,0.03176987171173096,
1098,1098,0.03233092278242111,
1099,1099,,0.031845495104789734
1099,1099,0.031845495104789734,
1100,1100,0.03044295497238636,
1101,1101,0.03353495895862579,
1102,1102,0.03169430419802666,
1103,1103,0.0306367427110672,
1104,1104,0.03101935237646103,
1105,1105,0.03149893879890442,
1106,1106,0.031216831877827644,
1107,1107,0.03632774576544762,
1108,1108,0.03894541412591934,
1109,1109,0.03802931308746338,
1110,1110,0.030796702951192856,
1111,1111,0.036638181656599045,
1112,1112,0.030904974788427353,
1113,1113,0.03098296746611595,
1114,1114,0.0326881930232048,
1115,1115,0.031852465122938156,
1116,1116,0.03109782375395298,
1117,1117,0.03189147636294365,
1118,1118,0.03244996443390846,
1119,1119,0.03514641523361206,
1120,1120,0.03117905929684639,
1121,1121,0.031339142471551895,
1122,1122,0.031419847160577774,
1123,1123,0.03169676288962364,
1124,1124,0.03189926967024803,
1125,1125,0.03186214342713356,
1126,1126,0.03191300854086876,
1127,1127,0.03263324499130249,
1128,1128,0.03227765113115311,
1129,1129,0.03064826689660549,
1130,1130,0.031084630638360977,
1131,1131,0.03242583945393562,
1132,1132,0.032245658338069916,
1133,1133,0.03131541609764099,
1134,1134,0.03147977963089943,
1135,1135,0.03221183642745018,
1136,1136,0.032350484281778336,
1137,1137,0.03150405362248421,
1138,1138,0.03282192349433899,
1139,1139,0.031351663172245026,
1140,1140,0.03144910931587219,
1141,1141,0.031373582780361176,
1142,1142,0.03291422128677368,
1143,1143,0.032286036759614944,
1144,1144,0.030963439494371414,
1145,1145,0.03132534399628639,
1146,1146,0.03181157261133194,
1147,1147,0.032832324504852295,
1148,1148,0.03087378665804863,
1149,1149,,0.03161954879760742
1149,1149,0.03161954879760742,
1150,1150,0.03013417311012745,
1151,1151,0.03052862174808979,
1152,1152,0.03178434446454048,
1153,1153,0.030613815411925316,
1154,1154,0.032236404716968536,
1155,1155,0.029962271451950073,
1156,1156,0.032794445753097534,
1157,1157,0.029998159036040306,
1158,1158,0.0297645702958107,
1159,1159,0.031243884935975075,
1160,1160,0.03056366741657257,
1161,1161,0.032282888889312744,
1162,1162,0.031267713755369186,
1163,1163,0.031628869473934174,
1164,1164,0.03225058689713478,
1165,1165,0.032623041421175,
1166,1166,0.03298686072230339,
1167,1167,0.031081806868314743,
1168,1168,0.03021794743835926,
1169,1169,0.03162035718560219,
1170,1170,0.0319075882434845,
1171,1171,0.0300268717110157,
1172,1172,0.03067997843027115,
1173,1173,0.030956311151385307,
1174,1174,0.031082453206181526,
1175,1175,0.031871456652879715,
1176,1176,0.03138841688632965,
1177,1177,0.03097224235534668,
1178,1178,0.03144242614507675,
1179,1179,0.031102117151021957,
1180,1180,0.031287115067243576,
1181,1181,0.031174970790743828,
1182,1182,0.03067651018500328,
1183,1183,0.03178391233086586,
1184,1184,0.03176174685359001,
1185,1185,0.030709097161889076,
1186,1186,0.030060553923249245,
1187,1187,0.031017979606986046,
1188,1188,0.03193202242255211,
1189,1189,0.03035944141447544,
1190,1190,0.03212033212184906,
1191,1191,0.03150741010904312,
1192,1192,0.03393618017435074,
1193,1193,0.03313952684402466,
1194,1194,0.03118637576699257,
1195,1195,0.03125320374965668,
1196,1196,0.03132270649075508,
1197,1197,0.031358711421489716,
1198,1198,0.03076177090406418,
1199,1199,,0.030873125419020653
1199,1199,0.030873125419020653,
1200,1200,0.030393822118639946,
1201,1201,0.029176805168390274,
1202,1202,0.030449166893959045,
1203,1203,0.030605433508753777,
1204,1204,0.030477352440357208,
1205,1205,0.03167447820305824,
1206,1206,0.029832748696208,
1207,1207,0.02972499467432499,
1208,1208,0.02998243272304535,
1209,1209,0.029984459280967712,
1210,1210,0.030281253159046173,
1211,1211,0.03112979419529438,
1212,1212,0.03245394304394722,
1213,1213,0.031118378043174744,
1214,1214,0.033787187188863754,
1215,1215,0.03138108551502228,
1216,1216,0.030864492058753967,
1217,1217,0.030122676864266396,
1218,1218,0.03006543219089508,
1219,1219,0.031952787190675735,
1220,1220,0.029248759150505066,
1221,1221,0.030670328065752983,
1222,1222,0.029990285634994507,
1223,1223,0.030220607295632362,
1224,1224,0.03314828872680664,
1225,1225,0.029822999611496925,
1226,1226,0.030811496078968048,
1227,1227,0.03177020698785782,
1228,1228,0.03352195397019386,
1229,1229,0.030551394447684288,
1230,1230,0.03010920062661171,
1231,1231,0.030593574047088623,
1232,1232,0.03180753439664841,
1233,1233,0.03045317344367504,
1234,1234,0.03118010424077511,
1235,1235,0.0314955897629261,
1236,1236,0.030583785846829414,
1237,1237,0.031096555292606354,
1238,1238,0.031452082097530365,
1239,1239,0.02973148599267006,
1240,1240,0.030255692079663277,
1241,1241,0.029928458854556084,
1242,1242,0.030806342139840126,
1243,1243,0.034159671515226364,
1244,1244,0.030904117971658707,
1245,1245,0.029951393604278564,
1246,1246,0.030883826315402985,
1247,1247,0.03018210269510746,
1248,1248,0.03013751097023487,
1249,1249,,0.030336527153849602
1249,1249,0.030336527153849602,
1250,1250,0.03042636066675186,
1251,1251,0.030760524794459343,
1252,1252,0.03028986044228077,
1253,1253,0.03001503087580204,
1254,1254,0.030490076169371605,
1255,1255,0.027357419952750206,
1256,1256,0.030446793884038925,
1257,1257,0.030573926866054535,
1258,1258,0.029844192788004875,
1259,1259,0.029939567670226097,
1260,1260,0.030061427503824234,
1261,1261,0.03219537436962128,
1262,1262,0.03253798186779022,
1263,1263,0.02978898212313652,
1264,1264,0.02894188091158867,
1265,1265,0.03012602962553501,
1266,1266,0.030940521508455276,
1267,1267,0.02971726283431053,
1268,1268,0.02910861186683178,
1269,1269,0.030609427019953728,
1270,1270,0.031797781586647034,
1271,1271,0.029655972495675087,
1272,1272,0.029676061123609543,
1273,1273,0.031186433508992195,
1274,1274,0.029526202008128166,
1275,1275,0.02953452616930008,
1276,1276,0.029788732528686523,
1277,1277,0.02880202978849411,
1278,1278,0.030242662876844406,
1279,1279,0.028826037421822548,
1280,1280,0.031272970139980316,
1281,1281,0.0289330892264843,
1282,1282,0.031412720680236816,
1283,1283,0.03230105713009834,
1284,1284,0.02964058704674244,
1285,1285,0.030901066958904266,
1286,1286,0.029367337003350258,
1287,1287,0.03038949891924858,
1288,1288,0.030172618106007576,
1289,1289,0.029536837711930275,
1290,1290,0.030312368646264076,
1291,1291,0.03384928032755852,
1292,1292,0.029782038182020187,
1293,1293,0.030459603294730186,
1294,1294,0.03100055828690529,
1295,1295,0.028836503624916077,
1296,1296,0.03210366517305374,
1297,1297,0.029640810564160347,
1298,1298,0.02954450622200966,
1299,1299,,0.029367508366703987
1299,1299,0.029367508366703987,
1300,1300,0.0296433437615633,
1301,1301,0.029508812353014946,
1302,1302,0.028649499639868736,
1303,1303,0.029465770348906517,
1304,1304,0.02973100170493126,
1305,1305,0.028224090114235878,
1306,1306,0.03311075642704964,
1307,1307,0.030318550765514374,
1308,1308,0.030330529436469078,
1309,1309,0.029051335528492928,
1310,1310,0.027784254401922226,
1311,1311,0.030254114419221878,
1312,1312,0.03277789056301117,
1313,1313,0.029011201113462448,
1314,1314,0.02826578915119171,
1315,1315,0.03037046454846859,
1316,1316,0.02803708054125309,
1317,1317,0.03206244856119156,
1318,1318,0.03014197014272213,
1319,1319,0.02895200066268444,
1320,1320,0.027859441936016083,
1321,1321,0.028881393373012543,
1322,1322,0.029442302882671356,
1323,1323,0.028001056984066963,
1324,1324,0.029480857774615288,
1325,1325,0.029242197051644325,
1326,1326,0.028760362416505814,
1327,1327,0.030439969152212143,
1328,1328,0.02797689102590084,
1329,1329,0.02996169775724411,
1330,1330,0.027869492769241333,
1331,1331,0.028198005631566048,
1332,1332,0.031528156250715256,
1333,1333,0.030841870233416557,
1334,1334,0.029362894594669342,
1335,1335,0.030642399564385414,
1336,1336,0.02710200846195221,
1337,1337,0.02898215688765049,
1338,1338,0.028491076081991196,
1339,1339,0.02824455313384533,
1340,1340,0.030428508296608925,
1341,1341,0.02988455258309841,
1342,1342,0.02941448986530304,
1343,1343,0.02799208089709282,
1344,1344,0.029383741319179535,
1345,1345,0.029770052060484886,
1346,1346,0.02768121287226677,
1347,1347,0.028572499752044678,
1348,1348,0.029906801879405975,
1349,1349,,0.02815527655184269
1349,1349,0.02815527655184269,
1350,1350,0.0269556175917387,
1351,1351,0.028875313699245453,
1352,1352,0.02938476949930191,
1353,1353,0.03190283104777336,
1354,1354,0.02829461544752121,
1355,1355,0.029351767152547836,
1356,1356,0.029028063639998436,
1357,1357,0.028670605272054672,
1358,1358,0.02663910761475563,
1359,1359,0.027973726391792297,
1360,1360,0.03029126487672329,
1361,1361,0.02986747771501541,
1362,1362,0.028258591890335083,
1363,1363,0.027221450582146645,
1364,1364,0.02893146686255932,
1365,1365,0.028741581365466118,
1366,1366,0.029097214341163635,
1367,1367,0.026825865730643272,
1368,1368,0.02811388671398163,
1369,1369,0.028757967054843903,
1370,1370,0.027855820953845978,
1371,1371,0.02680826559662819,
1372,1372,0.027301743626594543,
1373,1373,0.028681829571723938,
1374,1374,0.028368398547172546,
1375,1375,0.029220685362815857,
1376,1376,0.028207285329699516,
1377,1377,0.028065362945199013,
1378,1378,0.028105245903134346,
1379,1379,0.029073581099510193,
1380,1380,0.030109131708741188,
1381,1381,0.027248932048678398,
1382,1382,0.027449527755379677,
1383,1383,0.0276144091039896,
1384,1384,0.02812112122774124,
1385,1385,0.027153048664331436,
1386,1386,0.027710478752851486,
1387,1387,0.028091348707675934,
1388,1388,0.027610192075371742,
1389,1389,0.02843475714325905,
1390,1390,0.028309915214776993,
1391,1391,0.027724528685212135,
1392,1392,0.028048180043697357,
1393,1393,0.029257938265800476,
1394,1394,0.02788006328046322,
1395,1395,0.02768738381564617,
1396,1396,0.027785038575530052,
1397,1397,0.027721475809812546,
1398,1398,0.02817799709737301,
1399,1399,,0.027678605169057846
1399,1399,0.027678605169057846,
1400,1400,0.02793973498046398,
1401,1401,0.027603333815932274,
1402,1402,0.027987560257315636,
1403,1403,0.027022557333111763,
1404,1404,0.028131240978837013,
1405,1405,0.02765236236155033,
1406,1406,0.028250738978385925,
1407,1407,0.027223410084843636,
1408,1408,0.02696949429810047,
1409,1409,0.025997662916779518,
1410,1410,0.026867883279919624,
1411,1411,0.026680998504161835,
1412,1412,0.026682034134864807,
1413,1413,0.02750316821038723,
1414,1414,0.026486855000257492,
1415,1415,0.026799747720360756,
1416,1416,0.027452688664197922,
1417,1417,0.029057176783680916,
1418,1418,0.027546333149075508,
1419,1419,0.027327824383974075,
1420,1420,0.027319185435771942,
1421,1421,0.027239134535193443,
1422,1422,0.02697274647653103,
1423,1423,0.028846818953752518,
1424,1424,0.028002426028251648,
1425,1425,0.02554059587419033,
1426,1426,0.027027038857340813,
1427,1427,0.02760457433760166,
1428,1428,0.028618069365620613,
1429,1429,0.027791757136583328,
1430,1430,0.027156654745340347,
1431,1431,0.02572103962302208,
1432,1432,0.027495378628373146,
1433,1433,0.02709956280887127,
1434,1434,0.026672983542084694,
1435,1435,0.026389632374048233,
1436,1436,0.025785239413380623,
1437,1437,0.027277449145913124,
1438,1438,0.02764091081917286,
1439,1439,0.02720116451382637,
1440,1440,0.02671956643462181,
1441,1441,0.027898715808987617,
1442,1442,0.02640063874423504,
1443,1443,0.02739303559064865,
1444,1444,0.02675369381904602,
1445,1445,0.02628231607377529,
1446,1446,0.026632793247699738,
1447,1447,0.02706824615597725,
1448,1448,0.028026575222611427,
1449,1449,,0.027338894084095955
1449,1449,0.027338894084095955,
1450,1450,0.026637807488441467,
1451,1451,0.026538362726569176,
1452,1452,0.02671586163341999,
1453,1453,0.028044261038303375,
1454,1454,0.03049987182021141,
1455,1455,0.0267429668456316,
1456,1456,0.02710082195699215,
1457,1457,0.026882411912083626,
1458,1458,0.026082659140229225,
1459,1459,0.026606885716319084,
1460,1460,0.025627342984080315,
1461,1461,0.027125922963023186,
1462,1462,0.026493627578020096,
1463,1463,0.027365099638700485,
1464,1464,0.02619183622300625,
1465,1465,0.026995787397027016,
1466,1466,0.028149010613560677,
1467,1467,0.02649674378335476,
1468,1468,0.026203468441963196,
1469,1469,0.026624858379364014,
1470,1470,0.027316367253661156,
1471,1471,0.026220403611660004,
1472,1472,0.02724887803196907,
1473,1473,0.0329739972949028,
1474,1474,0.030097564682364464,
1475,1475,0.02814759686589241,
1476,1476,0.026407884433865547,
1477,1477,0.027779461815953255,
1478,1478,0.0277248527854681,
1479,1479,0.027130894362926483,
1480,1480,0.026064876466989517,
1481,1481,0.02654540166258812,
1482,1482,0.02648783288896084,
1483,1483,0.026465952396392822,
1484,1484,0.026624754071235657,
1485,1485,0.02629554457962513,
1486,1486,0.028307976201176643,
1487,1487,0.02820711024105549,
1488,1488,0.02779966965317726,
1489,1489,0.027548344805836678,
1490,1490,0.025596244260668755,
1491,1491,0.026651812717318535,
1492,1492,0.027899721637368202,
1493,1493,0.026559997349977493,
1494,1494,0.025502394884824753,
1495,1495,0.027391275390982628,
1496,1496,0.027016591280698776,
1497,1497,0.027343815192580223,
1498,1498,0.025588015094399452,
1499,1499,,0.025442518293857574
1499,1499,0.025442518293857574,
1500,1500,0.02696068212389946,
1501,1501,0.02565283514559269,
1502,1502,0.02854985184967518,
1503,1503,0.026877792552113533,
1504,1504,0.02653050795197487,
1505,1505,0.02667125128209591,
1506,1506,0.030553357675671577,
1507,1507,0.02744993381202221,
1508,1508,0.02589685469865799,
1509,1509,0.026364950463175774,
1510,1510,0.026546722277998924,
1511,1511,0.025124095380306244,
1512,1512,0.0264933742582798,
1513,1513,0.02604943886399269,
1514,1514,0.02734375186264515,
1515,1515,0.02529848739504814,
1516,1516,0.027076106518507004,
1517,1517,0.025826340541243553,
1518,1518,0.026586085557937622,
1519,1519,0.026592453941702843,
1520,1520,0.02728254906833172,
1521,1521,0.025282979011535645,
1522,1522,0.02650204859673977,
1523,1523,0.027342554181814194,
1524,1524,0.026149556040763855,
1525,1525,0.026749392971396446,
1526,1526,0.02658158540725708,
1527,1527,0.0247911736369133,
1528,1528,0.025777721777558327,
1529,1529,0.024657534435391426,
1530,1530,0.02547965943813324,
1531,1531,0.02678709663450718,
1532,1532,0.02516014873981476,
1533,1533,0.02621883898973465,
1534,1534,0.026518473401665688,
1535,1535,0.02716861292719841,
1536,1536,0.025683222338557243,
1537,1537,0.026040541008114815,
1538,1538,0.025488847866654396,
1539,1539,0.026858337223529816,
1540,1540,0.026945894584059715,
1541,1541,0.025331322103738785,
1542,1542,0.026180053129792213,
1543,1543,0.02589261159300804,
1544,1544,0.02604386955499649,
1545,1545,0.02624395303428173,
1546,1546,0.027058832347393036,
1547,1547,0.026249436661601067,
1548,1548,0.026529312133789062,
1549,1549,,0.027745092287659645
1549,1549,0.027745092287659645,
1550,1550,0.0261070653796196,
1551,1551,0.03098621964454651,
1552,1552,0.026487357914447784,
1553,1553,0.028036130592226982,
1554,1554,0.027909768745303154,
1555,1555,0.0263751782476902,
1556,1556,0.024757670238614082,
1557,1557,0.029167046770453453,
1558,1558,0.02811356820166111,
1559,1559,0.025166267529129982,
1560,1560,0.025734221562743187,
1561,1561,0.026897666975855827,
1562,1562,0.026620445773005486,
1563,1563,0.032461993396282196,
1564,1564,0.025892870500683784,
1565,1565,0.026819532737135887,
1566,1566,0.026420921087265015,
1567,1567,0.026431668549776077,
1568,1568,0.026933204382658005,
1569,1569,0.024920271709561348,
1570,1570,0.025357570499181747,
1571,1571,0.028430454432964325,
1572,1572,0.02536468766629696,
1573,1573,0.026736898347735405,
1574,1574,0.026929764077067375,
1575,1575,0.025324415415525436,
1576,1576,0.027439454570412636,
1577,1577,0.025946849957108498,
1578,1578,0.02623158134520054,
1579,1579,0.025551173835992813,
1580,1580,0.026013916358351707,
1581,1581,0.029480744153261185,
1582,1582,0.027572019025683403,
1583,1583,0.02692561410367489,
1584,1584,0.02637626975774765,
1585,1585,0.02667813189327717,
1586,1586,0.024869855493307114,
1587,1587,0.029367076233029366,
1588,1588,0.026237737387418747,
1589,1589,0.02553168684244156,
1590,1590,0.026556657627224922,
1591,1591,0.025892848148941994,
1592,1592,0.026174254715442657,
1593,1593,0.02615213207900524,
1594,1594,0.02630537748336792,
1595,1595,0.02517322637140751,
1596,1596,0.02626229263842106,
1597,1597,0.02509945072233677,
1598,1598,0.02695702575147152,
1599,1599,,0.02765052393078804
1599,1599,0.02765052393078804,
1600,1600,0.02751322090625763,
1601,1601,0.025959841907024384,
1602,1602,0.026628997176885605,
1603,1603,0.026786906644701958,
1604,1604,0.025363635271787643,
1605,1605,0.026113077998161316,
1606,1606,0.02582397311925888,
1607,1607,0.025500178337097168,
1608,1608,0.025928452610969543,
1609,1609,0.024892939254641533,
1610,1610,0.025755098089575768,
1611,1611,0.026054861024022102,
1612,1612,0.026327574625611305,
1613,1613,0.024457741528749466,
1614,1614,0.025585338473320007,
1615,1615,0.026022320613265038,
1616,1616,0.025463104248046875,
1617,1617,0.025106236338615417,
1618,1618,0.025554165244102478,
1619,1619,0.025080017745494843,
1620,1620,0.025038523599505424,
1621,1621,0.025792712345719337,
1622,1622,0.026021573692560196,
1623,1623,0.026265576481819153,
1624,1624,0.0242668017745018,
1625,1625,0.026781730353832245,
1626,1626,0.025134630501270294,
1627,1627,0.025551067665219307,
1628,1628,0.029396602883934975,
1629,1629,0.026226626709103584,
1630,1630,0.027617432177066803,
1631,1631,0.026177695021033287,
1632,1632,0.026597101241350174,
1633,1633,0.02490929886698723,
1634,1634,0.025243058800697327,
1635,1635,0.026083167642354965,
1636,1636,0.02593318186700344,
1637,1637,0.030193762853741646,
1638,1638,0.024996867403388023,
1639,1639,0.02609957568347454,
1640,1640,0.026954174041748047,
1641,1641,0.025857768952846527,
1642,1642,0.026909954845905304,
1643,1643,0.025340918451547623,
1644,1644,0.026028845459222794,
1645,1645,0.026671120896935463,
1646,1646,0.025534583255648613,
1647,1647,0.026471266523003578,
1648,1648,0.026802295818924904,
1649,1649,,0.026455335319042206
1649,1649,0.026455335319042206,
1650,1650,0.02568461373448372,
1651,1651,0.025739682838320732,
1652,1652,0.02580937370657921,
1653,1653,0.02631070464849472,
1654,1654,0.027182279154658318,
1655,1655,0.02693185582756996,
1656,1656,0.025761036202311516,
1657,1657,0.02651650458574295,
1658,1658,0.02576308883726597,
1659,1659,0.02544492296874523,
1660,1660,0.025565307587385178,
1661,1661,0.030343040823936462,
1662,1662,0.026663169264793396,
1663,1663,0.025989724323153496,
1664,1664,0.025716431438922882,
1665,1665,0.026040859520435333,
1666,1666,0.02630639262497425,
1667,1667,0.026303056627511978,
1668,1668,0.025043990463018417,
1669,1669,0.0258027296513319,
1670,1670,0.03142525255680084,
1671,1671,0.024863576516509056,
1672,1672,0.025481561198830605,
1673,1673,0.0253345537930727,
1674,1674,0.026906929910182953,
1675,1675,0.025640780106186867,
1676,1676,0.025598829612135887,
1677,1677,0.02659972757101059,
1678,1678,0.025449061766266823,
1679,1679,0.02628702111542225,
1680,1680,0.024591172114014626,
1681,1681,0.023964347317814827,
1682,1682,0.02520589902997017,
1683,1683,0.025071660056710243,
1684,1684,0.02555246837437153,
1685,1685,0.025312595069408417,
1686,1686,0.027900004759430885,
1687,1687,0.024917470291256905,
1688,1688,0.024978777393698692,
1689,1689,0.025138024240732193,
1690,1690,0.02731448970735073,
1691,1691,0.027746453881263733,
1692,1692,0.025571517646312714,
1693,1693,0.02558807283639908,
1694,1694,0.025428393855690956,
1695,1695,0.026006678119301796,
1696,1696,0.025312837213277817,
1697,1697,0.02736106514930725,
1698,1698,0.025636356323957443,
1699,1699,,0.025553956627845764
1699,1699,0.025553956627845764,
1700,1700,0.025303268805146217,
1701,1701,0.02581014111638069,
1702,1702,0.02767869457602501,
1703,1703,0.026686007156968117,
1704,1704,0.025301707908511162,
1705,1705,0.025313405320048332,
1706,1706,0.025652950629591942,
1707,1707,0.0262508075684309,
1708,1708,0.02555711939930916,
1709,1709,0.025746047496795654,
1710,1710,0.02495763637125492,
1711,1711,0.02546975202858448,
1712,1712,0.024493925273418427,
1713,1713,0.025282561779022217,
1714,1714,0.025508088991045952,
1715,1715,0.02580949477851391,
1716,1716,0.0252090897411108,
1717,1717,0.024591557681560516,
1718,1718,0.025294434279203415,
1719,1719,0.02565227821469307,
1720,1720,0.02524314634501934,
1721,1721,0.027181008830666542,
1722,1722,0.02513676881790161,
1723,1723,0.02574540115892887,
1724,1724,0.027222389355301857,
1725,1725,0.02551165781915188,
1726,1726,0.025477249175310135,
1727,1727,0.02545064128935337,
1728,1728,0.02519083581864834,
1729,1729,0.02612253651022911,
1730,1730,0.026064375415444374,
1731,1731,0.025246325880289078,
1732,1732,0.027973052114248276,
1733,1733,0.026295309886336327,
1734,1734,0.025259830057621002,
1735,1735,0.027381349354982376,
1736,1736,0.024947501718997955,
1737,1737,0.0251875352114439,
1738,1738,0.026902250945568085,
1739,1739,0.02676035277545452,
1740,1740,0.024914314970374107,
1741,1741,0.02547275647521019,
1742,1742,0.02534666284918785,
1743,1743,0.025545651093125343,
1744,1744,0.025244373828172684,
1745,1745,0.02567077986896038,
1746,1746,0.025608208030462265,
1747,1747,0.025238828733563423,
1748,1748,0.026077881455421448,
1749,1749,,0.024044113233685493
1749,1749,0.024044113233685493,
1750,1750,0.02465069107711315,
1751,1751,0.02534213662147522,
1752,1752,0.02483411692082882,
1753,1753,0.02503674291074276,
1754,1754,0.025743141770362854,
1755,1755,0.025061411783099174,
1756,1756,0.025251025334000587,
1757,1757,0.025807205587625504,
1758,1758,0.025160403922200203,
1759,1759,0.02344987355172634,
1760,1760,0.025145092979073524,
1761,1761,0.02394159324467182,
1762,1762,0.02423209697008133,
1763,1763,0.02504783496260643,
1764,1764,0.025710154324769974,
1765,1765,0.02559594437479973,
1766,1766,0.025944015011191368,
1767,1767,0.02547532506287098,
1768,1768,0.024672938510775566,
1769,1769,0.025034019723534584,
1770,1770,0.025152435526251793,
1771,1771,0.02522997185587883,
1772,1772,0.02377266064286232,
1773,1773,0.0256348866969347,
1774,1774,0.025082716718316078,
1775,1775,0.026482874527573586,
1776,1776,0.024820564314723015,
1777,1777,0.02498096600174904,
1778,1778,0.02589154615998268,
1779,1779,0.02498890832066536,
1780,1780,0.026194943115115166,
1781,1781,0.025713136419653893,
1782,1782,0.02480185776948929,
1783,1783,0.02497023344039917,
1784,1784,0.02584703639149666,
1785,1785,0.02621736191213131,
1786,1786,0.02698446251451969,
1787,1787,0.025886181741952896,
1788,1788,0.024761639535427094,
1789,1789,0.024771854281425476,
1790,1790,0.024829210713505745,
1791,1791,0.025463029742240906,
1792,1792,0.024984994903206825,
1793,1793,0.024921298027038574,
1794,1794,0.024477483704686165,
1795,1795,0.0258607380092144,
1796,1796,0.025832416489720345,
1797,1797,0.024177441373467445,
1798,1798,0.02498047426342964,
1799,1799,,0.0247455183416605
1799,1799,0.0247455183416605,
1800,1800,0.02361179329454899,
1801,1801,0.024856338277459145,
1802,1802,0.02562268264591694,
1803,1803,0.025050794705748558,
1804,1804,0.024987174198031425,
1805,1805,0.025050757452845573,
1806,1806,0.024914735928177834,
1807,1807,0.025228232145309448,
1808,1808,0.023825880140066147,
1809,1809,0.0246732197701931,
1810,1810,0.024067051708698273,
1811,1811,0.025015762075781822,
1812,1812,0.02431546337902546,
1813,1813,0.025932786986231804,
1814,1814,0.02315131574869156,
1815,1815,0.025160353630781174,
1816,1816,0.025928592309355736,
1817,1817,0.02569844387471676,
1818,1818,0.025153538212180138,
1819,1819,0.025564827024936676,
1820,1820,0.025653984397649765,
1821,1821,0.02682405896484852,
1822,1822,0.02558918111026287,
1823,1823,0.026418063789606094,
1824,1824,0.025152629241347313,
1825,1825,0.024833159521222115,
1826,1826,0.02622733637690544,
1827,1827,0.02466401271522045,
1828,1828,0.024568211287260056,
1829,1829,0.024094698950648308,
1830,1830,0.024911468848586082,
1831,1831,0.02448347955942154,
1832,1832,0.02479439228773117,
1833,1833,0.024467913433909416,
1834,1834,0.02489388734102249,
1835,1835,0.025948522612452507,
1836,1836,0.02432292513549328,
1837,1837,0.025800790637731552,
1838,1838,0.0247435811907053,
1839,1839,0.025210293009877205,
1840,1840,0.0262630432844162,
1841,1841,0.024925239384174347,
1842,1842,0.024999871850013733,
1843,1843,0.026371940970420837,
1844,1844,0.023679647594690323,
1845,1845,0.025546586140990257,
1846,1846,0.026694193482398987,
1847,1847,0.024435004219412804,
1848,1848,0.023826396092772484,
1849,1849,,0.025023512542247772
1849,1849,0.025023512542247772,
1850,1850,0.026583092287182808,
1851,1851,0.025185689330101013,
1852,1852,0.02497968263924122,
1853,1853,0.02516278624534607,
1854,1854,0.025162173435091972,
1855,1855,0.02471534162759781,
1856,1856,0.02396029606461525,
1857,1857,0.024874918162822723,
1858,1858,0.02481044828891754,
1859,1859,0.025078147649765015,
1860,1860,0.025117434561252594,
1861,1861,0.02522219531238079,
1862,1862,0.025214185938239098,
1863,1863,0.02515355497598648,
1864,1864,0.025105495005846024,
1865,1865,0.02487841621041298,
1866,1866,0.0232414398342371,
1867,1867,0.025456557050347328,
1868,1868,0.024245893582701683,
1869,1869,0.024272305890917778,
1870,1870,0.0244104266166687,
1871,1871,0.023980459198355675,
1872,1872,0.024725303053855896,
1873,1873,0.024803772568702698,
1874,1874,0.025462064892053604,
1875,1875,0.02526082843542099,
1876,1876,0.02505250833928585,
1877,1877,0.024329837411642075,
1878,1878,0.026278039440512657,
1879,1879,0.02345954440534115,
1880,1880,0.025178739801049232,
1881,1881,0.024386484175920486,
1882,1882,0.025077208876609802,
1883,1883,0.025176890194416046,
1884,1884,0.024881763383746147,
1885,1885,0.024219099432229996,
1886,1886,0.024612996727228165,
1887,1887,0.025255290791392326,
1888,1888,0.023647163063287735,
1889,1889,0.02548581175506115,
1890,1890,0.024676663801074028,
1891,1891,0.024596042931079865,
1892,1892,0.023668993264436722,
1893,1893,0.023194946348667145,
1894,1894,0.024990882724523544,
1895,1895,0.023286590352654457,
1896,1896,0.025030959397554398,
1897,1897,0.026219690218567848,
1898,1898,0.023940322920680046,
1899,1899,,0.023992061614990234
1899,1899,0.023992061614990234,
1900,1900,0.02511286735534668,
1901,1901,0.02391108125448227,
1902,1902,0.026007289066910744,
1903,1903,0.02405606023967266,
1904,1904,0.02511296607553959,
1905,1905,0.024113023653626442,
1906,1906,0.024799304082989693,
1907,1907,0.024918247014284134,
1908,1908,0.026311585679650307,
1909,1909,0.024708889424800873,
1910,1910,0.024441247805953026,
1911,1911,0.024784831330180168,
1912,1912,0.024416927248239517,
1913,1913,0.024565929546952248,
1914,1914,0.024307964369654655,
1915,1915,0.024350522086024284,
1916,1916,0.026351986452937126,
1917,1917,0.023784993216395378,
1918,1918,0.024948084726929665,
1919,1919,0.024888498708605766,
1920,1920,0.025599822402000427,
1921,1921,0.024514315649867058,
1922,1922,0.024987919256091118,
1923,1923,0.02537037618458271,
1924,1924,0.024817606434226036,
1925,1925,0.025144066661596298,
1926,1926,0.025329820811748505,
1927,1927,0.02390187606215477,
1928,1928,0.02395697869360447,
1929,1929,0.023464782163500786,
1930,1930,0.025255931541323662,
1931,1931,0.02785257250070572,
1932,1932,0.025086257606744766,
1933,1933,0.024884136393666267,
1934,1934,0.02440583147108555,
1935,1935,0.024765554815530777,
1936,1936,0.02603662572801113,
1937,1937,0.024489395320415497,
1938,1938,0.02513837441802025,
1939,1939,0.025370480492711067,
1940,1940,0.024163061752915382,
1941,1941,0.02517629601061344,
1942,1942,0.027212347835302353,
1943,1943,0.025027774274349213,
1944,1944,0.024852553382515907,
1945,1945,0.025954820215702057,
1946,1946,0.0256655290722847,
1947,1947,0.026695702224969864,
1948,1948,0.026002062484622,
1949,1949,,0.024614091962575912
1949,1949,0.024614091962575912,
1950,1950,0.027449646964669228,
1951,1951,0.02388777956366539,
1952,1952,0.024307478219270706,
1953,1953,0.025420814752578735,
1954,1954,0.02633493021130562,
1955,1955,0.02499391883611679,
1956,1956,0.025169825181365013,
1957,1957,0.024271206930279732,
1958,1958,0.025950627401471138,
1959,1959,0.02477303333580494,
1960,1960,0.024680057540535927,
1961,1961,0.02431725710630417,
1962,1962,0.024769950658082962,
1963,1963,0.02462858147919178,
1964,1964,0.024881351739168167,
1965,1965,0.024835186079144478,
1966,1966,0.026552336290478706,
1967,1967,0.02473457343876362,
1968,1968,0.026127498596906662,
1969,1969,0.023410242050886154,
1970,1970,0.025243476033210754,
1971,1971,0.024462370201945305,
1972,1972,0.02477334253489971,
1973,1973,0.025378787890076637,
1974,1974,0.023792972788214684,
1975,1975,0.024871008470654488,
1976,1976,0.025719676166772842,
1977,1977,0.024083655327558517,
1978,1978,0.025367939844727516,
1979,1979,0.024455640465021133,
1980,1980,0.025652458891272545,
1981,1981,0.02521844021975994,
1982,1982,0.025296438485383987,
1983,1983,0.022821631282567978,
1984,1984,0.024310875684022903,
1985,1985,0.02331366203725338,
1986,1986,0.025076422840356827,
1987,1987,0.024761108681559563,
1988,1988,0.025099122896790504,
1989,1989,0.024269483983516693,
1990,1990,0.024828601628541946,
1991,1991,0.02468942292034626,
1992,1992,0.024513212963938713,
1993,1993,0.02481166459619999,
1994,1994,0.023976676166057587,
1995,1995,0.024638472124934196,
1996,1996,0.025399988517165184,
1997,1997,0.024556675925850868,
1998,1998,0.024681130424141884,
1999,1999,,0.0231812484562397
1999,1999,0.0231812484562397,
2000,2000,0.024505775421857834,
2001,2001,0.024438397958874702,
2002,2002,0.02276019938290119,
2003,2003,0.026353243738412857,
2004,2004,0.02397395297884941,
2005,2005,0.024136345833539963,
2006,2006,0.024222875013947487,
2007,2007,0.024635538458824158,
2008,2008,0.025436265394091606,
2009,2009,0.02440108172595501,
2010,2010,0.025476260110735893,
2011,2011,0.02423337660729885,
2012,2012,0.02448240853846073,
2013,2013,0.023820675909519196,
2014,2014,0.026234179735183716,
2015,2015,0.025761418044567108,
2016,2016,0.024998214095830917,
2017,2017,0.024522358551621437,
2018,2018,0.024219578132033348,
2019,2019,0.02400829829275608,
2020,2020,0.023914603516459465,
2021,2021,0.025394244119524956,
2022,2022,0.024322789162397385,
2023,2023,0.024556584656238556,
2024,2024,0.024213753640651703,
2025,2025,0.025822803378105164,
2026,2026,0.024944573640823364,
2027,2027,0.023967260494828224,
2028,2028,0.024751443415880203,
2029,2029,0.02465030923485756,
2030,2030,0.025759724900126457,
2031,2031,0.026616446673870087,
2032,2032,0.025007223710417747,
2033,2033,0.025677667930722237,
2034,2034,0.024035843089222908,
2035,2035,0.024342278018593788,
2036,2036,0.024441832676529884,
2037,2037,0.024692906066775322,
2038,2038,0.02479591965675354,
2039,2039,0.023971103131771088,
2040,2040,0.023054493591189384,
2041,2041,0.025618571788072586,
2042,2042,0.0244170930236578,
2043,2043,0.02522824890911579,
2044,2044,0.024180462583899498,
2045,2045,0.023253468796610832,
2046,2046,0.024841751903295517,
2047,2047,0.02519380860030651,
2048,2048,0.025688907131552696,
2049,2049,,0.024660686030983925
2049,2049,0.024660686030983925,
2050,2050,0.02456488460302353,
2051,2051,0.025443971157073975,
2052,2052,0.024617642164230347,
2053,2053,0.023609088733792305,
2054,2054,0.025424011051654816,
2055,2055,0.025578156113624573,
2056,2056,0.02510916069149971,
2057,2057,0.02498583495616913,
2058,2058,0.024739397689700127,
2059,2059,0.026109198108315468,
2060,2060,0.025355443358421326,
2061,2061,0.0248577818274498,
2062,2062,0.02344265766441822,
2063,2063,0.024594074115157127,
2064,2064,0.02452690154314041,
2065,2065,0.025037797167897224,
2066,2066,0.026147011667490005,
2067,2067,0.024595005437731743,
2068,2068,0.0254743043333292,
2069,2069,0.02424951270222664,
2070,2070,0.02484961785376072,
2071,2071,0.02416391298174858,
2072,2072,0.023394733667373657,
2073,2073,0.02380666695535183,
2074,2074,0.02534519135951996,
2075,2075,0.02333112061023712,
2076,2076,0.025424214079976082,
2077,2077,0.02478419430553913,
2078,2078,0.024936987087130547,
2079,2079,0.025123355910182,
2080,2080,0.02429817244410515,
2081,2081,0.02468927577137947,
2082,2082,0.022888673469424248,
2083,2083,0.024725664407014847,
2084,2084,0.024857047945261,
2085,2085,0.024533305317163467,
2086,2086,0.02480940893292427,
2087,2087,0.025358714163303375,
2088,2088,0.024147434160113335,
2089,2089,0.024555562064051628,
2090,2090,0.02358642965555191,
2091,2091,0.025267327204346657,
2092,2092,0.02400132641196251,
2093,2093,0.025965005159378052,
2094,2094,0.024583956226706505,
2095,2095,0.02394884079694748,
2096,2096,0.02445404604077339,
2097,2097,0.025243302807211876,
2098,2098,0.02558835968375206,
2099,2099,,0.024227580055594444
2099,2099,0.024227580055594444,
2100,2100,0.024123484268784523,
2101,2101,0.024447500705718994,
2102,2102,0.024277040734887123,
2103,2103,0.024405362084507942,
2104,2104,0.023683542385697365,
2105,2105,0.024429550394415855,
2106,2106,0.02404567413032055,
2107,2107,0.022250857204198837,
2108,2108,0.02483951486647129,
2109,2109,0.024098429828882217,
2110,2110,0.023714063689112663,
2111,2111,0.02398582547903061,
2112,2112,0.023656826466321945,
2113,2113,0.024591058492660522,
2114,2114,0.024237515404820442,
2115,2115,0.02317008189857006,
2116,2116,0.023805394768714905,
2117,2117,0.0242107342928648,
2118,2118,0.023689240217208862,
2119,2119,0.02476397156715393,
2120,2120,0.023399319499731064,
2121,2121,0.026008740067481995,
2122,2122,0.02409275248646736,
2123,2123,0.024425294250249863,
2124,2124,0.023936022073030472,
2125,2125,0.024301884695887566,
2126,2126,0.024821141734719276,
2127,2127,0.023742012679576874,
2128,2128,0.0235236007720232,
2129,2129,0.023921942338347435,
2130,2130,0.02463584765791893,
2131,2131,0.0238596573472023,
2132,2132,0.023942071944475174,
2133,2133,0.0242863018065691,
2134,2134,0.02470904216170311,
2135,2135,0.02432146854698658,
2136,2136,0.023123087361454964,
2137,2137,0.025040162727236748,
2138,2138,0.02326304093003273,
2139,2139,0.024086136370897293,
2140,2140,0.02391989156603813,
2141,2141,0.02350468374788761,
2142,2142,0.024230914190411568,
2143,2143,0.02511403150856495,
2144,2144,0.0249042846262455,
2145,2145,0.025167737156152725,
2146,2146,0.02394142374396324,
2147,2147,0.023082803934812546,
2148,2148,0.0242747962474823,
2149,2149,,0.024830348789691925
2149,2149,0.024830348789691925,
2150,2150,0.025443026795983315,
2151,2151,0.02530209720134735,
2152,2152,0.02333884872496128,
2153,2153,0.02433498203754425,
2154,2154,0.02540137991309166,
2155,2155,0.024998264387249947,
2156,2156,0.02415316365659237,
2157,2157,0.025121621787548065,
2158,2158,0.025760766118764877,
2159,2159,0.024293428286910057,
2160,2160,0.024250026792287827,
2161,2161,0.02425411529839039,
2162,2162,0.024957668036222458,
2163,2163,0.024981234222650528,
2164,2164,0.02426423318684101,
2165,2165,0.024074455723166466,
2166,2166,0.024382632225751877,
2167,2167,0.024075297638773918,
2168,2168,0.025261767208576202,
2169,2169,0.024568671360611916,
2170,2170,0.02378349006175995,
2171,2171,0.024097245186567307,
2172,2172,0.02358902618288994,
2173,2173,0.023793905973434448,
2174,2174,0.02376473881304264,
2175,2175,0.024688266217708588,
2176,2176,0.02342521958053112,
2177,2177,0.024472475051879883,
2178,2178,0.02394087240099907,
2179,2179,0.023928558453917503,
2180,2180,0.025378037244081497,
2181,2181,0.023837894201278687,
2182,2182,0.02416914515197277,
2183,2183,0.023613352328538895,
2184,2184,0.023954816162586212,
2185,2185,0.023913655430078506,
2186,2186,0.024740099906921387,
2187,2187,0.022473838180303574,
2188,2188,0.023876050487160683,
2189,2189,0.02453772909939289,
2190,2190,0.02399415895342827,
2191,2191,0.023746274411678314,
2192,2192,0.024895478039979935,
2193,2193,0.024896223098039627,
2194,2194,0.023994963616132736,
2195,2195,0.02463924139738083,
2196,2196,0.02410190925002098,
2197,2197,0.02431424707174301,
2198,2198,0.024958619847893715,
2199,2199,,0.023475365713238716
2199,2199,0.023475365713238716,
2200,2200,0.02443108707666397,
2201,2201,0.023615436628460884,
2202,2202,0.024337198585271835,
2203,2203,0.023588603362441063,
2204,2204,0.024155989289283752,
2205,2205,0.024065854027867317,
2206,2206,0.02415647730231285,
2207,2207,0.024147361516952515,
2208,2208,0.024631841108202934,
2209,2209,0.025067508220672607,
2210,2210,0.02475125901401043,
2211,2211,0.02385987900197506,
2212,2212,0.023906569927930832,
2213,2213,0.02405729331076145,
2214,2214,0.024318048730492592,
2215,2215,0.02432146482169628,
2216,2216,0.0238652341067791,
2217,2217,0.02484598010778427,
2218,2218,0.02421863004565239,
2219,2219,0.024535086005926132,
2220,2220,0.023767411708831787,
2221,2221,0.024051733314990997,
2222,2222,0.023746704682707787,
2223,2223,0.025303049013018608,
2224,2224,0.023791009560227394,
2225,2225,0.024249818176031113,
2226,2226,0.024006538093090057,
2227,2227,0.02423303760588169,
2228,2228,0.024006875231862068,
2229,2229,0.024079646915197372,
2230,2230,0.024419942870736122,
2231,2231,0.02629200927913189,
2232,2232,0.023634938523173332,
2233,2233,0.02372473105788231,
2234,2234,0.02412070706486702,
2235,2235,0.026393912732601166,
2236,2236,0.024248210713267326,
2237,2237,0.024159152060747147,
2238,2238,0.023994512856006622,
2239,2239,0.023315554484725,
2240,2240,0.024091513827443123,
2241,2241,0.023783056065440178,
2242,2242,0.022848881781101227,
2243,2243,0.02438102848827839,
2244,2244,0.02400445193052292,
2245,2245,0.02412303537130356,
2246,2246,0.02385997772216797,
2247,2247,0.02363055944442749,
2248,2248,0.023200079798698425,
2249,2249,,0.022173557430505753
2249,2249,0.022173557430505753,
2250,2250,0.023809270933270454,
2251,2251,0.02371717244386673,
2252,2252,0.023269880563020706,
2253,2253,0.02336340770125389,
2254,2254,0.023974955081939697,
2255,2255,0.023702561855316162,
2256,2256,0.023319946601986885,
2257,2257,0.023838920518755913,
2258,2258,0.022370480000972748,
2259,2259,0.024082019925117493,
2260,2260,0.02350347302854061,
2261,2261,0.023244023323059082,
2262,2262,0.0253603532910347,
2263,2263,0.022376270964741707,
2264,2264,0.023919537663459778,
2265,2265,0.023697227239608765,
2266,2266,0.023780304938554764,
2267,2267,0.024358797818422318,
2268,2268,0.02333543263375759,
2269,2269,0.02392561547458172,
2270,2270,0.025144094601273537,
2271,2271,0.023624304682016373,
2272,2272,0.02411341667175293,
2273,2273,0.02427670732140541,
2274,2274,0.025393303483724594,
2275,2275,0.024047965183854103,
2276,2276,0.023741062730550766,
2277,2277,0.024795977398753166,
2278,2278,0.023797959089279175,
2279,2279,0.023832406848669052,
2280,2280,0.024311691522598267,
2281,2281,0.02478622831404209,
2282,2282,0.025487428531050682,
2283,2283,0.02418123371899128,
2284,2284,0.0240226611495018,
2285,2285,0.0242021344602108,
2286,2286,0.024021027609705925,
2287,2287,0.023940619081258774,
2288,2288,0.023960063233971596,
2289,2289,0.023303890600800514,
2290,2290,0.025649935007095337,
2291,2291,0.021759482100605965,
2292,2292,0.023921983316540718,
2293,2293,0.023627907037734985,
2294,2294,0.02359536476433277,
2295,2295,0.024568211287260056,
2296,2296,0.024501193314790726,
2297,2297,0.023965265601873398,
2298,2298,0.0231847632676363,
2299,2299,,0.02410350926220417
2299,2299,0.02410350926220417,
2300,2300,0.023823780938982964,
2301,2301,0.023382918909192085,
2302,2302,0.023742422461509705,
2303,2303,0.02278713323175907,
2304,2304,0.024824054911732674,
2305,2305,0.023609628900885582,
2306,2306,0.02362995594739914,
2307,2307,0.024328142404556274,
2308,2308,0.023702291771769524,
2309,2309,0.023689646273851395,
2310,2310,0.023192547261714935,
2311,2311,0.023587407544255257,
2312,2312,0.02349032461643219,
2313,2313,0.02367985248565674,
2314,2314,0.02397974580526352,
2315,2315,0.0239727683365345,
2316,2316,0.024840913712978363,
2317,2317,0.02416278049349785,
2318,2318,0.02323048934340477,
2319,2319,0.02404162473976612,
2320,2320,0.023702172562479973,
2321,2321,0.0249641053378582,
2322,2322,0.023730233311653137,
2323,2323,0.026270469650626183,
2324,2324,0.024407116696238518,
2325,2325,0.022525712847709656,
2326,2326,0.022686293348670006,
2327,2327,0.023226547986268997,
2328,2328,0.023676635697484016,
2329,2329,0.024092137813568115,
2330,2330,0.024138104170560837,
2331,2331,0.02308492548763752,
2332,2332,0.023862825706601143,
2333,2333,0.023326750844717026,
2334,2334,0.024063603952527046,
2335,2335,0.02388644404709339,
2336,2336,0.02533792518079281,
2337,2337,0.023550571873784065,
2338,2338,0.021760456264019012,
2339,2339,0.023672230541706085,
2340,2340,0.023394323885440826,
2341,2341,0.02356773614883423,
2342,2342,0.024725599214434624,
2343,2343,0.02406984753906727,
2344,2344,0.024197794497013092,
2345,2345,0.02333112247288227,
2346,2346,0.023671377450227737,
2347,2347,0.023966697975993156,
2348,2348,0.023808130994439125,
2349,2349,,0.024088049307465553
2349,2349,0.024088049307465553,
2350,2350,0.024354485794901848,
2351,2351,0.02321983128786087,
2352,2352,0.023741144686937332,
2353,2353,0.024030687287449837,
2354,2354,0.02369055710732937,
2355,2355,0.02337910607457161,
2356,2356,0.023030364885926247,
2357,2357,0.02268272638320923,
2358,2358,0.02370866946876049,
2359,2359,0.023219190537929535,
2360,2360,0.025119725614786148,
2361,2361,0.02384176291525364,
2362,2362,0.024111730977892876,
2363,2363,0.024103017523884773,
2364,2364,0.02359757199883461,
2365,2365,0.023801235482096672,
2366,2366,0.02665180340409279,
2367,2367,0.02381409890949726,
2368,2368,0.024026263505220413,
2369,2369,0.026464052498340607,
2370,2370,0.024003585800528526,
2371,2371,0.02466648630797863,
2372,2372,0.023753203451633453,
2373,2373,0.02323054149746895,
2374,2374,0.024812892079353333,
2375,2375,0.02385484054684639,
2376,2376,0.024383626878261566,
2377,2377,0.023302152752876282,
2378,2378,0.023851098492741585,
2379,2379,0.024177640676498413,
2380,2380,0.024059439077973366,
2381,2381,0.02450103871524334,
2382,2382,0.023753486573696136,
2383,2383,0.024013228714466095,
2384,2384,0.023142844438552856,
2385,2385,0.02189480885863304,
2386,2386,0.023373641073703766,
2387,2387,0.02524508722126484,
2388,2388,0.024604102596640587,
2389,2389,0.023658350110054016,
2390,2390,0.022992897778749466,
2391,2391,0.024472912773489952,
2392,2392,0.026228027418255806,
2393,2393,0.023248152807354927,
2394,2394,0.023728230968117714,
2395,2395,0.0241976547986269,
2396,2396,0.02377588301897049,
2397,2397,0.023633364588022232,
2398,2398,0.02417183481156826,
2399,2399,,0.023716457188129425
2399,2399,0.023716457188129425,
2400,2400,0.025450533255934715,
2401,2401,0.023214243352413177,
2402,2402,0.02423751913011074,
2403,2403,0.023669475689530373,
2404,2404,0.02367682382464409,
2405,2405,0.02478855475783348,
2406,2406,0.025056617334485054,
2407,2407,0.023686954751610756,
2408,2408,0.023799853399395943,
2409,2409,0.023805322125554085,
2410,2410,0.02297818660736084,
2411,2411,0.023896854370832443,
2412,2412,0.023370729759335518,
2413,2413,0.02293449267745018,
2414,2414,0.023202834650874138,
2415,2415,0.024211952462792397,
2416,2416,0.024572933092713356,
2417,2417,0.023211579769849777,
2418,2418,0.023883895948529243,
2419,2419,0.023793619126081467,
2420,2420,0.023117773234844208,
2421,2421,0.02338346838951111,
2422,2422,0.024254964664578438,
2423,2423,0.023814162239432335,
2424,2424,0.024988174438476562,
2425,2425,0.023394349962472916,
2426,2426,0.023952051997184753,
2427,2427,0.02147824876010418,
2428,2428,0.023719405755400658,
2429,2429,0.023138174787163734,
2430,2430,0.023816829547286034,
2431,2431,0.023931581526994705,
2432,2432,0.02396196499466896,
2433,2433,0.023562926799058914,
2434,2434,0.023924067616462708,
2435,2435,0.024257618933916092,
2436,2436,0.02417602948844433,
2437,2437,0.023538578301668167,
2438,2438,0.024111010134220123,
2439,2439,0.023663200438022614,
2440,2440,0.02444436028599739,
2441,2441,0.02394251897931099,
2442,2442,0.023360900580883026,
2443,2443,0.023603521287441254,
2444,2444,0.022775957360863686,
2445,2445,0.02378031052649021,
2446,2446,0.024105366319417953,
2447,2447,0.02351587638258934,
2448,2448,0.024087751284241676,
2449,2449,,0.023498358204960823
2449,2449,0.023498358204960823,
2450,2450,0.025035763159394264,
2451,2451,0.02351832576096058,
2452,2452,0.023359816521406174,
2453,2453,0.02367129549384117,
2454,2454,0.02379779890179634,
2455,2455,0.024210356175899506,
2456,2456,0.02343684434890747,
2457,2457,0.024357251822948456,
2458,2458,0.023583391681313515,
2459,2459,0.022954436019062996,
2460,2460,0.023719914257526398,
2461,2461,0.023529380559921265,
2462,2462,0.022190911695361137,
2463,2463,0.022869842126965523,
2464,2464,0.024713974446058273,
2465,2465,0.02396520972251892,
2466,2466,0.02366129867732525,
2467,2467,0.025632532313466072,
2468,2468,0.02373068407177925,
2469,2469,0.023875905200839043,
2470,2470,0.023557038977742195,
2471,2471,0.023948542773723602,
2472,2472,0.02357519045472145,
2473,2473,0.02406579628586769,
2474,2474,0.023037247359752655,
2475,2475,0.02317383885383606,
2476,2476,0.02316654846072197,
2477,2477,0.023726513609290123,
2478,2478,0.02290606126189232,
2479,2479,0.02383050136268139,
2480,2480,0.023714641109108925,
2481,2481,0.022825781255960464,
2482,2482,0.024671655148267746,
2483,2483,0.024120455607771873,
2484,2484,0.023815084248781204,
2485,2485,0.023915687575936317,
2486,2486,0.0231033805757761,
2487,2487,0.023392288014292717,
2488,2488,0.023239731788635254,
2489,2489,0.024050844833254814,
2490,2490,0.023498350754380226,
2491,2491,0.023922117426991463,
2492,2492,0.023736830800771713,
2493,2493,0.023196905851364136,
2494,2494,0.0222392026335001,
2495,2495,0.02383584901690483,
2496,2496,0.023278867825865746,
2497,2497,0.023279109969735146,
2498,2498,0.02424759976565838,
2499,2499,,0.02306218445301056
2499,2499,0.02306218445301056,
2500,2500,0.024493448436260223,
2501,2501,0.021282542496919632,
2502,2502,0.024070361629128456,
2503,2503,0.02381216734647751,
2504,2504,0.023593496531248093,
2505,2505,0.02358628809452057,
2506,2506,0.022201545536518097,
2507,2507,0.024263815954327583,
2508,2508,0.023589463904500008,
2509,2509,0.023130090907216072,
2510,2510,0.023072708398103714,
2511,2511,0.023778313770890236,
2512,2512,0.022965140640735626,
2513,2513,0.02381817065179348,
2514,2514,0.02373000979423523,
2515,2515,0.023411240428686142,
2516,2516,0.02287108264863491,
2517,2517,0.022976476699113846,
2518,2518,0.022380148991942406,
2519,2519,0.02422814629971981,
2520,2520,0.02351301722228527,
2521,2521,0.023927824571728706,
2522,2522,0.022757232189178467,
2523,2523,0.023024488240480423,
2524,2524,0.02367926947772503,
2525,2525,0.023111872375011444,
2526,2526,0.023411964997649193,
2527,2527,0.02341378666460514,
2528,2528,0.02375846356153488,
2529,2529,0.024132663384079933,
2530,2530,0.023389820009469986,
2531,2531,0.023969801142811775,
2532,2532,0.02179121784865856,
2533,2533,0.023492997512221336,
2534,2534,0.023725612089037895,
2535,2535,0.02152215503156185,
2536,2536,0.023928556591272354,
2537,2537,0.02302180975675583,
2538,2538,0.023479795083403587,
2539,2539,0.02306981384754181,
2540,2540,0.023619884625077248,
2541,2541,0.02413567528128624,
2542,2542,0.023364465683698654,
2543,2543,0.02340640500187874,
2544,2544,0.02253212407231331,
2545,2545,0.0240781232714653,
2546,2546,0.024274352937936783,
2547,2547,0.02310250513255596,
2548,2548,0.024221377447247505,
2549,2549,,0.023708192631602287
2549,2549,0.023708192631602287,
2550,2550,0.023031070828437805,
2551,2551,0.0242450013756752,
2552,2552,0.023890914395451546,
2553,2553,0.02423105761408806,
2554,2554,0.02380818873643875,
2555,2555,0.022778958082199097,
2556,2556,0.023822730407118797,
2557,2557,0.022782620042562485,
2558,2558,0.024105189368128777,
2559,2559,0.024001235142350197,
2560,2560,0.02370767667889595,
2561,2561,0.023435646668076515,
2562,2562,0.0246110986918211,
2563,2563,0.023581964895129204,
2564,2564,0.022958841174840927,
2565,2565,0.023511899635195732,
2566,2566,0.023230183869600296,
2567,2567,0.02345149777829647,
2568,2568,0.023883339017629623,
2569,2569,0.02384946681559086,
2570,2570,0.02338937297463417,
2571,2571,0.02389441430568695,
2572,2572,0.023349400609731674,
2573,2573,0.023404164239764214,
2574,2574,0.02336915209889412,
2575,2575,0.02286050282418728,
2576,2576,0.02321193926036358,
2577,2577,0.023013925179839134,
2578,2578,0.023705467581748962,
2579,2579,0.02257550321519375,
2580,2580,0.023799104616045952,
2581,2581,0.02324516326189041,
2582,2582,0.023261593654751778,
2583,2583,0.023560261353850365,
2584,2584,0.0226504635065794,
2585,2585,0.023326735943555832,
2586,2586,0.02308722957968712,
2587,2587,0.022995272651314735,
2588,2588,0.02431921660900116,
2589,2589,0.023515086621046066,
2590,2590,0.0243054386228323,
2591,2591,0.023749077692627907,
2592,2592,0.024153204634785652,
2593,2593,0.023675860837101936,
2594,2594,0.02347995713353157,
2595,2595,0.022364728152751923,
2596,2596,0.024213680997490883,
2597,2597,0.021898360922932625,
2598,2598,0.02231740579009056,
2599,2599,,0.023463312536478043
2599,2599,0.023463312536478043,
2600,2600,0.022624637931585312,
2601,2601,0.02359907329082489,
2602,2602,0.02419537678360939,
2603,2603,0.024986620992422104,
2604,2604,0.023424915969371796,
2605,2605,0.02137010544538498,
2606,2606,0.023532753810286522,
2607,2607,0.02420494332909584,
2608,2608,0.023183992132544518,
2609,2609,0.023705990985035896,
2610,2610,0.023113729432225227,
2611,2611,0.02351522445678711,
2612,2612,0.022388171404600143,
2613,2613,0.022900549694895744,
2614,2614,0.02307911217212677,
2615,2615,0.022969307377934456,
2616,2616,0.022812841460108757,
2617,2617,0.02395019866526127,
2618,2618,0.023405632004141808,
2619,2619,0.023185674101114273,
2620,2620,0.02271478809416294,
2621,2621,0.022717013955116272,
2622,2622,0.02374580129981041,
2623,2623,0.022010087966918945,
2624,2624,0.023739999160170555,
2625,2625,0.024364769458770752,
2626,2626,0.022760635241866112,
2627,2627,0.02282354235649109,
2628,2628,0.023632599040865898,
2629,2629,0.023497452959418297,
2630,2630,0.023440999910235405,
2631,2631,0.02328081615269184,
2632,2632,0.023564564064145088,
2633,2633,0.023007281124591827,
2634,2634,0.02332458272576332,
2635,2635,0.0228861216455698,
2636,2636,0.023185372352600098,
2637,2637,0.022999372333288193,
2638,2638,0.023378679528832436,
2639,2639,0.02443910762667656,
2640,2640,0.024544842541217804,
2641,2641,0.023250387981534004,
2642,2642,0.02335400879383087,
2643,2643,0.02311522886157036,
2644,2644,0.023880355060100555,
2645,2645,0.02339533343911171,
2646,2646,0.022382395341992378,
2647,2647,0.023702915757894516,
2648,2648,0.02339809015393257,
2649,2649,,0.02256522700190544
2649,2649,0.02256522700190544,
2650,2650,0.02276710793375969,
2651,2651,0.022755347192287445,
2652,2652,0.022617332637310028,
2653,2653,0.023517893627285957,
2654,2654,0.02269347570836544,
2655,2655,0.023001164197921753,
2656,2656,0.023311657831072807,
2657,2657,0.022051505744457245,
2658,2658,0.022823000326752663,
2659,2659,0.022810352966189384,
2660,2660,0.02246175706386566,
2661,2661,0.02328505367040634,
2662,2662,0.02276170812547207,
2663,2663,0.023347247391939163,
2664,2664,0.02267076075077057,
2665,2665,0.02234976924955845,
2666,2666,0.022420348599553108,
2667,2667,0.023356126621365547,
2668,2668,0.02386094257235527,
2669,2669,0.023670850321650505,
2670,2670,0.023720629513263702,
2671,2671,0.024058539420366287,
2672,2672,0.024266529828310013,
2673,2673,0.02324843592941761,
2674,2674,0.024234741926193237,
2675,2675,0.022821495309472084,
2676,2676,0.022957533597946167,
2677,2677,0.023755095899105072,
2678,2678,0.022708866745233536,
2679,2679,0.02273823879659176,
2680,2680,0.02388446405529976,
2681,2681,0.02384396828711033,
2682,2682,0.02266601473093033,
2683,2683,0.024091612547636032,
2684,2684,0.02322547696530819,
2685,2685,0.022335421293973923,
2686,2686,0.023948045447468758,
2687,2687,0.023230351507663727,
2688,2688,0.02287922613322735,
2689,2689,0.0246664360165596,
2690,2690,0.023074382916092873,
2691,2691,0.023133380338549614,
2692,2692,0.024090465158224106,
2693,2693,0.022936135530471802,
2694,2694,0.023720907047390938,
2695,2695,0.023216983303427696,
2696,2696,0.022460976615548134,
2697,2697,0.023033497855067253,
2698,2698,0.023261982947587967,
2699,2699,,0.0239880234003067
2699,2699,0.0239880234003067,
2700,2700,0.02176092378795147,
2701,2701,0.023594943806529045,
2702,2702,0.023011287674307823,
2703,2703,0.023708082735538483,
2704,2704,0.02369086816906929,
2705,2705,0.02354423888027668,
2706,2706,0.023715274408459663,
2707,2707,0.022211723029613495,
2708,2708,0.02330271527171135,
2709,2709,0.02338382974267006,
2710,2710,0.02351776324212551,
2711,2711,0.023438341915607452,
2712,2712,0.023152559995651245,
2713,2713,0.023521309718489647,
2714,2714,0.023482799530029297,
2715,2715,0.022638415917754173,
2716,2716,0.023318305611610413,
2717,2717,0.022943997755646706,
2718,2718,0.022812766954302788,
2719,2719,0.022806398570537567,
2720,2720,0.0234177578240633,
2721,2721,0.02243092842400074,
2722,2722,0.02343001961708069,
2723,2723,0.024110764265060425,
2724,2724,0.022713717073202133,
2725,2725,0.02324124239385128,
2726,2726,0.023082397878170013,
2727,2727,0.024528559297323227,
2728,2728,0.023630809038877487,
2729,2729,0.022566143423318863,
2730,2730,0.02437296323478222,
2731,2731,0.023067982867360115,
2732,2732,0.023359477519989014,
2733,2733,0.023958619683980942,
2734,2734,0.021562626585364342,
2735,2735,0.022533737123012543,
2736,2736,0.02356887049973011,
2737,2737,0.02410893514752388,
2738,2738,0.02356346882879734,
2739,2739,0.023054156452417374,
2740,2740,0.02444101870059967,
2741,2741,0.02311510406434536,
2742,2742,0.023318933323025703,
2743,2743,0.024682102724909782,
2744,2744,0.02376936562359333,
2745,2745,0.02293957769870758,
2746,2746,0.023404259234666824,
2747,2747,0.023718805983662605,
2748,2748,0.02352820336818695,
2749,2749,,0.022606372833251953
2749,2749,0.022606372833251953,
2750,2750,0.024461371824145317,
2751,2751,0.02333749271929264,
2752,2752,0.023137222975492477,
2753,2753,0.023369470611214638,
2754,2754,0.023172633722424507,
2755,2755,0.02328048087656498,
2756,2756,0.024051815271377563,
2757,2757,0.024662325158715248,
2758,2758,0.021359533071517944,
2759,2759,0.023074058815836906,
2760,2760,0.024120310321450233,
2761,2761,0.02274959161877632,
2762,2762,0.02325872890651226,
2763,2763,0.023011311888694763,
2764,2764,0.02322525717318058,
2765,2765,0.02451964281499386,
2766,2766,0.023467978462576866,
2767,2767,0.023626338690519333,
2768,2768,0.02355966530740261,
2769,2769,0.022651972249150276,
2770,2770,0.02343018352985382,
2771,2771,0.02332155592739582,
2772,2772,0.02284098044037819,
2773,2773,0.023613542318344116,
2774,2774,0.023334773257374763,
2775,2775,0.023267380893230438,
2776,2776,0.0224866084754467,
2777,2777,0.022388916462659836,
2778,2778,0.021957630291581154,
2779,2779,0.022949662059545517,
2780,2780,0.023588867858052254,
2781,2781,0.023799709975719452,
2782,2782,0.02330087125301361,
2783,2783,0.023130768910050392,
2784,2784,0.02420923486351967,
2785,2785,0.02155112288892269,
2786,2786,0.024619726464152336,
2787,2787,0.021774772554636,
2788,2788,0.02325848489999771,
2789,2789,0.023478500545024872,
2790,2790,0.023889845237135887,
2791,2791,0.024180103093385696,
2792,2792,0.02266918122768402,
2793,2793,0.023666145280003548,
2794,2794,0.02308892086148262,
2795,2795,0.024226516485214233,
2796,2796,0.022232452407479286,
2797,2797,0.02312914840877056,
2798,2798,0.023053085431456566,
2799,2799,,0.023049283772706985
2799,2799,0.023049283772706985,
2800,2800,0.023432299494743347,
2801,2801,0.02299087680876255,
2802,2802,0.023083658888936043,
2803,2803,0.023455368354916573,
2804,2804,0.024528641253709793,
2805,2805,0.023674335330724716,
2806,2806,0.02320941537618637,
2807,2807,0.023199038580060005,
2808,2808,0.023199131712317467,
2809,2809,0.023440632969141006,
2810,2810,0.023063208907842636,
2811,2811,0.022926222532987595,
2812,2812,0.02236788719892502,
2813,2813,0.022240979596972466,
2814,2814,0.023965682834386826,
2815,2815,0.02262662909924984,
2816,2816,0.022217048332095146,
2817,2817,0.02283894084393978,
2818,2818,0.024864552542567253,
2819,2819,0.02316640503704548,
2820,2820,0.023295627906918526,
2821,2821,0.023601097986102104,
2822,2822,0.02220446802675724,
2823,2823,0.024594957008957863,
2824,2824,0.022999659180641174,
2825,2825,0.02273547276854515,
2826,2826,0.023565370589494705,
2827,2827,0.022735469043254852,
2828,2828,0.022433975711464882,
2829,2829,0.023199131712317467,
2830,2830,0.023354455828666687,
2831,2831,0.022443033754825592,
2832,2832,0.024357106536626816,
2833,2833,0.02311694249510765,
2834,2834,0.02245343290269375,
2835,2835,0.022884607315063477,
2836,2836,0.023944854736328125,
2837,2837,0.02323266863822937,
2838,2838,0.024893471971154213,
2839,2839,0.022643115371465683,
2840,2840,0.02314034290611744,
2841,2841,0.02297627180814743,
2842,2842,0.023567603901028633,
2843,2843,0.022847574204206467,
2844,2844,0.02327880449593067,
2845,2845,0.02309511788189411,
2846,2846,0.02290789969265461,
2847,2847,0.023795440793037415,
2848,2848,0.024913614615797997,
2849,2849,,0.023103931918740273
2849,2849,0.023103931918740273,
2850,2850,0.023247050121426582,
2851,2851,0.02249179035425186,
2852,2852,0.021388031542301178,
2853,2853,0.02282208763062954,
2854,2854,0.0235870573669672,
2855,2855,0.023968838155269623,
2856,2856,0.022914184257388115,
2857,2857,0.022343678399920464,
2858,2858,0.023570243269205093,
2859,2859,0.023017460480332375,
2860,2860,0.023063095286488533,
2861,2861,0.0229408610612154,
2862,2862,0.024458324536681175,
2863,2863,0.022655658423900604,
2864,2864,0.02354092337191105,
2865,2865,0.022819876670837402,
2866,2866,0.023793300613760948,
2867,2867,0.022412549704313278,
2868,2868,0.023175731301307678,
2869,2869,0.023226935416460037,
2870,2870,0.023897074162960052,
2871,2871,0.022765357047319412,
2872,2872,0.021708426997065544,
2873,2873,0.022943349555134773,
2874,2874,0.021741796284914017,
2875,2875,0.023314988240599632,
2876,2876,0.02128494158387184,
2877,2877,0.023921195417642593,
2878,2878,0.02434968389570713,
2879,2879,0.023038102313876152,
2880,2880,0.02312038093805313,
2881,2881,0.02290930598974228,
2882,2882,0.022333307191729546,
2883,2883,0.024619080126285553,
2884,2884,0.022763999179005623,
2885,2885,0.02303331531584263,
2886,2886,0.023278510197997093,
2887,2887,0.02257601171731949,
2888,2888,0.023090673610568047,
2889,2889,0.023472651839256287,
2890,2890,0.02279984951019287,
2891,2891,0.022464115172624588,
2892,2892,0.0228549987077713,
2893,2893,0.02305765636265278,
2894,2894,0.023184897378087044,
2895,2895,0.02277926728129387,
2896,2896,0.02298913709819317,
2897,2897,0.022851496934890747,
2898,2898,0.0243394635617733,
2899,2899,,0.023564575240015984
2899,2899,0.023564575240015984,
2900,2900,0.02345341257750988,
2901,2901,0.024083636701107025,
2902,2902,0.02373162843286991,
2903,2903,0.02356795035302639,
2904,2904,0.022364679723978043,
2905,2905,0.02228592149913311,
2906,2906,0.02276628091931343,
2907,2907,0.023377809673547745,
2908,2908,0.024315280839800835,
2909,2909,0.022892070934176445,
2910,2910,0.022955168038606644,
2911,2911,0.02328513190150261,
2912,2912,0.022599386051297188,
2913,2913,0.02316729538142681,
2914,2914,0.023395834490656853,
2915,2915,0.022570379078388214,
2916,2916,0.021509777754545212,
2917,2917,0.022788364440202713,
2918,2918,0.022855551913380623,
2919,2919,0.02123984880745411,
2920,2920,0.023924801498651505,
2921,2921,0.023915233090519905,
2922,2922,0.022162364795804024,
2923,2923,0.0228140726685524,
2924,2924,0.023387663066387177,
2925,2925,0.022745955735445023,
2926,2926,0.02329842373728752,
2927,2927,0.02218402735888958,
2928,2928,0.02315121330320835,
2929,2929,0.022678576409816742,
2930,2930,0.024702446535229683,
2931,2931,0.02271038480103016,
2932,2932,0.02347533591091633,
2933,2933,0.021486924961209297,
2934,2934,0.022899441421031952,
2935,2935,0.023114001378417015,
2936,2936,0.023815689608454704,
2937,2937,0.022879190742969513,
2938,2938,0.02334950678050518,
2939,2939,0.024993954226374626,
2940,2940,0.022017966955900192,
2941,2941,0.02298791892826557,
2942,2942,0.02405523881316185,
2943,2943,0.0226956307888031,
2944,2944,0.022805921733379364,
2945,2945,0.023292724043130875,
2946,2946,0.02340823970735073,
2947,2947,0.023149164393544197,
2948,2948,0.021918898448348045,
2949,2949,,0.024006124585866928
2949,2949,0.024006124585866928,
2950,2950,0.022288326174020767,
2951,2951,0.02293424867093563,
2952,2952,0.0230559129267931,
2953,2953,0.02380557917058468,
2954,2954,0.022743115201592445,
2955,2955,0.020950932055711746,
2956,2956,0.02346269227564335,
2957,2957,0.0230226032435894,
2958,2958,0.023441337049007416,
2959,2959,0.023297300562262535,
2960,2960,0.023031936958432198,
2961,2961,0.02317296341061592,
2962,2962,0.022514013573527336,
2963,2963,0.0233480092138052,
2964,2964,0.023757949471473694,
2965,2965,0.023218605667352676,
2966,2966,0.022606590762734413,
2967,2967,0.023252375423908234,
2968,2968,0.023148588836193085,
2969,2969,0.02305285818874836,
2970,2970,0.024702908471226692,
2971,2971,0.02305566892027855,
2972,2972,0.023887572810053825,
2973,2973,0.022718962281942368,
2974,2974,0.022777199745178223,
2975,2975,0.022993765771389008,
2976,2976,0.021956881508231163,
2977,2977,0.0216877032071352,
2978,2978,0.02288541942834854,
2979,2979,0.02275235950946808,
2980,2980,0.02294887974858284,
2981,2981,0.02315528877079487,
2982,2982,0.02286447584629059,
2983,2983,0.023366600275039673,
2984,2984,0.02338510751724243,
2985,2985,0.022802870720624924,
2986,2986,0.02261180244386196,
2987,2987,0.023218167945742607,
2988,2988,0.0230402871966362,
2989,2989,0.02303364686667919,
2990,2990,0.023063158616423607,
2991,2991,0.022543475031852722,
2992,2992,0.022851504385471344,
2993,2993,0.022370418533682823,
2994,2994,0.022481156513094902,
2995,2995,0.022897688671946526,
2996,2996,0.0228436216711998,
2997,2997,0.022918345406651497,
2998,2998,0.02357087843120098,
2999,2999,,0.024293309077620506
2999,2999,0.024293309077620506,
3000,3000,0.022355210036039352,
3001,3001,0.02213001437485218,
3002,3002,0.023253725841641426,
3003,3003,0.022835535928606987,
3004,3004,0.02339063212275505,
3005,3005,0.021663662046194077,
3006,3006,0.02344445325434208,
3007,3007,0.023404158651828766,
3008,3008,0.02269405871629715,
3009,3009,0.022226620465517044,
3010,3010,0.022209981456398964,
3011,3011,0.022438224405050278,
3012,3012,0.022973399609327316,
3013,3013,0.02343853749334812,
3014,3014,0.023090362548828125,
3015,3015,0.023540861904621124,
3016,3016,0.02483953721821308,
3017,3017,0.023044127970933914,
3018,3018,0.02365420013666153,
3019,3019,0.02219787798821926,
3020,3020,0.022263843566179276,
3021,3021,0.023266298696398735,
3022,3022,0.022227296605706215,
3023,3023,0.02272368036210537,
3024,3024,0.023293733596801758,
3025,3025,0.022677499800920486,
3026,3026,0.023112261667847633,
3027,3027,0.023927582427859306,
3028,3028,0.02178831957280636,
3029,3029,0.02376597374677658,
3030,3030,0.02293499745428562,
3031,3031,0.022162210196256638,
3032,3032,0.023591328412294388,
3033,3033,0.023929892107844353,
3034,3034,0.02320908010005951,
3035,3035,0.023948675021529198,
3036,3036,0.02280595526099205,
3037,3037,0.022920604795217514,
3038,3038,0.02396409399807453,
3039,3039,0.02216590754687786,
3040,3040,0.022444570437073708,
3041,3041,0.021875998005270958,
3042,3042,0.023647567257285118,
3043,3043,0.023389680311083794,
3044,3044,0.022083155810832977,
3045,3045,0.021839184686541557,
3046,3046,0.025016993284225464,
3047,3047,0.02239561453461647,
3048,3048,0.02251923829317093,
3049,3049,,0.02336958423256874
3049,3049,0.02336958423256874,
3050,3050,0.02241595648229122,
3051,3051,0.02283044159412384,
3052,3052,0.023131784051656723,
3053,3053,0.02274695225059986,
3054,3054,0.023080574348568916,
3055,3055,0.02260175533592701,
3056,3056,0.023004313930869102,
3057,3057,0.022403748705983162,
3058,3058,0.022872382774949074,
3059,3059,0.022835172712802887,
3060,3060,0.023255137726664543,
3061,3061,0.022950785234570503,
3062,3062,0.023159226402640343,
3063,3063,0.023890463635325432,
3064,3064,0.02331584505736828,
3065,3065,0.023015685379505157,
3066,3066,0.02224334329366684,
3067,3067,0.023111024871468544,
3068,3068,0.022853326052427292,
3069,3069,0.02217872068285942,
3070,3070,0.022106343880295753,
3071,3071,0.023067351430654526,
3072,3072,0.02197500504553318,
3073,3073,0.02305457554757595,
3074,3074,0.022163571789860725,
3075,3075,0.021702980622649193,
3076,3076,0.022692617028951645,
3077,3077,0.02252139337360859,
3078,3078,0.022819533944129944,
3079,3079,0.022816117852926254,
3080,3080,0.023750875145196915,
3081,3081,0.02310294285416603,
3082,3082,0.022674567997455597,
3083,3083,0.02354254201054573,
3084,3084,0.02300194650888443,
3085,3085,0.022767215967178345,
3086,3086,0.022968538105487823,
3087,3087,0.023342190310359,
3088,3088,0.023074626922607422,
3089,3089,0.023269621655344963,
3090,3090,0.022828320041298866,
3091,3091,0.022891130298376083,
3092,3092,0.0245498176664114,
3093,3093,0.023495657369494438,
3094,3094,0.022850317880511284,
3095,3095,0.02273981273174286,
3096,3096,0.02271396294236183,
3097,3097,0.022674603387713432,
3098,3098,0.02295638620853424,
3099,3099,,0.023001059889793396
3099,3099,0.023001059889793396,
3100,3100,0.02384292148053646,
3101,3101,0.021795138716697693,
3102,3102,0.022947467863559723,
3103,3103,0.023691454902291298,
3104,3104,0.022482316941022873,
3105,3105,0.023605244234204292,
3106,3106,0.023385554552078247,
3107,3107,0.022291718050837517,
3108,3108,0.023207644000649452,
3109,3109,0.023200009018182755,
3110,3110,0.022575639188289642,
3111,3111,0.021933574229478836,
3112,3112,0.02360435016453266,
3113,3113,0.023312149569392204,
3114,3114,0.022629830986261368,
3115,3115,0.02267017401754856,
3116,3116,0.023277083411812782,
3117,3117,0.022753199562430382,
3118,3118,0.021748024970293045,
3119,3119,0.024455605074763298,
3120,3120,0.023617291823029518,
3121,3121,0.022868148982524872,
3122,3122,0.022942909970879555,
3123,3123,0.023383183404803276,
3124,3124,0.02257935144007206,
3125,3125,0.022813698276877403,
3126,3126,0.023112209513783455,
3127,3127,0.02204534411430359,
3128,3128,0.023187238723039627,
3129,3129,0.02346041426062584,
3130,3130,0.022680841386318207,
3131,3131,0.023165851831436157,
3132,3132,0.021541690453886986,
3133,3133,0.02336536906659603,
3134,3134,0.022721145302057266,
3135,3135,0.022605150938034058,
3136,3136,0.022886475548148155,
3137,3137,0.023758793249726295,
3138,3138,0.022747565060853958,
3139,3139,0.023907169699668884,
3140,3140,0.022935587912797928,
3141,3141,0.021540364250540733,
3142,3142,0.022715725004673004,
3143,3143,0.022850975394248962,
3144,3144,0.02291187457740307,
3145,3145,0.022738883271813393,
3146,3146,0.02248290739953518,
3147,3147,0.022786324843764305,
3148,3148,0.023499300703406334,
3149,3149,,0.02376692369580269
3149,3149,0.02376692369580269,
3150,3150,0.023812271654605865,
3151,3151,0.022587446495890617,
3152,3152,0.022629836574196815,
3153,3153,0.02239740639925003,
3154,3154,0.02328210137784481,
3155,3155,0.022461630403995514,
3156,3156,0.02318800799548626,
3157,3157,0.023203764110803604,
3158,3158,0.022558903321623802,
3159,3159,0.021275455132126808,
3160,3160,0.02276499755680561,
3161,3161,0.02317337691783905,
3162,3162,0.023239601403474808,
3163,3163,0.023081062361598015,
3164,3164,0.02210824191570282,
3165,3165,0.022348979488015175,
3166,3166,0.022662606090307236,
3167,3167,0.022557420656085014,
3168,3168,0.023186026141047478,
3169,3169,0.023287596181035042,
3170,3170,0.023750443011522293,
3171,3171,0.023485729470849037,
3172,3172,0.022889485582709312,
3173,3173,0.02395586669445038,
3174,3174,0.023031119257211685,
3175,3175,0.022656727582216263,
3176,3176,0.022762807086110115,
3177,3177,0.02208762988448143,
3178,3178,0.022899001836776733,
3179,3179,0.0226275771856308,
3180,3180,0.02257584221661091,
3181,3181,0.022535158321261406,
3182,3182,0.02242114022374153,
3183,3183,0.022944753989577293,
3184,3184,0.022991258651018143,
3185,3185,0.023231877014040947,
3186,3186,0.021923383697867393,
3187,3187,0.022890035063028336,
3188,3188,0.022752372547984123,
3189,3189,0.02278972789645195,
3190,3190,0.02249813638627529,
3191,3191,0.02332445979118347,
3192,3192,0.022027846425771713,
3193,3193,0.023077066987752914,
3194,3194,0.022841677069664,
3195,3195,0.02268785797059536,
3196,3196,0.02248295769095421,
3197,3197,0.022463589906692505,
3198,3198,0.023389680311083794,
3199,3199,,0.02290314994752407
3199,3199,0.02290314994752407,
3200,3200,0.022114986553788185,
3201,3201,0.021953841671347618,
3202,3202,0.023499861359596252,
3203,3203,0.020721644163131714,
3204,3204,0.023893576115369797,
3205,3205,0.023477710783481598,
3206,3206,0.02314668335020542,
3207,3207,0.021621080115437508,
3208,3208,0.022733192890882492,
3209,3209,0.02179989404976368,
3210,3210,0.023412203416228294,
3211,3211,0.022842159494757652,
3212,3212,0.02128813974559307,
3213,3213,0.02289799600839615,
3214,3214,0.023381926119327545,
3215,3215,0.02123766951262951,
3216,3216,0.022653168067336082,
3217,3217,0.023471541702747345,
3218,3218,0.023008739575743675,
3219,3219,0.022453349083662033,
3220,3220,0.02207793854176998,
3221,3221,0.022275332361459732,
3222,3222,0.022728996351361275,
3223,3223,0.021243683993816376,
3224,3224,0.021609695628285408,
3225,3225,0.02281397394835949,
3226,3226,0.0233098603785038,
3227,3227,0.022823920473456383,
3228,3228,0.021145423874258995,
3229,3229,0.02312716469168663,
3230,3230,0.021264946088194847,
3231,3231,0.023948002606630325,
3232,3232,0.023649951443076134,
3233,3233,0.023108603432774544,
3234,3234,0.022316841408610344,
3235,3235,0.02276967093348503,
3236,3236,0.02304084785282612,
3237,3237,0.022701852023601532,
3238,3238,0.022689439356327057,
3239,3239,0.022129733115434647,
3240,3240,0.02261323854327202,
3241,3241,0.02277488447725773,
3242,3242,0.022401921451091766,
3243,3243,0.021496577188372612,
3244,3244,0.02247767150402069,
3245,3245,0.022731013596057892,
3246,3246,0.022450832650065422,
3247,3247,0.02259422093629837,
3248,3248,0.02268851362168789,
3249,3249,,0.02232477255165577
3249,3249,0.02232477255165577,
3250,3250,0.023100797086954117,
3251,3251,0.02234569378197193,
3252,3252,0.022510558366775513,
3253,3253,0.022743288427591324,
3254,3254,0.021856967359781265,
3255,3255,0.023280303925275803,
3256,3256,0.02204347774386406,
3257,3257,0.023083418607711792,
3258,3258,0.021856823936104774,
3259,3259,0.022753369063138962,
3260,3260,0.022317038848996162,
3261,3261,0.02182185649871826,
3262,3262,0.02250337228178978,
3263,3263,0.024969667196273804,
3264,3264,0.0225041676312685,
3265,3265,0.02260853350162506,
3266,3266,0.021738193929195404,
3267,3267,0.022403433918952942,
3268,3268,0.02208120934665203,
3269,3269,0.02281026914715767,
3270,3270,0.021203717216849327,
3271,3271,0.022550562396645546,
3272,3272,0.023271210491657257,
3273,3273,0.022052189335227013,
3274,3274,0.021713361144065857,
3275,3275,0.022300083190202713,
3276,3276,0.022859852761030197,
3277,3277,0.023205433040857315,
3278,3278,0.022581318393349648,
3279,3279,0.022006511688232422,
3280,3280,0.02272956445813179,
3281,3281,0.021455418318510056,
3282,3282,0.022191230207681656,
3283,3283,0.022442562505602837,
3284,3284,0.022300178185105324,
3285,3285,0.022648604586720467,
3286,3286,0.024312209337949753,
3287,3287,0.023182697594165802,
3288,3288,0.022620413452386856,
3289,3289,0.022120317444205284,
3290,3290,0.023148193955421448,
3291,3291,0.023029305040836334,
3292,3292,0.021830826997756958,
3293,3293,0.022676879540085793,
3294,3294,0.022701619192957878,
3295,3295,0.022752581164240837,
3296,3296,0.022433066740632057,
3297,3297,0.022029532119631767,
3298,3298,0.022007135674357414,
3299,3299,,0.02257823757827282
3299,3299,0.02257823757827282,
3300,3300,0.02260839194059372,
3301,3301,0.02296365424990654,
3302,3302,0.022900192067027092,
3303,3303,0.02327963337302208,
3304,3304,0.02341332845389843,
3305,3305,0.022072210907936096,
3306,3306,0.021917790174484253,
3307,3307,0.02258927933871746,
3308,3308,0.02273741364479065,
3309,3309,0.02261655405163765,
3310,3310,0.022063100710511208,
3311,3311,0.02299828641116619,
3312,3312,0.02266383357346058,
3313,3313,0.02161993458867073,
3314,3314,0.023141926154494286,
3315,3315,0.022537358105182648,
3316,3316,0.023201553151011467,
3317,3317,0.02233467996120453,
3318,3318,0.02272636815905571,
3319,3319,0.021802866831421852,
3320,3320,0.022496560588479042,
3321,3321,0.0214237030595541,
3322,3322,0.023277822881937027,
3323,3323,0.02276640757918358,
3324,3324,0.023572636768221855,
3325,3325,0.02296641282737255,
3326,3326,0.021204406395554543,
3327,3327,0.020534539595246315,
3328,3328,0.02230742573738098,
3329,3329,0.022754326462745667,
3330,3330,0.02391577512025833,
3331,3331,0.021262677386403084,
3332,3332,0.022388238459825516,
3333,3333,0.022394372150301933,
3334,3334,0.02295667678117752,
3335,3335,0.022802546620368958,
3336,3336,0.023013895377516747,
3337,3337,0.022911375388503075,
3338,3338,0.022706901654601097,
3339,3339,0.021609531715512276,
3340,3340,0.02142798900604248,
3341,3341,0.022950738668441772,
3342,3342,0.023627694696187973,
3343,3343,0.02249663695693016,
3344,3344,0.02248891070485115,
3345,3345,0.022358184680342674,
3346,3346,0.023166736587882042,
3347,3347,0.02326296828687191,
3348,3348,0.02288106642663479,
3349,3349,,0.022883649915456772
3349,3349,0.022883649915456772,
3350,3350,0.022709261626005173,
3351,3351,0.02292565628886223,
3352,3352,0.023176049813628197,
3353,3353,0.02148440293967724,
3354,3354,0.023534193634986877,
3355,3355,0.021870600059628487,
3356,3356,0.02318175882101059,
3357,3357,0.021335633471608162,
3358,3358,0.02265767753124237,
3359,3359,0.022252965718507767,
3360,3360,0.02251513861119747,
3361,3361,0.02109665237367153,
3362,3362,0.022245289757847786,
3363,3363,0.022015077993273735,
3364,3364,0.022594014182686806,
3365,3365,0.02168366126716137,
3366,3366,0.022360682487487793,
3367,3367,0.022645195946097374,
3368,3368,0.022364705801010132,
3369,3369,0.022787971422076225,
3370,3370,0.022374439984560013,
3371,3371,0.02267013117671013,
3372,3372,0.022502409294247627,
3373,3373,0.02320628985762596,
3374,3374,0.022433670237660408,
3375,3375,0.023526957258582115,
3376,3376,0.02275044471025467,
3377,3377,0.022985847666859627,
3378,3378,0.021974368020892143,
3379,3379,0.02405139058828354,
3380,3380,0.02283310331404209,
3381,3381,0.022115711122751236,
3382,3382,0.02180885709822178,
3383,3383,0.02234688401222229,
3384,3384,0.022790411487221718,
3385,3385,0.022370411083102226,
3386,3386,0.02281976491212845,
3387,3387,0.022387193515896797,
3388,3388,0.021903064101934433,
3389,3389,0.02301670052111149,
3390,3390,0.022264692932367325,
3391,3391,0.023203812539577484,
3392,3392,0.022855300456285477,
3393,3393,0.022365249693393707,
3394,3394,0.02274019457399845,
3395,3395,0.020757125690579414,
3396,3396,0.022587982937693596,
3397,3397,0.022727100178599358,
3398,3398,0.02277742139995098,
3399,3399,,0.02198834717273712
3399,3399,0.02198834717273712,
3400,3400,0.02270428091287613,
3401,3401,0.023134659975767136,
3402,3402,0.022543087601661682,
3403,3403,0.02197132259607315,
3404,3404,0.022470641881227493,
3405,3405,0.022461095824837685,
3406,3406,0.021996017545461655,
3407,3407,0.022504208609461784,
3408,3408,0.02237420529127121,
3409,3409,0.02226548083126545,
3410,3410,0.022318832576274872,
3411,3411,0.022155996412038803,
3412,3412,0.022197622805833817,
3413,3413,0.021847998723387718,
3414,3414,0.022939981892704964,
3415,3415,0.02274131216108799,
3416,3416,0.022568339481949806,
3417,3417,0.022302310913801193,
3418,3418,0.0214174035936594,
3419,3419,0.0229464340955019,
3420,3420,0.02255682833492756,
3421,3421,0.02260253205895424,
3422,3422,0.02258896455168724,
3423,3423,0.02306058071553707,
3424,3424,0.022760681807994843,
3425,3425,0.0229629073292017,
3426,3426,0.02330782078206539,
3427,3427,0.02214805781841278,
3428,3428,0.02268325723707676,
3429,3429,0.02146884612739086,
3430,3430,0.0222918801009655,
3431,3431,0.022723399102687836,
3432,3432,0.022689111530780792,
3433,3433,0.02182675153017044,
3434,3434,0.022380072623491287,
3435,3435,0.021950818598270416,
3436,3436,0.022399157285690308,
3437,3437,0.022107288241386414,
3438,3438,0.021766673773527145,
3439,3439,0.022218327969312668,
3440,3440,0.02295594848692417,
3441,3441,0.021588308736681938,
3442,3442,0.0217319056391716,
3443,3443,0.0220144372433424,
3444,3444,0.02286127582192421,
3445,3445,0.021992888301610947,
3446,3446,0.022344429045915604,
3447,3447,0.02263052761554718,
3448,3448,0.022952936589717865,
3449,3449,,0.02237015590071678
3449,3449,0.02237015590071678,
3450,3450,0.023565243929624557,
3451,3451,0.0233943909406662,
3452,3452,0.022348783910274506,
3453,3453,0.02224152162671089,
3454,3454,0.023105690255761147,
3455,3455,0.022220276296138763,
3456,3456,0.02232690528035164,
3457,3457,0.023060690611600876,
3458,3458,0.023311583325266838,
3459,3459,0.022370046004652977,
3460,3460,0.02161472663283348,
3461,3461,0.022044029086828232,
3462,3462,0.02328389324247837,
3463,3463,0.02254008874297142,
3464,3464,0.02240435965359211,
3465,3465,0.023847265169024467,
3466,3466,0.021883947774767876,
3467,3467,0.022305550053715706,
3468,3468,0.022919785231351852,
3469,3469,0.022013723850250244,
3470,3470,0.022096097469329834,
3471,3471,0.022304503247141838,
3472,3472,0.022450536489486694,
3473,3473,0.022930750623345375,
3474,3474,0.021016800776124,
3475,3475,0.022786984220147133,
3476,3476,0.023353934288024902,
3477,3477,0.020916420966386795,
3478,3478,0.022974342107772827,
3479,3479,0.02225230634212494,
3480,3480,0.02204633317887783,
3481,3481,0.021461615338921547,
3482,3482,0.023161686956882477,
3483,3483,0.022646185010671616,
3484,3484,0.023034455254673958,
3485,3485,0.02279234118759632,
3486,3486,0.02186557836830616,
3487,3487,0.022379204630851746,
3488,3488,0.02207140624523163,
3489,3489,0.02339019440114498,
3490,3490,0.022348225116729736,
3491,3491,0.022684453055262566,
3492,3492,0.022470463067293167,
3493,3493,0.02278035692870617,
3494,3494,0.02071249857544899,
3495,3495,0.022043321281671524,
3496,3496,0.023010700941085815,
3497,3497,0.02266913279891014,
3498,3498,0.02124672941863537,
3499,3499,,0.022375788539648056
3499,3499,0.022375788539648056,
3500,3500,0.022659968584775925,
3501,3501,0.02307611145079136,
3502,3502,0.022091206163167953,
3503,3503,0.021736595779657364,
3504,3504,0.02201942540705204,
3505,3505,0.02364249713718891,
3506,3506,0.02299422398209572,
3507,3507,0.02311212569475174,
3508,3508,0.02233676239848137,
3509,3509,0.02147064544260502,
3510,3510,0.02307608537375927,
3511,3511,0.02353232353925705,
3512,3512,0.022344110533595085,
3513,3513,0.022041624411940575,
3514,3514,0.02180199883878231,
3515,3515,0.022373858839273453,
3516,3516,0.02098422683775425,
3517,3517,0.02222466841340065,
3518,3518,0.022428074851632118,
3519,3519,0.022989436984062195,
3520,3520,0.022306889295578003,
3521,3521,0.02085590735077858,
3522,3522,0.021692167967557907,
3523,3523,0.022669032216072083,
3524,3524,0.023037703707814217,
3525,3525,0.021605871617794037,
3526,3526,0.022407645359635353,
3527,3527,0.022145593538880348,
3528,3528,0.022318050265312195,
3529,3529,0.020365795120596886,
3530,3530,0.022257907316088676,
3531,3531,0.021497512236237526,
3532,3532,0.023037411272525787,
3533,3533,0.02329343743622303,
3534,3534,0.022072574123740196,
3535,3535,0.022806059569120407,
3536,3536,0.023288128897547722,
3537,3537,0.022928619757294655,
3538,3538,0.022983359172940254,
3539,3539,0.022533943876624107,
3540,3540,0.022611500695347786,
3541,3541,0.022315099835395813,
3542,3542,0.022103356197476387,
3543,3543,0.02316165529191494,
3544,3544,0.02294311672449112,
3545,3545,0.023324929177761078,
3546,3546,0.02080250345170498,
3547,3547,0.022849218919873238,
3548,3548,0.02216419391334057,
3549,3549,,0.022365612909197807
3549,3549,0.022365612909197807,
3550,3550,0.021821843460202217,
3551,3551,0.021973153576254845,
3552,3552,0.022184260189533234,
3553,3553,0.021701086312532425,
3554,3554,0.02312965877354145,
3555,3555,0.022174740210175514,
3556,3556,0.023014355450868607,
3557,3557,0.021258406341075897,
3558,3558,0.02282930724322796,
3559,3559,0.022326815873384476,
3560,3560,0.022524379193782806,
3561,3561,0.02322380058467388,
3562,3562,0.022276051342487335,
3563,3563,0.022393163293600082,
3564,3564,0.02231958508491516,
3565,3565,0.022248759865760803,
3566,3566,0.022408777847886086,
3567,3567,0.02191011607646942,
3568,3568,0.02277846448123455,
3569,3569,0.022355342283844948,
3570,3570,0.02220192179083824,
3571,3571,0.022174393758177757,
3572,3572,0.024115119129419327,
3573,3573,0.02170683443546295,
3574,3574,0.021796980872750282,
3575,3575,0.02275506779551506,
3576,3576,0.023141304031014442,
3577,3577,0.02254132740199566,
3578,3578,0.022883523255586624,
3579,3579,0.022518817335367203,
3580,3580,0.02178165316581726,
3581,3581,0.02244418114423752,
3582,3582,0.021063201129436493,
3583,3583,0.0221007838845253,
3584,3584,0.02239430695772171,
3585,3585,0.02275075577199459,
3586,3586,0.02291313372552395,
3587,3587,0.022093640640378,
3588,3588,0.022288961336016655,
3589,3589,0.021874861791729927,
3590,3590,0.02165873721241951,
3591,3591,0.022401588037610054,
3592,3592,0.022542696446180344,
3593,3593,0.020832983776926994,
3594,3594,0.02233225107192993,
3595,3595,0.022257521748542786,
3596,3596,0.021521413698792458,
3597,3597,0.022711951285600662,
3598,3598,0.022608669474720955,
3599,3599,,0.021885979920625687
3599,3599,0.021885979920625687,
3600,3600,0.022083869203925133,
3601,3601,0.021820953115820885,
3602,3602,0.023054827004671097,
3603,3603,0.024278713390231133,
3604,3604,0.021455224603414536,
3605,3605,0.02203417383134365,
3606,3606,0.020684946328401566,
3607,3607,0.02243141457438469,
3608,3608,0.022348154336214066,
3609,3609,0.02175217866897583,
3610,3610,0.02269001118838787,
3611,3611,0.022720053791999817,
3612,3612,0.022756246849894524,
3613,3613,0.021828897297382355,
3614,3614,0.02246733009815216,
3615,3615,0.022411545738577843,
3616,3616,0.0217774398624897,
3617,3617,0.022507568821310997,
3618,3618,0.0226359311491251,
3619,3619,0.023657390847802162,
3620,3620,0.022909458726644516,
3621,3621,0.022084036841988564,
3622,3622,0.022613758221268654,
3623,3623,0.022233515977859497,
3624,3624,0.02240176871418953,
3625,3625,0.022697823122143745,
3626,3626,0.022926051169633865,
3627,3627,0.023258112370967865,
3628,3628,0.022373713552951813,
3629,3629,0.02215777337551117,
3630,3630,0.021436013281345367,
3631,3631,0.022062502801418304,
3632,3632,0.02163979969918728,
3633,3633,0.02275586873292923,
3634,3634,0.02192145213484764,
3635,3635,0.022593626752495766,
3636,3636,0.022222770377993584,
3637,3637,0.021853243932127953,
3638,3638,0.02179151587188244,
3639,3639,0.02237500436604023,
3640,3640,0.02270651049911976,
3641,3641,0.022238679230213165,
3642,3642,0.022345686331391335,
3643,3643,0.022693483158946037,
3644,3644,0.022312169894576073,
3645,3645,0.022232510149478912,
3646,3646,0.021734638139605522,
3647,3647,0.02099446766078472,
3648,3648,0.02237461693584919,
3649,3649,,0.022790325805544853
3649,3649,0.022790325805544853,
3650,3650,0.022848891094326973,
3651,3651,0.02205360308289528,
3652,3652,0.023055976256728172,
3653,3653,0.022003695368766785,
3654,3654,0.022992299869656563,
3655,3655,0.021663915365934372,
3656,3656,0.023098483681678772,
3657,3657,0.021702028810977936,
3658,3658,0.0216886755079031,
3659,3659,0.022563386708498,
3660,3660,0.022375863045454025,
3661,3661,0.023069949820637703,
3662,3662,0.022165970876812935,
3663,3663,0.02263321541249752,
3664,3664,0.02243764139711857,
3665,3665,0.02177014760673046,
3666,3666,0.022716304287314415,
3667,3667,0.02131577953696251,
3668,3668,0.021871961653232574,
3669,3669,0.022640641778707504,
3670,3670,0.02212139591574669,
3671,3671,0.021807633340358734,
3672,3672,0.022709215059876442,
3673,3673,0.023062195628881454,
3674,3674,0.02245398983359337,
3675,3675,0.022497154772281647,
3676,3676,0.022052012383937836,
3677,3677,0.02205209992825985,
3678,3678,0.02347715012729168,
3679,3679,0.02247266285121441,
3680,3680,0.022061249241232872,
3681,3681,0.02127191424369812,
3682,3682,0.022802557796239853,
3683,3683,0.021685365587472916,
3684,3684,0.021885821595788002,
3685,3685,0.022287337109446526,
3686,3686,0.022466039285063744,
3687,3687,0.021150998771190643,
3688,3688,0.02237756736576557,
3689,3689,0.023093877360224724,
3690,3690,0.022031957283616066,
3691,3691,0.022481968626379967,
3692,3692,0.022411249577999115,
3693,3693,0.021678604185581207,
3694,3694,0.022713618353009224,
3695,3695,0.02204517461359501,
3696,3696,0.022909170016646385,
3697,3697,0.02120864763855934,
3698,3698,0.021917739883065224,
3699,3699,,0.021829431876540184
3699,3699,0.021829431876540184,
3700,3700,0.02131064049899578,
3701,3701,0.023484252393245697,
3702,3702,0.021882491186261177,
3703,3703,0.022145887836813927,
3704,3704,0.023466944694519043,
3705,3705,0.022701339796185493,
3706,3706,0.02247481606900692,
3707,3707,0.02219649963080883,
3708,3708,0.022378023713827133,
3709,3709,0.021848680451512337,
3710,3710,0.021939054131507874,
3711,3711,0.021980151534080505,
3712,3712,0.02185187116265297,
3713,3713,0.021960638463497162,
3714,3714,0.021825553849339485,
3715,3715,0.021963145583868027,
3716,3716,0.022173568606376648,
3717,3717,0.021555839106440544,
3718,3718,0.022923126816749573,
3719,3719,0.022094354033470154,
3720,3720,0.0218089260160923,
3721,3721,0.02268996462225914,
3722,3722,0.022348282858729362,
3723,3723,0.02281375415623188,
3724,3724,0.022990532219409943,
3725,3725,0.021961726248264313,
3726,3726,0.024069353938102722,
3727,3727,0.022426065057516098,
3728,3728,0.02233913354575634,
3729,3729,0.022147733718156815,
3730,3730,0.022432411089539528,
3731,3731,0.022006524726748466,
3732,3732,0.02241429127752781,
3733,3733,0.022330226376652718,
3734,3734,0.022451570257544518,
3735,3735,0.022232282906770706,
3736,3736,0.02263244055211544,
3737,3737,0.021567760035395622,
3738,3738,0.022857047617435455,
3739,3739,0.021610600873827934,
3740,3740,0.02164098061621189,
3741,3741,0.02196655422449112,
3742,3742,0.022537097334861755,
3743,3743,0.021699411794543266,
3744,3744,0.021876290440559387,
3745,3745,0.02234097197651863,
3746,3746,0.020202407613396645,
3747,3747,0.021735524758696556,
3748,3748,0.021788878366351128,
3749,3749,,0.022126993164420128
3749,3749,0.022126993164420128,
3750,3750,0.021837178617715836,
3751,3751,0.022548967972397804,
3752,3752,0.022533908486366272,
3753,3753,0.022170212119817734,
3754,3754,0.023376483470201492,
3755,3755,0.020897438749670982,
3756,3756,0.023064024746418,
3757,3757,0.02104875259101391,
3758,3758,0.02257321961224079,
3759,3759,0.02261335775256157,
3760,3760,0.02119787409901619,
3761,3761,0.022514797747135162,
3762,3762,0.022737780585885048,
3763,3763,0.02235044166445732,
3764,3764,0.021743912249803543,
3765,3765,0.02244914323091507,
3766,3766,0.021634113043546677,
3767,3767,0.022902684286236763,
3768,3768,0.021542076021432877,
3769,3769,0.022012559697031975,
3770,3770,0.022092105820775032,
3771,3771,0.022395679727196693,
3772,3772,0.02220246009528637,
3773,3773,0.022337421774864197,
3774,3774,0.02140858583152294,
3775,3775,0.022518886253237724,
3776,3776,0.02167731337249279,
3777,3777,0.022815197706222534,
3778,3778,0.02331513538956642,
3779,3779,0.021825680509209633,
3780,3780,0.022618368268013,
3781,3781,0.022377651184797287,
3782,3782,0.023700568825006485,
3783,3783,0.021975765004754066,
3784,3784,0.022634752094745636,
3785,3785,0.021785328164696693,
3786,3786,0.02078472264111042,
3787,3787,0.022215962409973145,
3788,3788,0.023152586072683334,
3789,3789,0.02091909572482109,
3790,3790,0.022354399785399437,
3791,3791,0.022489435970783234,
3792,3792,0.02287163771688938,
3793,3793,0.02177184820175171,
3794,3794,0.022769298404455185,
3795,3795,0.02198602631688118,
3796,3796,0.021905673667788506,
3797,3797,0.022317061200737953,
3798,3798,0.022344108670949936,
3799,3799,,0.022142095491290092
3799,3799,0.022142095491290092,
3800,3800,0.021678846329450607,
3801,3801,0.021664191037416458,
3802,3802,0.021802185103297234,
3803,3803,0.022001981735229492,
3804,3804,0.021612107753753662,
3805,3805,0.022425759583711624,
3806,3806,0.021471554413437843,
3807,3807,0.022335493937134743,
3808,3808,0.021648649126291275,
3809,3809,0.02232440374791622,
3810,3810,0.022353321313858032,
3811,3811,0.022347722202539444,
3812,3812,0.022326134145259857,
3813,3813,0.02377016842365265,
3814,3814,0.0218929722905159,
3815,3815,0.022439690306782722,
3816,3816,0.02318771928548813,
3817,3817,0.022622615098953247,
3818,3818,0.02230321802198887,
3819,3819,0.02315245196223259,
3820,3820,0.022427095100283623,
3821,3821,0.022115958854556084,
3822,3822,0.02215561643242836,
3823,3823,0.022511685267090797,
3824,3824,0.022233374416828156,
3825,3825,0.021988440304994583,
3826,3826,0.02142394706606865,
3827,3827,0.022358078509569168,
3828,3828,0.02162373624742031,
3829,3829,0.022734260186553,
3830,3830,0.021673688665032387,
3831,3831,0.022568924352526665,
3832,3832,0.02150222286581993,
3833,3833,0.022122420370578766,
3834,3834,0.022190572693943977,
3835,3835,0.021405361592769623,
3836,3836,0.021497240290045738,
3837,3837,0.022717289626598358,
3838,3838,0.022054174914956093,
3839,3839,0.020558755844831467,
3840,3840,0.022507721558213234,
3841,3841,0.022828074172139168,
3842,3842,0.02140054665505886,
3843,3843,0.021575063467025757,
3844,3844,0.02190384827554226,
3845,3845,0.023530138656497,
3846,3846,0.02076028659939766,
3847,3847,0.022402558475732803,
3848,3848,0.022072456777095795,
3849,3849,,0.02242748998105526
3849,3849,0.02242748998105526,
3850,3850,0.021905533969402313,
3851,3851,0.022420043125748634,
3852,3852,0.01967921108007431,
3853,3853,0.02256244793534279,
3854,3854,0.022609591484069824,
3855,3855,0.022733597084879875,
3856,3856,0.022529110312461853,
3857,3857,0.021946687251329422,
3858,3858,0.021411415189504623,
3859,3859,0.02231203205883503,
3860,3860,0.022095412015914917,
3861,3861,0.02210206165909767,
3862,3862,0.022121217101812363,
3863,3863,0.022265303879976273,
3864,3864,0.02255726046860218,
3865,3865,0.021537799388170242,
3866,3866,0.022659584879875183,
3867,3867,0.021799638867378235,
3868,3868,0.021788373589515686,
3869,3869,0.023220213130116463,
3870,3870,0.02197491005063057,
3871,3871,0.022053329274058342,
3872,3872,0.021908940747380257,
3873,3873,0.02150421217083931,
3874,3874,0.022051870822906494,
3875,3875,0.022081414237618446,
3876,3876,0.02385067008435726,
3877,3877,0.02136765420436859,
3878,3878,0.02298157289624214,
3879,3879,0.022090697661042213,
3880,3880,0.02181977778673172,
3881,3881,0.022585486993193626,
3882,3882,0.022701507434248924,
3883,3883,0.022820306941866875,
3884,3884,0.02200533077120781,
3885,3885,0.022220226004719734,
3886,3886,0.0219156201928854,
3887,3887,0.02259519323706627,
3888,3888,0.02171592228114605,
3889,3889,0.022480206564068794,
3890,3890,0.02211066707968712,
3891,3891,0.022486217319965363,
3892,3892,0.02388196624815464,
3893,3893,0.021594258025288582,
3894,3894,0.02228664793074131,
3895,3895,0.02181118354201317,
3896,3896,0.02305079810321331,
3897,3897,0.022455783560872078,
3898,3898,0.022936291992664337,
3899,3899,,0.02153862826526165
3899,3899,0.02153862826526165,
3900,3900,0.021922608837485313,
3901,3901,0.022037971764802933,
3902,3902,0.021621884778141975,
3903,3903,0.023340504616498947,
3904,3904,0.021933134645223618,
3905,3905,0.02304122783243656,
3906,3906,0.022759005427360535,
3907,3907,0.02334408089518547,
3908,3908,0.023470312356948853,
3909,3909,0.021243788301944733,
3910,3910,0.021661195904016495,
3911,3911,0.02176421508193016,
3912,3912,0.021535811945796013,
3913,3913,0.022748729214072227,
3914,3914,0.022531522437930107,
3915,3915,0.022046491503715515,
3916,3916,0.023012185469269753,
3917,3917,0.022385358810424805,
3918,3918,0.021600157022476196,
3919,3919,0.022466566413640976,
3920,3920,0.022200720384716988,
3921,3921,0.024300329387187958,
3922,3922,0.02240936830639839,
3923,3923,0.021943379193544388,
3924,3924,0.021098729223012924,
3925,3925,0.02140422910451889,
3926,3926,0.02142973057925701,
3927,3927,0.0235555712133646,
3928,3928,0.02187175676226616,
3929,3929,0.022516416385769844,
3930,3930,0.02312084473669529,
3931,3931,0.02201104909181595,
3932,3932,0.022005707025527954,
3933,3933,0.02210189402103424,
3934,3934,0.0207273717969656,
3935,3935,0.021550800651311874,
3936,3936,0.02184097096323967,
3937,3937,0.02092716470360756,
3938,3938,0.02216077595949173,
3939,3939,0.02237093076109886,
3940,3940,0.022794438526034355,
3941,3941,0.022207677364349365,
3942,3942,0.02194911800324917,
3943,3943,0.021753624081611633,
3944,3944,0.0228358693420887,
3945,3945,0.02189999632537365,
3946,3946,0.02209055982530117,
3947,3947,0.022058920934796333,
3948,3948,0.021985625848174095,
3949,3949,,0.0212498027831316
3949,3949,0.0212498027831316,
3950,3950,0.021306395530700684,
3951,3951,0.02188759297132492,
3952,3952,0.02115746960043907,
3953,3953,0.021881427615880966,
3954,3954,0.021618053317070007,
3955,3955,0.02207650989294052,
3956,3956,0.022463543340563774,
3957,3957,0.02225084975361824,
3958,3958,0.022403230890631676,
3959,3959,0.022131266072392464,
3960,3960,0.022389058023691177,
3961,3961,0.021593332290649414,
3962,3962,0.02160615660250187,
3963,3963,0.02226710319519043,
3964,3964,0.021661994978785515,
3965,3965,0.022099310532212257,
3966,3966,0.02252987027168274,
3967,3967,0.021824702620506287,
3968,3968,0.021642504259943962,
3969,3969,0.021858468651771545,
3970,3970,0.02266157604753971,
3971,3971,0.021721251308918,
3972,3972,0.021638091653585434,
3973,3973,0.022121192887425423,
3974,3974,0.0222939420491457,
3975,3975,0.022388089448213577,
3976,3976,0.022228671237826347,
3977,3977,0.024094220250844955,
3978,3978,0.02167413756251335,
3979,3979,0.022285308688879013,
3980,3980,0.02348008193075657,
3981,3981,0.022194072604179382,
3982,3982,0.022539088502526283,
3983,3983,0.021314997225999832,
3984,3984,0.021567007526755333,
3985,3985,0.021962743252515793,
3986,3986,0.02186587080359459,
3987,3987,0.022077297791838646,
3988,3988,0.022050268948078156,
3989,3989,0.02288619428873062,
3990,3990,0.021654509007930756,
3991,3991,0.021741140633821487,
3992,3992,0.022098252549767494,
3993,3993,0.022317606955766678,
3994,3994,0.022824617102742195,
3995,3995,0.02215743064880371,
3996,3996,0.022598961368203163,
3997,3997,0.022934366017580032,
3998,3998,0.02274261973798275,
3999,3999,,0.02175060659646988
3999,3999,0.02175060659646988,
4000,4000,0.022112945094704628,
4001,4001,0.022066185250878334,
4002,4002,0.021116916090250015,
4003,4003,0.02405240759253502,
4004,4004,0.023207107558846474,
4005,4005,0.021362101659178734,
4006,4006,0.02220584824681282,
4007,4007,0.022842412814497948,
4008,4008,0.022086499258875847,
4009,4009,0.022952845320105553,
4010,4010,0.022090183570981026,
4011,4011,0.021942779421806335,
4012,4012,0.022826023399829865,
4013,4013,0.02349054254591465,
4014,4014,0.022435832768678665,
4015,4015,0.021853048354387283,
4016,4016,0.02178400196135044,
4017,4017,0.02034030482172966,
4018,4018,0.021836712956428528,
4019,4019,0.024699946865439415,
4020,4020,0.02195790410041809,
4021,4021,0.02147732861340046,
4022,4022,0.022793399170041084,
4023,4023,0.022110966965556145,
4024,4024,0.02201136387884617,
4025,4025,0.02232360653579235,
4026,4026,0.022063851356506348,
4027,4027,0.021335458382964134,
4028,4028,0.021559149026870728,
4029,4029,0.02301734872162342,
4030,4030,0.02085544727742672,
4031,4031,0.02100769802927971,
4032,4032,0.021679548546671867,
4033,4033,0.02231932245194912,
4034,4034,0.020996809005737305,
4035,4035,0.02243896946310997,
4036,4036,0.022167284041643143,
4037,4037,0.021696945652365685,
4038,4038,0.022568346932530403,
4039,4039,0.022513633593916893,
4040,4040,0.023004980757832527,
4041,4041,0.021868547424674034,
4042,4042,0.021386150270700455,
4043,4043,0.021926341578364372,
4044,4044,0.020726198330521584,
4045,4045,0.022489342838525772,
4046,4046,0.022046098485589027,
4047,4047,0.02236361801624298,
4048,4048,0.022105636075139046,
4049,4049,,0.021697742864489555
4049,4049,0.021697742864489555,
4050,4050,0.02180677466094494,
4051,4051,0.02153174765408039,
4052,4052,0.021795282140374184,
4053,4053,0.022203834727406502,
4054,4054,0.02255392260849476,
4055,4055,0.022484853863716125,
4056,4056,0.022071857005357742,
4057,4057,0.021644189953804016,
4058,4058,0.022532612085342407,
4059,4059,0.021734943613409996,
4060,4060,0.021947888657450676,
4061,4061,0.02332220785319805,
4062,4062,0.021600227802991867,
4063,4063,0.021655919030308723,
4064,4064,0.022171225398778915,
4065,4065,0.021943580359220505,
4066,4066,0.02158399485051632,
4067,4067,0.021596591919660568,
4068,4068,0.021744094789028168,
4069,4069,0.021212138235569,
4070,4070,0.022200914099812508,
4071,4071,0.02236025407910347,
4072,4072,0.021476801484823227,
4073,4073,0.02182524837553501,
4074,4074,0.022658489644527435,
4075,4075,0.02150002308189869,
4076,4076,0.021869221702218056,
4077,4077,0.022584663704037666,
4078,4078,0.021875789389014244,
4079,4079,0.022569170221686363,
4080,4080,0.02344374544918537,
4081,4081,0.022865168750286102,
4082,4082,0.02247440069913864,
4083,4083,0.021936791017651558,
4084,4084,0.02182154543697834,
4085,4085,0.021713601425290108,
4086,4086,0.022115454077720642,
4087,4087,0.022222377359867096,
4088,4088,0.022495225071907043,
4089,4089,0.021691815927624702,
4090,4090,0.02224092371761799,
4091,4091,0.02202705666422844,
4092,4092,0.021510066464543343,
4093,4093,0.02189086191356182,
4094,4094,0.021918656304478645,
4095,4095,0.021645957604050636,
4096,4096,0.022739551961421967,
4097,4097,0.02214888669550419,
4098,4098,0.022227898240089417,
4099,4099,,0.021546782925724983
4099,4099,0.021546782925724983,
4100,4100,0.020767059177160263,
4101,4101,0.02218353934586048,
4102,4102,0.021469539031386375,
4103,4103,0.021982921287417412,
4104,4104,0.02255457453429699,
4105,4105,0.02199564129114151,
4106,4106,0.02217055857181549,
4107,4107,0.022205732762813568,
4108,4108,0.022556887939572334,
4109,4109,0.021709240972995758,
4110,4110,0.022915301844477654,
4111,4111,0.02069011889398098,
4112,4112,0.020341742783784866,
4113,4113,0.022092826664447784,
4114,4114,0.02219499461352825,
4115,4115,0.021585039794445038,
4116,4116,0.022733040153980255,
4117,4117,0.021474400535225868,
4118,4118,0.021125657483935356,
4119,4119,0.021354231983423233,
4120,4120,0.02219138666987419,
4121,4121,0.022344820201396942,
4122,4122,0.02008943445980549,
4123,4123,0.021685460582375526,
4124,4124,0.02191268280148506,
4125,4125,0.021470820531249046,
4126,4126,0.02142574079334736,
4127,4127,0.021189238876104355,
4128,4128,0.022236783057451248,
4129,4129,0.021768977865576744,
4130,4130,0.02194567583501339,
4131,4131,0.02202240377664566,
4132,4132,0.020757703110575676,
4133,4133,0.021833332255482674,
4134,4134,0.022128013893961906,
4135,4135,0.022306272760033607,
4136,4136,0.022050315514206886,
4137,4137,0.02038266696035862,
4138,4138,0.021243657916784286,
4139,4139,0.022013714537024498,
4140,4140,0.021811697632074356,
4141,4141,0.02168753370642662,
4142,4142,0.021136753261089325,
4143,4143,0.021858585998415947,
4144,4144,0.02169114351272583,
4145,4145,0.02277282625436783,
4146,4146,0.02259279042482376,
4147,4147,0.02184877172112465,
4148,4148,0.021735779941082,
4149,4149,,0.020864244550466537
4149,4149,0.020864244550466537,
4150,4150,0.02174714021384716,
4151,4151,0.020697304978966713,
4152,4152,0.021593591198325157,
4153,4153,0.021833164617419243,
4154,4154,0.022689932957291603,
4155,4155,0.021627502515912056,
4156,4156,0.022206855937838554,
4157,4157,0.02175118774175644,
4158,4158,0.02221965789794922,
4159,4159,0.022228417918086052,
4160,4160,0.02177736908197403,
4161,4161,0.021699942648410797,
4162,4162,0.021681945770978928,
4163,4163,0.02214730530977249,
4164,4164,0.021018903702497482,
4165,4165,0.023363595828413963,
4166,4166,0.02133614756166935,
4167,4167,0.02176169864833355,
4168,4168,0.020945021882653236,
4169,4169,0.02156267873942852,
4170,4170,0.022165518254041672,
4171,4171,0.022277528420090675,
4172,4172,0.02262077108025551,
4173,4173,0.02254675328731537,
4174,4174,0.022087596356868744,
4175,4175,0.022048188373446465,
4176,4176,0.022074107080698013,
4177,4177,0.021802596747875214,
4178,4178,0.02163863182067871,
4179,4179,0.02216442860662937,
4180,4180,0.022101102396845818,
4181,4181,0.021692918613553047,
4182,4182,0.021463140845298767,
4183,4183,0.021688593551516533,
4184,4184,0.02235463447868824,
4185,4185,0.02297918125987053,
4186,4186,0.02274998277425766,
4187,4187,0.021644366905093193,
4188,4188,0.020362528041005135,
4189,4189,0.022694522514939308,
4190,4190,0.022075090557336807,
4191,4191,0.021874791011214256,
4192,4192,0.02160664089024067,
4193,4193,0.02111118473112583,
4194,4194,0.021994883194565773,
4195,4195,0.021460728719830513,
4196,4196,0.02180102840065956,
4197,4197,0.022306058555841446,
4198,4198,0.02371632307767868,
4199,4199,,0.021892769262194633
4199,4199,0.021892769262194633,
4200,4200,0.021522127091884613,
4201,4201,0.02156299538910389,
4202,4202,0.02243730239570141,
4203,4203,0.020918089896440506,
4204,4204,0.021699026226997375,
4205,4205,0.021255239844322205,
4206,4206,0.02277868427336216,
4207,4207,0.020411020144820213,
4208,4208,0.021855533123016357,
4209,4209,0.02215178869664669,
4210,4210,0.020985238254070282,
4211,4211,0.021877333521842957,
4212,4212,0.021843288093805313,
4213,4213,0.02151385135948658,
4214,4214,0.02160283550620079,
4215,4215,0.022115889936685562,
4216,4216,0.021817246451973915,
4217,4217,0.022291064262390137,
4218,4218,0.022294238209724426,
4219,4219,0.02302992157638073,
4220,4220,0.021501949056982994,
4221,4221,0.022205237299203873,
4222,4222,0.02171313762664795,
4223,4223,0.02192940190434456,
4224,4224,0.020826242864131927,
4225,4225,0.022125188261270523,
4226,4226,0.021689970046281815,
4227,4227,0.021570583805441856,
4228,4228,0.021799910813570023,
4229,4229,0.021784614771604538,
4230,4230,0.021907014772295952,
4231,4231,0.021216101944446564,
4232,4232,0.02196318469941616,
4233,4233,0.022444892674684525,
4234,4234,0.023143967613577843,
4235,4235,0.021881118416786194,
4236,4236,0.021573176607489586,
4237,4237,0.020508550107479095,
4238,4238,0.02160283923149109,
4239,4239,0.022416308522224426,
4240,4240,0.021535959094762802,
4241,4241,0.022393595427274704,
4242,4242,0.02143624611198902,
4243,4243,0.020972998812794685,
4244,4244,0.021750034764409065,
4245,4245,0.023829851299524307,
4246,4246,0.02096726931631565,
4247,4247,0.023508170619606972,
4248,4248,0.024332469329237938,
4249,4249,,0.021921025589108467
4249,4249,0.021921025589108467,
4250,4250,0.021948790177702904,
4251,4251,0.021853560581803322,
4252,4252,0.022051770240068436,
4253,4253,0.021708976477384567,
4254,4254,0.021887963637709618,
4255,4255,0.021954549476504326,
4256,4256,0.021570898592472076,
4257,4257,0.020713523030281067,
4258,4258,0.022331446409225464,
4259,4259,0.021146848797798157,
4260,4260,0.02195434272289276,
4261,4261,0.023503195494413376,
4262,4262,0.022319244220852852,
4263,4263,0.022368697449564934,
4264,4264,0.021586742252111435,
4265,4265,0.021372314542531967,
4266,4266,0.020901648327708244,
4267,4267,0.020770341157913208,
4268,4268,0.021358851343393326,
4269,4269,0.021070674061775208,
4270,4270,0.021807748824357986,
4271,4271,0.02290615811944008,
4272,4272,0.021748581901192665,
4273,4273,0.021231725811958313,
4274,4274,0.022233573719859123,
4275,4275,0.022325117141008377,
4276,4276,0.021792104467749596,
4277,4277,0.021617839112877846,
4278,4278,0.02204276993870735,
4279,4279,0.021659884601831436,
4280,4280,0.02108357474207878,
4281,4281,0.022294389083981514,
4282,4282,0.02214188314974308,
4283,4283,0.020451568067073822,
4284,4284,0.022701317444443703,
4285,4285,0.021145299077033997,
4286,4286,0.021801702678203583,
4287,4287,0.021378448233008385,
4288,4288,0.022588370367884636,
4289,4289,0.02154521457850933,
4290,4290,0.021848570555448532,
4291,4291,0.021635383367538452,
4292,4292,0.021962575614452362,
4293,4293,0.0218057781457901,
4294,4294,0.02165645733475685,
4295,4295,0.021470757201313972,
4296,4296,0.022527625784277916,
4297,4297,0.02141021564602852,
4298,4298,0.02203509770333767,
4299,4299,,0.021596675738692284
4299,4299,0.021596675738692284,
4300,4300,0.02290729247033596,
4301,4301,0.022159278392791748,
4302,4302,0.022349223494529724,
4303,4303,0.021715136244893074,
4304,4304,0.021452084183692932,
4305,4305,0.022407270967960358,
4306,4306,0.02208225429058075,
4307,4307,0.021948982030153275,
4308,4308,0.021002620458602905,
4309,4309,0.022062057629227638,
4310,4310,0.02152404561638832,
4311,4311,0.02132183313369751,
4312,4312,0.02120932936668396,
4313,4313,0.021371949464082718,
4314,4314,0.021537350490689278,
4315,4315,0.021592359989881516,
4316,4316,0.021760782226920128,
4317,4317,0.021374957635998726,
4318,4318,0.02213672362267971,
4319,4319,0.022968491539359093,
4320,4320,0.021595004945993423,
4321,4321,0.02171299047768116,
4322,4322,0.0220881849527359,
4323,4323,0.0220359917730093,
4324,4324,0.02138334885239601,
4325,4325,0.02209646627306938,
4326,4326,0.02196195349097252,
4327,4327,0.022233346477150917,
4328,4328,0.021599208936095238,
4329,4329,0.02157464250922203,
4330,4330,0.02196865901350975,
4331,4331,0.02164335921406746,
4332,4332,0.021806081756949425,
4333,4333,0.021907877177000046,
4334,4334,0.022048823535442352,
4335,4335,0.021450700238347054,
4336,4336,0.021449269726872444,
4337,4337,0.02093571610748768,
4338,4338,0.021809378638863564,
4339,4339,0.022150365635752678,
4340,4340,0.0214532557874918,
4341,4341,0.020516520366072655,
4342,4342,0.020935872569680214,
4343,4343,0.022043660283088684,
4344,4344,0.021946251392364502,
4345,4345,0.021388625726103783,
4346,4346,0.02301594614982605,
4347,4347,0.02158205956220627,
4348,4348,0.02144155651330948,
4349,4349,,0.021827077493071556
4349,4349,0.021827077493071556,
4350,4350,0.022187359631061554,
4351,4351,0.022362159565091133,
4352,4352,0.021908314898610115,
4353,4353,0.021641161292791367,
4354,4354,0.02198195643723011,
4355,4355,0.021224740892648697,
4356,4356,0.021394873037934303,
4357,4357,0.021609051153063774,
4358,4358,0.021773025393486023,
4359,4359,0.02137075923383236,
4360,4360,0.021456127986311913,
4361,4361,0.020845474675297737,
4362,4362,0.022366933524608612,
4363,4363,0.02157801017165184,
4364,4364,0.021868454292416573,
4365,4365,0.021867964416742325,
4366,4366,0.021544821560382843,
4367,4367,0.021051812916994095,
4368,4368,0.02214619144797325,
4369,4369,0.021854320541024208,
4370,4370,0.022504320368170738,
4371,4371,0.021424954757094383,
4372,4372,0.021622072905302048,
4373,4373,0.021642085164785385,
4374,4374,0.022435039281845093,
4375,4375,0.024112392216920853,
4376,4376,0.02156224474310875,
4377,4377,0.022223617881536484,
4378,4378,0.022617751732468605,
4379,4379,0.022076034918427467,
4380,4380,0.021598173305392265,
4381,4381,0.020890723913908005,
4382,4382,0.02163403294980526,
4383,4383,0.021459462121129036,
4384,4384,0.02076079696416855,
4385,4385,0.022209251299500465,
4386,4386,0.02171136438846588,
4387,4387,0.020523246377706528,
4388,4388,0.021999534219503403,
4389,4389,0.02101741172373295,
4390,4390,0.020302506163716316,
4391,4391,0.022463150322437286,
4392,4392,0.02232048660516739,
4393,4393,0.0212432648986578,
4394,4394,0.021750986576080322,
4395,4395,0.02184544876217842,
4396,4396,0.021716482937335968,
4397,4397,0.021399427205324173,
4398,4398,0.020966587588191032,
4399,4399,,0.02210618369281292
4399,4399,0.02210618369281292,
4400,4400,0.021868467330932617,
4401,4401,0.021726850420236588,
4402,4402,0.020984888076782227,
4403,4403,0.022537119686603546,
4404,4404,0.02093387581408024,
4405,4405,0.02297847904264927,
4406,4406,0.021094372496008873,
4407,4407,0.02172797918319702,
4408,4408,0.021776001900434494,
4409,4409,0.020869828760623932,
4410,4410,0.02136790007352829,
4411,4411,0.021269416436553,
4412,4412,0.02190251834690571,
4413,4413,0.02076421119272709,
4414,4414,0.022066421806812286,
4415,4415,0.020758988335728645,
4416,4416,0.021066300570964813,
4417,4417,0.022633027285337448,
4418,4418,0.021566158160567284,
4419,4419,0.0219449233263731,
4420,4420,0.021331194788217545,
4421,4421,0.021816764026880264,
4422,4422,0.021152641624212265,
4423,4423,0.021100157871842384,
4424,4424,0.020503811538219452,
4425,4425,0.022251829504966736,
4426,4426,0.020624741911888123,
4427,4427,0.02141503058373928,
4428,4428,0.021610358729958534,
4429,4429,0.02145420014858246,
4430,4430,0.022595161572098732,
4431,4431,0.02137184701859951,
4432,4432,0.02232346311211586,
4433,4433,0.021395070478320122,
4434,4434,0.021571267396211624,
4435,4435,0.023462407290935516,
4436,4436,0.021343693137168884,
4437,4437,0.021604565903544426,
4438,4438,0.02191920578479767,
4439,4439,0.021592874079942703,
4440,4440,0.02171982452273369,
4441,4441,0.021543795242905617,
4442,4442,0.01922552101314068,
4443,4443,0.021899577230215073,
4444,4444,0.022125188261270523,
4445,4445,0.02277963049709797,
4446,4446,0.021958384662866592,
4447,4447,0.021319054067134857,
4448,4448,0.022803187370300293,
4449,4449,,0.02160310000181198
4449,4449,0.02160310000181198,
4450,4450,0.02185988426208496,
4451,4451,0.022323235869407654,
4452,4452,0.02157803252339363,
4453,4453,0.02046707086265087,
4454,4454,0.021824246272444725,
4455,4455,0.021991437301039696,
4456,4456,0.022958261892199516,
4457,4457,0.02172357216477394,
4458,4458,0.021132679656147957,
4459,4459,0.0215583648532629,
4460,4460,0.02090514451265335,
4461,4461,0.021679505705833435,
4462,4462,0.021852606907486916,
4463,4463,0.022025810554623604,
4464,4464,0.021282529458403587,
4465,4465,0.021890202537178993,
4466,4466,0.021347686648368835,
4467,4467,0.022602315992116928,
4468,4468,0.02345389686524868,
4469,4469,0.021407747641205788,
4470,4470,0.021137895062565804,
4471,4471,0.021982189267873764,
4472,4472,0.02154519222676754,
4473,4473,0.021963542327284813,
4474,4474,0.02161707729101181,
4475,4475,0.021333632990717888,
4476,4476,0.02127208560705185,
4477,4477,0.020874641835689545,
4478,4478,0.022122791036963463,
4479,4479,0.02197963558137417,
4480,4480,0.0215615164488554,
4481,4481,0.021961873397231102,
4482,4482,0.020965054631233215,
4483,4483,0.021745117381215096,
4484,4484,0.020014135167002678,
4485,4485,0.02219155989587307,
4486,4486,0.02095433883368969,
4487,4487,0.02194620855152607,
4488,4488,0.021903537213802338,
4489,4489,0.022321678698062897,
4490,4490,0.02152719348669052,
4491,4491,0.021749025210738182,
4492,4492,0.021344345062971115,
4493,4493,0.02127629891037941,
4494,4494,0.021401874721050262,
4495,4495,0.021326696500182152,
4496,4496,0.020576447248458862,
4497,4497,0.022408494725823402,
4498,4498,0.021697087213397026,
4499,4499,,0.021649129688739777
4499,4499,0.021649129688739777,
4500,4500,0.021258538588881493,
4501,4501,0.021264037117362022,
4502,4502,0.02148773893713951,
4503,4503,0.02096211165189743,
4504,4504,0.021024076268076897,
4505,4505,0.021826276555657387,
4506,4506,0.022400079295039177,
4507,4507,0.0208914652466774,
4508,4508,0.021373920142650604,
4509,4509,0.022666607052087784,
4510,4510,0.021389443427324295,
4511,4511,0.022570449858903885,
4512,4512,0.02321101911365986,
4513,4513,0.021816374734044075,
4514,4514,0.02129518613219261,
4515,4515,0.021549198776483536,
4516,4516,0.02135007083415985,
4517,4517,0.02063528262078762,
4518,4518,0.022399233654141426,
4519,4519,0.019698193296790123,
4520,4520,0.021888500079512596,
4521,4521,0.022330420091748238,
4522,4522,0.02146882191300392,
4523,4523,0.022348545491695404,
4524,4524,0.0210853461176157,
4525,4525,0.020833896473050117,
4526,4526,0.021611087024211884,
4527,4527,0.021310925483703613,
4528,4528,0.0216372050344944,
4529,4529,0.021912673488259315,
4530,4530,0.0219613928347826,
4531,4531,0.02067749761044979,
4532,4532,0.021419072523713112,
4533,4533,0.021995238959789276,
4534,4534,0.02090287208557129,
4535,4535,0.022169088944792747,
4536,4536,0.020508883520960808,
4537,4537,0.022297687828540802,
4538,4538,0.0228432510048151,
4539,4539,0.021584782749414444,
4540,4540,0.021830011159181595,
4541,4541,0.022213349118828773,
4542,4542,0.021591773256659508,
4543,4543,0.022150574252009392,
4544,4544,0.021092714741826057,
4545,4545,0.02192899025976658,
4546,4546,0.02133343555033207,
4547,4547,0.02122754603624344,
4548,4548,0.021914733573794365,
4549,4549,,0.022398395463824272
4549,4549,0.022398395463824272,
4550,4550,0.02140437625348568,
4551,4551,0.021456187590956688,
4552,4552,0.021127916872501373,
4553,4553,0.022141145542263985,
4554,4554,0.021669398993253708,
4555,4555,0.02166963554918766,
4556,4556,0.0206703320145607,
4557,4557,0.021414965391159058,
4558,4558,0.02158227749168873,
4559,4559,0.021245719864964485,
4560,4560,0.02159467339515686,
4561,4561,0.020955927670001984,
4562,4562,0.02060011960566044,
4563,4563,0.021472075954079628,
4564,4564,0.021603723987936974,
4565,4565,0.02274063602089882,
4566,4566,0.02167067490518093,
4567,4567,0.020927075296640396,
4568,4568,0.020974542945623398,
4569,4569,0.021413592621684074,
4570,4570,0.021855318918824196,
4571,4571,0.02142711542546749,
4572,4572,0.021255915984511375,
4573,4573,0.02108171582221985,
4574,4574,0.021174099296331406,
4575,4575,0.021514542400836945,
4576,4576,0.021407121792435646,
4577,4577,0.02175799012184143,
4578,4578,0.020051470026373863,
4579,4579,0.022336173802614212,
4580,4580,0.021849414333701134,
4581,4581,0.021617954596877098,
4582,4582,0.02172401361167431,
4583,4583,0.02154611609876156,
4584,4584,0.021553225815296173,
4585,4585,0.022554952651262283,
4586,4586,0.021888945251703262,
4587,4587,0.02176663652062416,
4588,4588,0.021242134273052216,
4589,4589,0.02149357460439205,
4590,4590,0.02353535033762455,
4591,4591,0.020684318616986275,
4592,4592,0.02144315093755722,
4593,4593,0.021292326971888542,
4594,4594,0.023483235388994217,
4595,4595,0.021700620651245117,
4596,4596,0.021606741473078728,
4597,4597,0.02149225026369095,
4598,4598,0.021647823974490166,
4599,4599,,0.021439136937260628
4599,4599,0.021439136937260628,
4600,4600,0.020673377439379692,
4601,4601,0.022002162411808968,
4602,4602,0.021261613816022873,
4603,4603,0.022029969841241837,
4604,4604,0.021169375628232956,
4605,4605,0.021940451115369797,
4606,4606,0.021507803350687027,
4607,4607,0.02225419133901596,
4608,4608,0.020548099651932716,
4609,4609,0.021911989897489548,
4610,4610,0.021546628326177597,
4611,4611,0.021376049146056175,
4612,4612,0.020268594846129417,
4613,4613,0.021469054743647575,
4614,4614,0.021350843831896782,
4615,4615,0.02191433683037758,
4616,4616,0.021418200805783272,
4617,4617,0.021443216130137444,
4618,4618,0.021319394931197166,
4619,4619,0.01996236853301525,
4620,4620,0.021198857575654984,
4621,4621,0.020606746897101402,
4622,4622,0.021244246512651443,
4623,4623,0.021252641454339027,
4624,4624,0.021681683138012886,
4625,4625,0.021189777180552483,
4626,4626,0.021595047786831856,
4627,4627,0.02164420299232006,
4628,4628,0.020700503140687943,
4629,4629,0.022016044706106186,
4630,4630,0.0211150124669075,
4631,4631,0.021139424294233322,
4632,4632,0.020904051139950752,
4633,4633,0.021196642890572548,
4634,4634,0.02156911790370941,
4635,4635,0.021491125226020813,
4636,4636,0.021200476214289665,
4637,4637,0.021312955766916275,
4638,4638,0.021292921155691147,
4639,4639,0.021117158234119415,
4640,4640,0.02196967974305153,
4641,4641,0.021370945498347282,
4642,4642,0.020921604707837105,
4643,4643,0.02013573981821537,
4644,4644,0.02190220355987549,
4645,4645,0.021412746980786324,
4646,4646,0.02142198197543621,
4647,4647,0.02139257825911045,
4648,4648,0.021586518734693527,
4649,4649,,0.021766696125268936
4649,4649,0.021766696125268936,
4650,4650,0.020893007516860962,
4651,4651,0.022016014903783798,
4652,4652,0.02140785939991474,
4653,4653,0.021920667961239815,
4654,4654,0.020682943984866142,
4655,4655,0.02219139225780964,
4656,4656,0.02140071988105774,
4657,4657,0.021552445366978645,
4658,4658,0.02168991044163704,
4659,4659,0.021387457847595215,
4660,4660,0.021797476336359978,
4661,4661,0.021508613601326942,
4662,4662,0.021646104753017426,
4663,4663,0.021260380744934082,
4664,4664,0.021636124700307846,
4665,4665,0.020733986049890518,
4666,4666,0.021952159702777863,
4667,4667,0.021651532500982285,
4668,4668,0.02145029976963997,
4669,4669,0.020915143191814423,
4670,4670,0.02104559913277626,
4671,4671,0.02136213704943657,
4672,4672,0.0214630588889122,
4673,4673,0.021595953032374382,
4674,4674,0.021417049691081047,
4675,4675,0.02109917812049389,
4676,4676,0.02159002237021923,
4677,4677,0.02140873484313488,
4678,4678,0.020838893949985504,
4679,4679,0.0215835552662611,
4680,4680,0.021925095468759537,
4681,4681,0.022188784554600716,
4682,4682,0.02142186462879181,
4683,4683,0.021252162754535675,
4684,4684,0.020757021382451057,
4685,4685,0.021788565441966057,
4686,4686,0.021688416600227356,
4687,4687,0.02053968422114849,
4688,4688,0.020516008138656616,
4689,4689,0.021870287135243416,
4690,4690,0.022259891033172607,
4691,4691,0.02140120230615139,
4692,4692,0.02189737558364868,
4693,4693,0.021479042246937752,
4694,4694,0.02137927897274494,
4695,4695,0.022062506526708603,
4696,4696,0.02154773846268654,
4697,4697,0.021196138113737106,
4698,4698,0.0214413832873106,
4699,4699,,0.020821133628487587
4699,4699,0.020821133628487587,
4700,4700,0.0211968831717968,
4701,4701,0.020567623898386955,
4702,4702,0.020353419706225395,
4703,4703,0.020886413753032684,
4704,4704,0.02021288312971592,
4705,4705,0.021457023918628693,
4706,4706,0.021679092198610306,
4707,4707,0.021336670964956284,
4708,4708,0.02202438749372959,
4709,4709,0.02114325575530529,
4710,4710,0.02140333317220211,
4711,4711,0.020117782056331635,
4712,4712,0.021369224414229393,
4713,4713,0.022221412509679794,
4714,4714,0.021158527582883835,
4715,4715,0.021510347723960876,
4716,4716,0.020874671638011932,
4717,4717,0.021886933594942093,
4718,4718,0.021182529628276825,
4719,4719,0.021251369267702103,
4720,4720,0.021447679027915,
4721,4721,0.022214114665985107,
4722,4722,0.02073002979159355,
4723,4723,0.02115754783153534,
4724,4724,0.021012170240283012,
4725,4725,0.021475443616509438,
4726,4726,0.020510053262114525,
4727,4727,0.021652473136782646,
4728,4728,0.020731519907712936,
4729,4729,0.021499184891581535,
4730,4730,0.021167127415537834,
4731,4731,0.021648962050676346,
4732,4732,0.02117670513689518,
4733,4733,0.02069197967648506,
4734,4734,0.02136562392115593,
4735,4735,0.021412912756204605,
4736,4736,0.021222291514277458,
4737,4737,0.021434392780065536,
4738,4738,0.021318374201655388,
4739,4739,0.0209773238748312,
4740,4740,0.022249868139624596,
4741,4741,0.021252740174531937,
4742,4742,0.022029470652341843,
4743,4743,0.021006127819418907,
4744,4744,0.021893857046961784,
4745,4745,0.021549638360738754,
4746,4746,0.021404745057225227,
4747,4747,0.021509837359189987,
4748,4748,0.021528227254748344,
4749,4749,,0.021203279495239258
4749,4749,0.021203279495239258,
4750,4750,0.021798592060804367,
4751,4751,0.021349864080548286,
4752,4752,0.021273862570524216,
4753,4753,0.022406328469514847,
4754,4754,0.021331733092665672,
4755,4755,0.02137790061533451,
4756,4756,0.020522693172097206,
4757,4757,0.02076941542327404,
4758,4758,0.02252369001507759,
4759,4759,0.021489955484867096,
4760,4760,0.022096412256360054,
4761,4761,0.021436601877212524,
4762,4762,0.021105708554387093,
4763,4763,0.021143462508916855,
4764,4764,0.02058994211256504,
4765,4765,0.02225479856133461,
4766,4766,0.0215950608253479,
4767,4767,0.021356377750635147,
4768,4768,0.020681921392679214,
4769,4769,0.021387936547398567,
4770,4770,0.02121605910360813,
4771,4771,0.020811351016163826,
4772,4772,0.02210802584886551,
4773,4773,0.02156892977654934,
4774,4774,0.02066558226943016,
4775,4775,0.021544963121414185,
4776,4776,0.021413788199424744,
4777,4777,0.021558187901973724,
4778,4778,0.02149873413145542,
4779,4779,0.02135377749800682,
4780,4780,0.022102562710642815,
4781,4781,0.021766936406493187,
4782,4782,0.020316844806075096,
4783,4783,0.022623099386692047,
4784,4784,0.020990591496229172,
4785,4785,0.02103540673851967,
4786,4786,0.021492168307304382,
4787,4787,0.021250644698739052,
4788,4788,0.02103571593761444,
4789,4789,0.02235807105898857,
4790,4790,0.021524501964449883,
4791,4791,0.020925763994455338,
4792,4792,0.021497126668691635,
4793,4793,0.01977531984448433,
4794,4794,0.021663717925548553,
4795,4795,0.02074844390153885,
4796,4796,0.021945791319012642,
4797,4797,0.020785272121429443,
4798,4798,0.021088700741529465,
4799,4799,,0.02150782383978367
4799,4799,0.02150782383978367,
4800,4800,0.021421078592538834,
4801,4801,0.021586718037724495,
4802,4802,0.022484449669718742,
4803,4803,0.021070752292871475,
4804,4804,0.021143674850463867,
4805,4805,0.021074285730719566,
4806,4806,0.02158828265964985,
4807,4807,0.02074001356959343,
4808,4808,0.020619532093405724,
4809,4809,0.021506693214178085,
4810,4810,0.020284360274672508,
4811,4811,0.021329645067453384,
4812,4812,0.021684758365154266,
4813,4813,0.022941863164305687,
4814,4814,0.020846035331487656,
4815,4815,0.02104693464934826,
4816,4816,0.0199727900326252,
4817,4817,0.02207188867032528,
4818,4818,0.02163243666291237,
4819,4819,0.021281948313117027,
4820,4820,0.022284872829914093,
4821,4821,0.021486617624759674,
4822,4822,0.02117926999926567,
4823,4823,0.02143172174692154,
4824,4824,0.021682001650333405,
4825,4825,0.02145884558558464,
4826,4826,0.02225285954773426,
4827,4827,0.02029825747013092,
4828,4828,0.021579530090093613,
4829,4829,0.021497614681720734,
4830,4830,0.021253541111946106,
4831,4831,0.0208576750010252,
4832,4832,0.02151453122496605,
4833,4833,0.020572904497385025,
4834,4834,0.020602110773324966,
4835,4835,0.020845534279942513,
4836,4836,0.021845106035470963,
4837,4837,0.02227276749908924,
4838,4838,0.020548658445477486,
4839,4839,0.019756995141506195,
4840,4840,0.02075563557446003,
4841,4841,0.02134122885763645,
4842,4842,0.0216837115585804,
4843,4843,0.020948637276887894,
4844,4844,0.020479118451476097,
4845,4845,0.02204965613782406,
4846,4846,0.02175634168088436,
4847,4847,0.02122415229678154,
4848,4848,0.02065628208220005,
4849,4849,,0.021082252264022827
4849,4849,0.021082252264022827,
4850,4850,0.022104499861598015,
4851,4851,0.022440288215875626,
4852,4852,0.020945139229297638,
4853,4853,0.021165477111935616,
4854,4854,0.02149190939962864,
4855,4855,0.020785052329301834,
4856,4856,0.02129836566746235,
4857,4857,0.021420028060674667,
4858,4858,0.021413912996649742,
4859,4859,0.02078782021999359,
4860,4860,0.02154948003590107,
4861,4861,0.02159716747701168,
4862,4862,0.02095024473965168,
4863,4863,0.02100054733455181,
4864,4864,0.02155122347176075,
4865,4865,0.021270720288157463,
4866,4866,0.020991958677768707,
4867,4867,0.021341335028409958,
4868,4868,0.021546848118305206,
4869,4869,0.022158101201057434,
4870,4870,0.01950130984187126,
4871,4871,0.021299034357070923,
4872,4872,0.019916003569960594,
4873,4873,0.0206495001912117,
4874,4874,0.02191684953868389,
4875,4875,0.021796582266688347,
4876,4876,0.02171386033296585,
4877,4877,0.02025199867784977,
4878,4878,0.021145764738321304,
4879,4879,0.020933860912919044,
4880,4880,0.021352941170334816,
4881,4881,0.021315786987543106,
4882,4882,0.02121838927268982,
4883,4883,0.020865004509687424,
4884,4884,0.02121574617922306,
4885,4885,0.020732812583446503,
4886,4886,0.02104601263999939,
4887,4887,0.021208152174949646,
4888,4888,0.020733624696731567,
4889,4889,0.02114645019173622,
4890,4890,0.02129889838397503,
4891,4891,0.02181626856327057,
4892,4892,0.02186865359544754,
4893,4893,0.021664822474122047,
4894,4894,0.02120967209339142,
4895,4895,0.020998189225792885,
4896,4896,0.021180955693125725,
4897,4897,0.021554145961999893,
4898,4898,0.02130083180963993,
4899,4899,,0.021331343799829483
4899,4899,0.021331343799829483,
4900,4900,0.02100004255771637,
4901,4901,0.02059238962829113,
4902,4902,0.02240048535168171,
4903,4903,0.02016984112560749,
4904,4904,0.020561935380101204,
4905,4905,0.021227354183793068,
4906,4906,0.020102955400943756,
4907,4907,0.02182774432003498,
4908,4908,0.02053287997841835,
4909,4909,0.020091556012630463,
4910,4910,0.021538276225328445,
4911,4911,0.020598867908120155,
4912,4912,0.020513536408543587,
4913,4913,0.021418282762169838,
4914,4914,0.022057902067899704,
4915,4915,0.021441936492919922,
4916,4916,0.021380769088864326,
4917,4917,0.02149057947099209,
4918,4918,0.020865337923169136,
4919,4919,0.021947631612420082,
4920,4920,0.020520219579339027,
4921,4921,0.021211860701441765,
4922,4922,0.020758414641022682,
4923,4923,0.02104513719677925,
4924,4924,0.02011461742222309,
4925,4925,0.02126445062458515,
4926,4926,0.020572880282998085,
4927,4927,0.021556681022047997,
4928,4928,0.02111782878637314,
4929,4929,0.021332429721951485,
4930,4930,0.021817564964294434,
4931,4931,0.021028585731983185,
4932,4932,0.021276867017149925,
4933,4933,0.020295633003115654,
4934,4934,0.021309655159711838,
4935,4935,0.02222283184528351,
4936,4936,0.021174157038331032,
4937,4937,0.021550878882408142,
4938,4938,0.02132905274629593,
4939,4939,0.020290063694119453,
4940,4940,0.020907944068312645,
4941,4941,0.020943043753504753,
4942,4942,0.02096223644912243,
4943,4943,0.02044612728059292,
4944,4944,0.021716872230172157,
4945,4945,0.021585527807474136,
4946,4946,0.02134712040424347,
4947,4947,0.020737169310450554,
4948,4948,0.020760146901011467,
4949,4949,,0.021166808903217316
4949,4949,0.021166808903217316,
4950,4950,0.021999437361955643,
4951,4951,0.02128286100924015,
4952,4952,0.021491311490535736,
4953,4953,0.020680522546172142,
4954,4954,0.021046390756964684,
4955,4955,0.020989058539271355,
4956,4956,0.021799879148602486,
4957,4957,0.021515170112252235,
4958,4958,0.02147967368364334,
4959,4959,0.020805301144719124,
4960,4960,0.02115635946393013,
4961,4961,0.02121921069920063,
4962,4962,0.021766982972621918,
4963,4963,0.021173741668462753,
4964,4964,0.020077379420399666,
4965,4965,0.0215421412140131,
4966,4966,0.020336870104074478,
4967,4967,0.021251080557703972,
4968,4968,0.020568035542964935,
4969,4969,0.02058129571378231,
4970,4970,0.021192440763115883,
4971,4971,0.021092567592859268,
4972,4972,0.020755378529429436,
4973,4973,0.021434210240840912,
4974,4974,0.020735591650009155,
4975,4975,0.020029041916131973,
4976,4976,0.020576974377036095,
4977,4977,0.021204836666584015,
4978,4978,0.021094337105751038,
4979,4979,0.02079666033387184,
4980,4980,0.02078520692884922,
4981,4981,0.021303441375494003,
4982,4982,0.020649610087275505,
4983,4983,0.022418459877371788,
4984,4984,0.02086140587925911,
4985,4985,0.02085966430604458,
4986,4986,0.020943036302924156,
4987,4987,0.02131817303597927,
4988,4988,0.02086810953915119,
4989,4989,0.020769162103533745,
4990,4990,0.02114127203822136,
4991,4991,0.021302038803696632,
4992,4992,0.020609652623534203,
4993,4993,0.02069236896932125,
4994,4994,0.02073369175195694,
4995,4995,0.021127594634890556,
4996,4996,0.02121940813958645,
4997,4997,0.021000444889068604,
4998,4998,0.021066822111606598,
4999,4999,,0.020774181932210922
4999,4999,0.020774181932210922,
5000,5000,0.021654242649674416,
5001,5001,0.020925084128975868,
5002,5002,0.021112320944666862,
5003,5003,0.020130064338445663,
5004,5004,0.020340584218502045,
5005,5005,0.020657116547226906,
5006,5006,0.020060274749994278,
5007,5007,0.021200234070420265,
5008,5008,0.02109040506184101,
5009,5009,0.02104620635509491,
5010,5010,0.021494172513484955,
5011,5011,0.021911028772592545,
5012,5012,0.020893942564725876,
5013,5013,0.02081998996436596,
5014,5014,0.020638078451156616,
5015,5015,0.021577661857008934,
5016,5016,0.02100987546145916,
5017,5017,0.021495869383215904,
5018,5018,0.021407773718237877,
5019,5019,0.02028069645166397,
5020,5020,0.01868187077343464,
5021,5021,0.020556418225169182,
5022,5022,0.02187015675008297,
5023,5023,0.0207047201693058,
5024,5024,0.022123729810118675,
5025,5025,0.020842447876930237,
5026,5026,0.02033238857984543,
5027,5027,0.02054288052022457,
5028,5028,0.021855739876627922,
5029,5029,0.021116428077220917,
5030,5030,0.021593546494841576,
5031,5031,0.021041173487901688,
5032,5032,0.021103205159306526,
5033,5033,0.021324018016457558,
5034,5034,0.021722782403230667,
5035,5035,0.021210024133324623,
5036,5036,0.02151953987777233,
5037,5037,0.021147409453988075,
5038,5038,0.02156238816678524,
5039,5039,0.020706715062260628,
5040,5040,0.020667292177677155,
5041,5041,0.021679377183318138,
5042,5042,0.020842961966991425,
5043,5043,0.020978856831789017,
5044,5044,0.02049725130200386,
5045,5045,0.020792588591575623,
5046,5046,0.020919177681207657,
5047,5047,0.01988241821527481,
5048,5048,0.021672692149877548,
5049,5049,,0.021802736446261406
5049,5049,0.021802736446261406,
5050,5050,0.02125799097120762,
5051,5051,0.02122579514980316,
5052,5052,0.020357828587293625,
5053,5053,0.020305637270212173,
5054,5054,0.02078165113925934,
5055,5055,0.020566284656524658,
5056,5056,0.02113589271903038,
5057,5057,0.021449845284223557,
5058,5058,0.021173760294914246,
5059,5059,0.020913906395435333,
5060,5060,0.020782429724931717,
5061,5061,0.02079024352133274,
5062,5062,0.02038380317389965,
5063,5063,0.020912690088152885,
5064,5064,0.021119391545653343,
5065,5065,0.021023597568273544,
5066,5066,0.021611683070659637,
5067,5067,0.021872326731681824,
5068,5068,0.02096841298043728,
5069,5069,0.021051138639450073,
5070,5070,0.021055055782198906,
5071,5071,0.02104930579662323,
5072,5072,0.021402576938271523,
5073,5073,0.01932739093899727,
5074,5074,0.020593110471963882,
5075,5075,0.021187223494052887,
5076,5076,0.02093595638871193,
5077,5077,0.020878242328763008,
5078,5078,0.020105531439185143,
5079,5079,0.02137826383113861,
5080,5080,0.021179338917136192,
5081,5081,0.021230682730674744,
5082,5082,0.019603688269853592,
5083,5083,0.02114664390683174,
5084,5084,0.020604582503437996,
5085,5085,0.02027043327689171,
5086,5086,0.02116296999156475,
5087,5087,0.0204682145267725,
5088,5088,0.020992496982216835,
5089,5089,0.020380865782499313,
5090,5090,0.020565558224916458,
5091,5091,0.021264685317873955,
5092,5092,0.02075621299445629,
5093,5093,0.02102162316441536,
5094,5094,0.021123463287949562,
5095,5095,0.021188048645853996,
5096,5096,0.021070774644613266,
5097,5097,0.020640000700950623,
5098,5098,0.02072858065366745,
5099,5099,,0.021176764741539955
5099,5099,0.021176764741539955,
5100,5100,0.021248681470751762,
5101,5101,0.021668870002031326,
5102,5102,0.021839506924152374,
5103,5103,0.021014880388975143,
5104,5104,0.02115490473806858,
5105,5105,0.02013467252254486,
5106,5106,0.02106611430644989,
5107,5107,0.019682206213474274,
5108,5108,0.021233676001429558,
5109,5109,0.021412352100014687,
5110,5110,0.02176452800631523,
5111,5111,0.020365078002214432,
5112,5112,0.021198801696300507,
5113,5113,0.021215559914708138,
5114,5114,0.02083003893494606,
5115,5115,0.02137637697160244,
5116,5116,0.020281480625271797,
5117,5117,0.020888634026050568,
5118,5118,0.02078753337264061,
5119,5119,0.02145528979599476,
5120,5120,0.021016668528318405,
5121,5121,0.021026665344834328,
5122,5122,0.0211601871997118,
5123,5123,0.019725581631064415,
5124,5124,0.020364010706543922,
5125,5125,0.021228566765785217,
5126,5126,0.02107095904648304,
5127,5127,0.02003270573914051,
5128,5128,0.022087056189775467,
5129,5129,0.020286250859498978,
5130,5130,0.02086981013417244,
5131,5131,0.020858118310570717,
5132,5132,0.020496223121881485,
5133,5133,0.020198775455355644,
5134,5134,0.0204562246799469,
5135,5135,0.021599899977445602,
5136,5136,0.020703768357634544,
5137,5137,0.0202564038336277,
5138,5138,0.02049129270017147,
5139,5139,0.02146337740123272,
5140,5140,0.020161492750048637,
5141,5141,0.020175723358988762,
5142,5142,0.020799262449145317,
5143,5143,0.021363409236073494,
5144,5144,0.020997755229473114,
5145,5145,0.020916588604450226,
5146,5146,0.020944446325302124,
5147,5147,0.021387919783592224,
5148,5148,0.022223420441150665,
5149,5149,,0.021278399974107742
5149,5149,0.021278399974107742,
5150,5150,0.0208345465362072,
5151,5151,0.021375229582190514,
5152,5152,0.02097325213253498,
5153,5153,0.020678136497735977,
5154,5154,0.021355045959353447,
5155,5155,0.02036866918206215,
5156,5156,0.02085498720407486,
5157,5157,0.021314749494194984,
5158,5158,0.02090570703148842,
5159,5159,0.020507454872131348,
5160,5160,0.02154921367764473,
5161,5161,0.020484594628214836,
5162,5162,0.020656267181038857,
5163,5163,0.02106904797255993,
5164,5164,0.020889872685074806,
5165,5165,0.02109946496784687,
5166,5166,0.02172209322452545,
5167,5167,0.021164515987038612,
5168,5168,0.020834729075431824,
5169,5169,0.020682476460933685,
5170,5170,0.02016216143965721,
5171,5171,0.021152684465050697,
5172,5172,0.020878994837403297,
5173,5173,0.021059295162558556,
5174,5174,0.02076522819697857,
5175,5175,0.020786968991160393,
5176,5176,0.02056245692074299,
5177,5177,0.020356018096208572,
5178,5178,0.0204831063747406,
5179,5179,0.02085914835333824,
5180,5180,0.02197871543467045,
5181,5181,0.022287288680672646,
5182,5182,0.020357556641101837,
5183,5183,0.021122032776474953,
5184,5184,0.020751452073454857,
5185,5185,0.021657876670360565,
5186,5186,0.020702239125967026,
5187,5187,0.020650571212172508,
5188,5188,0.022533997893333435,
5189,5189,0.020835740491747856,
5190,5190,0.020716795697808266,
5191,5191,0.022259660065174103,
5192,5192,0.020703844726085663,
5193,5193,0.021211471408605576,
5194,5194,0.021663624793291092,
5195,5195,0.02115977182984352,
5196,5196,0.020720362663269043,
5197,5197,0.021222490817308426,
5198,5198,0.019342754036188126,
5199,5199,,0.02081446163356304
5199,5199,0.02081446163356304,
5200,5200,0.021408069878816605,
5201,5201,0.020370129495859146,
5202,5202,0.020528828725218773,
5203,5203,0.020620333030819893,
5204,5204,0.020234549418091774,
5205,5205,0.020274536684155464,
5206,5206,0.020980212837457657,
5207,5207,0.021087974309921265,
5208,5208,0.020920082926750183,
5209,5209,0.020165828987956047,
5210,5210,0.02101431041955948,
5211,5211,0.020036378875374794,
5212,5212,0.021955270320177078,
5213,5213,0.02090473286807537,
5214,5214,0.020678434520959854,
5215,5215,0.021219557151198387,
5216,5216,0.02105048857629299,
5217,5217,0.02241862379014492,
5218,5218,0.021411867812275887,
5219,5219,0.020676758140325546,
5220,5220,0.02067423239350319,
5221,5221,0.02165662683546543,
5222,5222,0.021072201430797577,
5223,5223,0.021060075610876083,
5224,5224,0.020913563668727875,
5225,5225,0.020874284207820892,
5226,5226,0.020902227610349655,
5227,5227,0.020569821819663048,
5228,5228,0.02159973606467247,
5229,5229,0.020656129345297813,
5230,5230,0.020054148510098457,
5231,5231,0.019996294751763344,
5232,5232,0.02075059711933136,
5233,5233,0.02164747752249241,
5234,5234,0.02050677314400673,
5235,5235,0.020535258576273918,
5236,5236,0.021023109555244446,
5237,5237,0.020921025425195694,
5238,5238,0.022234590724110603,
5239,5239,0.020597407594323158,
5240,5240,0.02057996578514576,
5241,5241,0.022245122119784355,
5242,5242,0.020823616534471512,
5243,5243,0.020116442814469337,
5244,5244,0.01988927088677883,
5245,5245,0.020722804591059685,
5246,5246,0.019474472850561142,
5247,5247,0.021659396588802338,
5248,5248,0.020589163526892662,
5249,5249,,0.022075733169913292
5249,5249,0.022075733169913292,
5250,5250,0.021532317623496056,
5251,5251,0.02040187269449234,
5252,5252,0.02055397629737854,
5253,5253,0.020521339029073715,
5254,5254,0.020592886954545975,
5255,5255,0.020371656864881516,
5256,5256,0.02075604908168316,
5257,5257,0.021619033068418503,
5258,5258,0.020618928596377373,
5259,5259,0.01929778978228569,
5260,5260,0.02086498774588108,
5261,5261,0.02054022252559662,
5262,5262,0.020655151456594467,
5263,5263,0.02103651501238346,
5264,5264,0.02144918590784073,
5265,5265,0.021708663552999496,
5266,5266,0.020404187962412834,
5267,5267,0.02041812427341938,
5268,5268,0.021174367517232895,
5269,5269,0.02010483294725418,
5270,5270,0.020836858078837395,
5271,5271,0.020058881491422653,
5272,5272,0.020817650482058525,
5273,5273,0.021155450493097305,
5274,5274,0.020551661029458046,
5275,5275,0.02105802670121193,
5276,5276,0.020233135670423508,
5277,5277,0.02061176672577858,
5278,5278,0.021043695509433746,
5279,5279,0.020484860986471176,
5280,5280,0.02081240899860859,
5281,5281,0.021260583773255348,
5282,5282,0.021122228354215622,
5283,5283,0.019326362758874893,
5284,5284,0.020893149077892303,
5285,5285,0.02046097442507744,
5286,5286,0.019787749275565147,
5287,5287,0.021021179854869843,
5288,5288,0.021362947300076485,
5289,5289,0.021000578999519348,
5290,5290,0.020813342183828354,
5291,5291,0.02056747116148472,
5292,5292,0.019045427441596985,
5293,5293,0.02085702307522297,
5294,5294,0.02081197313964367,
5295,5295,0.020111704245209694,
5296,5296,0.021591685712337494,
5297,5297,0.020922331139445305,
5298,5298,0.020929228514432907,
5299,5299,,0.02125568687915802
5299,5299,0.02125568687915802,
5300,5300,0.020883463323116302,
5301,5301,0.020841969177126884,
5302,5302,0.019126014783978462,
5303,5303,0.019957836717367172,
5304,5304,0.020770810544490814,
5305,5305,0.021195216104388237,
5306,5306,0.020854592323303223,
5307,5307,0.021876448765397072,
5308,5308,0.02107173018157482,
5309,5309,0.020747773349285126,
5310,5310,0.02080681547522545,
5311,5311,0.021401595324277878,
5312,5312,0.02091408707201481,
5313,5313,0.020451389253139496,
5314,5314,0.019955066964030266,
5315,5315,0.02026280388236046,
5316,5316,0.019703473895788193,
5317,5317,0.020756542682647705,
5318,5318,0.021727928891777992,
5319,5319,0.020752765238285065,
5320,5320,0.023395700380206108,
5321,5321,0.020458968356251717,
5322,5322,0.02164011262357235,
5323,5323,0.021436410024762154,
5324,5324,0.020963862538337708,
5325,5325,0.021259263157844543,
5326,5326,0.02098826877772808,
5327,5327,0.02062307856976986,
5328,5328,0.021017152816057205,
5329,5329,0.019557200372219086,
5330,5330,0.020283667370676994,
5331,5331,0.021084098145365715,
5332,5332,0.020775234326720238,
5333,5333,0.020700305700302124,
5334,5334,0.020713407546281815,
5335,5335,0.020717905834317207,
5336,5336,0.020048193633556366,
5337,5337,0.02102479338645935,
5338,5338,0.020872188732028008,
5339,5339,0.019916370511054993,
5340,5340,0.02194836176931858,
5341,5341,0.021713843569159508,
5342,5342,0.02036827616393566,
5343,5343,0.019551169127225876,
5344,5344,0.021692901849746704,
5345,5345,0.020783839747309685,
5346,5346,0.020568523555994034,
5347,5347,0.021603744477033615,
5348,5348,0.020722588524222374,
5349,5349,,0.020621569827198982
5349,5349,0.020621569827198982,
5350,5350,0.021019484847784042,
5351,5351,0.020305175334215164,
5352,5352,0.021328814327716827,
5353,5353,0.01957239955663681,
5354,5354,0.020715979859232903,
5355,5355,0.020319972187280655,
5356,5356,0.020821193233132362,
5357,5357,0.021178461611270905,
5358,5358,0.02126556634902954,
5359,5359,0.020810792222619057,
5360,5360,0.02145487070083618,
5361,5361,0.020225249230861664,
5362,5362,0.02219972014427185,
5363,5363,0.01989498920738697,
5364,5364,0.020808180794119835,
5365,5365,0.020797502249479294,
5366,5366,0.021332593634724617,
5367,5367,0.020499402657151222,
5368,5368,0.020284606143832207,
5369,5369,0.021147817373275757,
5370,5370,0.020827757194638252,
5371,5371,0.021047208458185196,
5372,5372,0.020720507949590683,
5373,5373,0.019178207963705063,
5374,5374,0.02142225205898285,
5375,5375,0.020123964175581932,
5376,5376,0.020693065598607063,
5377,5377,0.020793411880731583,
5378,5378,0.020307961851358414,
5379,5379,0.018776582553982735,
5380,5380,0.02069254405796528,
5381,5381,0.020282167941331863,
5382,5382,0.02007240429520607,
5383,5383,0.02132304571568966,
5384,5384,0.020273692905902863,
5385,5385,0.020721081644296646,
5386,5386,0.020651202648878098,
5387,5387,0.020669683814048767,
5388,5388,0.021020714193582535,
5389,5389,0.02146720141172409,
5390,5390,0.020804477855563164,
5391,5391,0.020397009328007698,
5392,5392,0.02202310599386692,
5393,5393,0.022673774510622025,
5394,5394,0.021540014073252678,
5395,5395,0.020863346755504608,
5396,5396,0.021561136469244957,
5397,5397,0.02097388543188572,
5398,5398,0.02147608809173107,
5399,5399,,0.020629193633794785
5399,5399,0.020629193633794785,
5400,5400,0.020628629252314568,
5401,5401,0.02030056156218052,
5402,5402,0.020781124010682106,
5403,5403,0.021020106971263885,
5404,5404,0.020850040018558502,
5405,5405,0.022153837606310844,
5406,5406,0.02053007483482361,
5407,5407,0.020452093333005905,
5408,5408,0.021998422220349312,
5409,5409,0.019854312762618065,
5410,5410,0.02054472267627716,
5411,5411,0.02024630643427372,
5412,5412,0.02050686627626419,
5413,5413,0.02046647109091282,
5414,5414,0.020575549453496933,
5415,5415,0.021056167781352997,
5416,5416,0.020412549376487732,
5417,5417,0.0210369061678648,
5418,5418,0.020709071308374405,
5419,5419,0.020628439262509346,
5420,5420,0.02072070725262165,
5421,5421,0.019838280975818634,
5422,5422,0.021876610815525055,
5423,5423,0.021338360384106636,
5424,5424,0.019966458901762962,
5425,5425,0.020630786195397377,
5426,5426,0.020412085577845573,
5427,5427,0.019670814275741577,
5428,5428,0.020617445930838585,
5429,5429,0.02073030360043049,
5430,5430,0.020309627056121826,
5431,5431,0.02106776274740696,
5432,5432,0.020926974713802338,
5433,5433,0.020582858473062515,
5434,5434,0.021128015592694283,
5435,5435,0.02272883988916874,
5436,5436,0.020531775429844856,
5437,5437,0.02039145492017269,
5438,5438,0.021386025473475456,
5439,5439,0.02019651047885418,
5440,5440,0.020840778946876526,
5441,5441,0.020991891622543335,
5442,5442,0.020572861656546593,
5443,5443,0.020556557923555374,
5444,5444,0.02043945901095867,
5445,5445,0.020980585366487503,
5446,5446,0.020711151883006096,
5447,5447,0.020498009398579597,
5448,5448,0.020040497183799744,
5449,5449,,0.022575989365577698
5449,5449,0.022575989365577698,
5450,5450,0.02208499237895012,
5451,5451,0.021367540583014488,
5452,5452,0.020233336836099625,
5453,5453,0.020420297980308533,
5454,5454,0.020730312913656235,
5455,5455,0.02232912927865982,
5456,5456,0.020927568897604942,
5457,5457,0.020906392484903336,
5458,5458,0.01868145912885666,
5459,5459,0.020493587478995323,
5460,5460,0.022133801132440567,
5461,5461,0.020328320562839508,
5462,5462,0.021564822643995285,
5463,5463,0.02049967087805271,
5464,5464,0.02081032656133175,
5465,5465,0.021186919882893562,
5466,5466,0.020630812272429466,
5467,5467,0.021450519561767578,
5468,5468,0.02073592133820057,
5469,5469,0.020854094997048378,
5470,5470,0.020114295184612274,
5471,5471,0.02055532857775688,
5472,5472,0.020788555964827538,
5473,5473,0.020657185465097427,
5474,5474,0.02075164206326008,
5475,5475,0.020198626443743706,
5476,5476,0.021421322599053383,
5477,5477,0.021017717197537422,
5478,5478,0.02081463299691677,
5479,5479,0.02103625424206257,
5480,5480,0.019788498058915138,
5481,5481,0.02112264186143875,
5482,5482,0.020554030314087868,
5483,5483,0.018882596865296364,
5484,5484,0.02057567425072193,
5485,5485,0.02134067565202713,
5486,5486,0.020485874265432358,
5487,5487,0.020956557244062424,
5488,5488,0.0211529191583395,
5489,5489,0.02131824567914009,
5490,5490,0.020950915291905403,
5491,5491,0.022020025178790092,
5492,5492,0.020535830408334732,
5493,5493,0.01991819031536579,
5494,5494,0.01972634717822075,
5495,5495,0.020729126408696175,
5496,5496,0.020790500566363335,
5497,5497,0.021307075396180153,
5498,5498,0.02011433243751526,
5499,5499,,0.02080058492720127
5499,5499,0.02080058492720127,
5500,5500,0.020390339195728302,
5501,5501,0.020070062950253487,
5502,5502,0.0203420240432024,
5503,5503,0.021192414686083794,
5504,5504,0.020330553874373436,
5505,5505,0.020387133583426476,
5506,5506,0.021131575107574463,
5507,5507,0.020665552467107773,
5508,5508,0.02038607932627201,
5509,5509,0.019556468352675438,
5510,5510,0.02052152343094349,
5511,5511,0.020231885835528374,
5512,5512,0.02020382694900036,
5513,5513,0.02032376453280449,
5514,5514,0.020814647898077965,
5515,5515,0.01936875283718109,
5516,5516,0.020447738468647003,
5517,5517,0.02053319476544857,
5518,5518,0.019954856485128403,
5519,5519,0.021159330382943153,
5520,5520,0.019719449803233147,
5521,5521,0.020431233569979668,
5522,5522,0.020492099225521088,
5523,5523,0.0206440556794405,
5524,5524,0.020322022959589958,
5525,5525,0.020527975633740425,
5526,5526,0.021317657083272934,
5527,5527,0.020426267758011818,
5528,5528,0.020944926887750626,
5529,5529,0.020792674273252487,
5530,5530,0.020249919965863228,
5531,5531,0.020479291677474976,
5532,5532,0.019567523151636124,
5533,5533,0.019579000771045685,
5534,5534,0.018874436616897583,
5535,5535,0.020609034225344658,
5536,5536,0.02117806300520897,
5537,5537,0.02072148025035858,
5538,5538,0.020651379600167274,
5539,5539,0.020054060965776443,
5540,5540,0.02066144160926342,
5541,5541,0.02115379087626934,
5542,5542,0.020741308107972145,
5543,5543,0.020214414224028587,
5544,5544,0.0217949990183115,
5545,5545,0.0199870802462101,
5546,5546,0.0201779343187809,
5547,5547,0.021447237581014633,
5548,5548,0.02010788582265377,
5549,5549,,0.01980113424360752
5549,5549,0.01980113424360752,
5550,5550,0.019581813365221024,
5551,5551,0.020935676991939545,
5552,5552,0.021579133346676826,
5553,5553,0.02063097059726715,
5554,5554,0.02157660946249962,
5555,5555,0.021130360662937164,
5556,5556,0.02057844214141369,
5557,5557,0.019975988194346428,
5558,5558,0.020720096305012703,
5559,5559,0.021239232271909714,
5560,5560,0.02045602910220623,
5561,5561,0.02064678817987442,
5562,5562,0.020877907052636147,
5563,5563,0.019954387098550797,
5564,5564,0.01984480209648609,
5565,5565,0.019277796149253845,
5566,5566,0.022195082157850266,
5567,5567,0.020120063796639442,
5568,5568,0.02019783854484558,
5569,5569,0.02040446363389492,
5570,5570,0.021077828481793404,
5571,5571,0.02038094401359558,
5572,5572,0.020458167418837547,
5573,5573,0.02022123895585537,
5574,5574,0.02110602892935276,
5575,5575,0.01866518147289753,
5576,5576,0.02041008695960045,
5577,5577,0.01942899078130722,
5578,5578,0.02026676945388317,
5579,5579,0.02072930708527565,
5580,5580,0.020874960348010063,
5581,5581,0.02064981870353222,
5582,5582,0.020296761766076088,
5583,5583,0.02166193537414074,
5584,5584,0.020017970353364944,
5585,5585,0.020504552870988846,
5586,5586,0.0207138080149889,
5587,5587,0.020377790555357933,
5588,5588,0.02042222023010254,
5589,5589,0.02069973759353161,
5590,5590,0.020598208531737328,
5591,5591,0.020912760868668556,
5592,5592,0.021061543375253677,
5593,5593,0.02028070017695427,
5594,5594,0.02062930166721344,
5595,5595,0.020464137196540833,
5596,5596,0.020337972790002823,
5597,5597,0.020926691591739655,
5598,5598,0.021086115390062332,
5599,5599,,0.020192371681332588
5599,5599,0.020192371681332588,
5600,5600,0.019939862191677094,
5601,5601,0.020420819520950317,
5602,5602,0.01947201043367386,
5603,5603,0.020621612668037415,
5604,5604,0.02041160874068737,
5605,5605,0.020401794463396072,
5606,5606,0.0188327357172966,
5607,5607,0.020789965987205505,
5608,5608,0.02018934302031994,
5609,5609,0.02059624344110489,
5610,5610,0.02058139070868492,
5611,5611,0.02023281715810299,
5612,5612,0.020142249763011932,
5613,5613,0.020455369725823402,
5614,5614,0.02062750607728958,
5615,5615,0.020531244575977325,
5616,5616,0.021518167108297348,
5617,5617,0.02030492201447487,
5618,5618,0.02069053426384926,
5619,5619,0.020573709160089493,
5620,5620,0.019955964758992195,
5621,5621,0.02115149423480034,
5622,5622,0.020835531875491142,
5623,5623,0.019625019282102585,
5624,5624,0.020793499425053596,
5625,5625,0.020490335300564766,
5626,5626,0.02093096263706684,
5627,5627,0.020540304481983185,
5628,5628,0.02099788933992386,
5629,5629,0.020088806748390198,
5630,5630,0.01995505578815937,
5631,5631,0.019833488389849663,
5632,5632,0.02011304534971714,
5633,5633,0.02031349390745163,
5634,5634,0.020328722894191742,
5635,5635,0.02059604972600937,
5636,5636,0.020507484674453735,
5637,5637,0.020638003945350647,
5638,5638,0.0202350877225399,
5639,5639,0.02037111297249794,
5640,5640,0.020087162032723427,
5641,5641,0.02016293816268444,
5642,5642,0.020133987069129944,
5643,5643,0.02056700550019741,
5644,5644,0.020883478224277496,
5645,5645,0.020126070827245712,
5646,5646,0.020400138571858406,
5647,5647,0.020833566784858704,
5648,5648,0.02061053365468979,
5649,5649,,0.020101653411984444
5649,5649,0.020101653411984444,
5650,5650,0.01979430764913559,
5651,5651,0.02092726156115532,
5652,5652,0.019861124455928802,
5653,5653,0.019806623458862305,
5654,5654,0.019990606233477592,
5655,5655,0.02046666108071804,
5656,5656,0.019913801923394203,
5657,5657,0.020490137860178947,
5658,5658,0.020228279754519463,
5659,5659,0.020601607859134674,
5660,5660,0.021573837846517563,
5661,5661,0.020066093653440475,
5662,5662,0.02052563801407814,
5663,5663,0.020195698365569115,
5664,5664,0.02047937922179699,
5665,5665,0.02110539749264717,
5666,5666,0.02009742707014084,
5667,5667,0.01945733092725277,
5668,5668,0.020335320383310318,
5669,5669,0.020538300275802612,
5670,5670,0.02032025344669819,
5671,5671,0.019991932436823845,
5672,5672,0.021376674994826317,
5673,5673,0.019991738721728325,
5674,5674,0.01984066143631935,
5675,5675,0.020345304161310196,
5676,5676,0.019740227609872818,
5677,5677,0.020522763952612877,
5678,5678,0.020477628335356712,
5679,5679,0.020002780482172966,
5680,5680,0.020187240093946457,
5681,5681,0.020907461643218994,
5682,5682,0.020689478144049644,
5683,5683,0.020294204354286194,
5684,5684,0.02036454528570175,
5685,5685,0.020740406587719917,
5686,5686,0.020870447158813477,
5687,5687,0.020449718460440636,
5688,5688,0.020188093185424805,
5689,5689,0.0200944896787405,
5690,5690,0.020436160266399384,
5691,5691,0.021393485367298126,
5692,5692,0.02234300598502159,
5693,5693,0.019875358790159225,
5694,5694,0.020164962857961655,
5695,5695,0.020481888204813004,
5696,5696,0.01988479495048523,
5697,5697,0.020321091637015343,
5698,5698,0.020517800003290176,
5699,5699,,0.02039610780775547
5699,5699,0.02039610780775547,
5700,5700,0.020909374579787254,
5701,5701,0.02081333100795746,
5702,5702,0.02029547281563282,
5703,5703,0.019964484497904778,
5704,5704,0.020046841353178024,
5705,5705,0.02058151364326477,
5706,5706,0.021215252578258514,
5707,5707,0.020380251109600067,
5708,5708,0.020655855536460876,
5709,5709,0.02006601169705391,
5710,5710,0.020068082958459854,
5711,5711,0.02045120857656002,
5712,5712,0.020308585837483406,
5713,5713,0.02095327526330948,
5714,5714,0.020676765590906143,
5715,5715,0.02028759755194187,
5716,5716,0.02085079811513424,
5717,5717,0.02057141251862049,
5718,5718,0.020393602550029755,
5719,5719,0.020326698198914528,
5720,5720,0.019754333421587944,
5721,5721,0.0212644524872303,
5722,5722,0.02052280306816101,
5723,5723,0.021026132628321648,
5724,5724,0.020369483157992363,
5725,5725,0.020076079294085503,
5726,5726,0.020028196275234222,
5727,5727,0.02010718546807766,
5728,5728,0.021264856681227684,
5729,5729,0.019842417910695076,
5730,5730,0.02079682983458042,
5731,5731,0.020442752167582512,
5732,5732,0.02091655135154724,
5733,5733,0.020039813593029976,
5734,5734,0.02001088671386242,
5735,5735,0.020730260759592056,
5736,5736,0.020557429641485214,
5737,5737,0.020072290673851967,
5738,5738,0.020940864458680153,
5739,5739,0.020099252462387085,
5740,5740,0.020318634808063507,
5741,5741,0.019992342218756676,
5742,5742,0.020053289830684662,
5743,5743,0.020301710814237595,
5744,5744,0.020627329126000404,
5745,5745,0.020938433706760406,
5746,5746,0.02021348848938942,
5747,5747,0.020264899358153343,
5748,5748,0.02002359926700592,
5749,5749,,0.021112341433763504
5749,5749,0.021112341433763504,
5750,5750,0.020147891715168953,
5751,5751,0.02028445526957512,
5752,5752,0.019941523671150208,
5753,5753,0.0204763300716877,
5754,5754,0.02016576938331127,
5755,5755,0.020502712577581406,
5756,5756,0.02054264396429062,
5757,5757,0.02034963294863701,
5758,5758,0.02038159780204296,
5759,5759,0.020333070307970047,
5760,5760,0.01951705478131771,
5761,5761,0.020912714302539825,
5762,5762,0.019613515585660934,
5763,5763,0.020930279046297073,
5764,5764,0.02044510282576084,
5765,5765,0.019143911078572273,
5766,5766,0.019697872921824455,
5767,5767,0.020008288323879242,
5768,5768,0.020324714481830597,
5769,5769,0.01969662867486477,
5770,5770,0.02113005705177784,
5771,5771,0.020158816128969193,
5772,5772,0.0203928854316473,
5773,5773,0.021094651892781258,
5774,5774,0.019393594935536385,
5775,5775,0.019773293286561966,
5776,5776,0.01996857114136219,
5777,5777,0.02024662494659424,
5778,5778,0.01992182806134224,
5779,5779,0.020112253725528717,
5780,5780,0.020030103623867035,
5781,5781,0.020058920606970787,
5782,5782,0.020376792177557945,
5783,5783,0.021250126883387566,
5784,5784,0.020752154290676117,
5785,5785,0.020165031775832176,
5786,5786,0.020385582000017166,
5787,5787,0.02065304107964039,
5788,5788,0.02048567496240139,
5789,5789,0.019862093031406403,
5790,5790,0.02002779394388199,
5791,5791,0.020727824419736862,
5792,5792,0.01998414844274521,
5793,5793,0.020166466012597084,
5794,5794,0.021589426323771477,
5795,5795,0.02049245871603489,
5796,5796,0.019937485456466675,
5797,5797,0.019888095557689667,
5798,5798,0.02014222927391529,
5799,5799,,0.02049185335636139
5799,5799,0.02049185335636139,
5800,5800,0.020715633407235146,
5801,5801,0.020489362999796867,
5802,5802,0.020118487998843193,
5803,5803,0.020679567009210587,
5804,5804,0.020122021436691284,
5805,5805,0.020426278933882713,
5806,5806,0.020144270732998848,
5807,5807,0.020134689286351204,
5808,5808,0.020029889419674873,
5809,5809,0.02025962434709072,
5810,5810,0.020380789414048195,
5811,5811,0.02145376428961754,
5812,5812,0.021391481161117554,
5813,5813,0.02129524201154709,
5814,5814,0.020147811621427536,
5815,5815,0.020447835326194763,
5816,5816,0.019053276628255844,
5817,5817,0.020588500425219536,
5818,5818,0.02202751301229,
5819,5819,0.021014893427491188,
5820,5820,0.020911788567900658,
5821,5821,0.020331384614109993,
5822,5822,0.0201164111495018,
5823,5823,0.020313536748290062,
5824,5824,0.02027365192770958,
5825,5825,0.020406223833560944,
5826,5826,0.02155434340238571,
5827,5827,0.020984454080462456,
5828,5828,0.02021574042737484,
5829,5829,0.01959562487900257,
5830,5830,0.01989145390689373,
5831,5831,0.020545177161693573,
5832,5832,0.020204272121191025,
5833,5833,0.019677743315696716,
5834,5834,0.020313724875450134,
5835,5835,0.020538903772830963,
5836,5836,0.020583955571055412,
5837,5837,0.0195480789989233,
5838,5838,0.02053193561732769,
5839,5839,0.020890826359391212,
5840,5840,0.018851350992918015,
5841,5841,0.019918164238333702,
5842,5842,0.020321110263466835,
5843,5843,0.020361442118883133,
5844,5844,0.020056329667568207,
5845,5845,0.020672816783189774,
5846,5846,0.02123548462986946,
5847,5847,0.02099291980266571,
5848,5848,0.020782040432095528,
5849,5849,,0.020415248349308968
5849,5849,0.020415248349308968,
5850,5850,0.021155064925551414,
5851,5851,0.02023000456392765,
5852,5852,0.020351966843008995,
5853,5853,0.02016173116862774,
5854,5854,0.0200961884111166,
5855,5855,0.020602382719516754,
5856,5856,0.021251099184155464,
5857,5857,0.02037116140127182,
5858,5858,0.020020505413413048,
5859,5859,0.020936807617545128,
5860,5860,0.02037988044321537,
5861,5861,0.019760793074965477,
5862,5862,0.020813561975955963,
5863,5863,0.02073809690773487,
5864,5864,0.020777367055416107,
5865,5865,0.019669916480779648,
5866,5866,0.02032393217086792,
5867,5867,0.021365394815802574,
5868,5868,0.02037818543612957,
5869,5869,0.02036839909851551,
5870,5870,0.020704904571175575,
5871,5871,0.019267691299319267,
5872,5872,0.02073719911277294,
5873,5873,0.020662924274802208,
5874,5874,0.020193982869386673,
5875,5875,0.020517461001873016,
5876,5876,0.02015765570104122,
5877,5877,0.019609980285167694,
5878,5878,0.020262131467461586,
5879,5879,0.020257871598005295,
5880,5880,0.019714482128620148,
5881,5881,0.021228734403848648,
5882,5882,0.019243529066443443,
5883,5883,0.020975803956389427,
5884,5884,0.019843334332108498,
5885,5885,0.020848436281085014,
5886,5886,0.020757678896188736,
5887,5887,0.020846311002969742,
5888,5888,0.020041121169924736,
5889,5889,0.020297760143876076,
5890,5890,0.02071378193795681,
5891,5891,0.02021685056388378,
5892,5892,0.020318804308772087,
5893,5893,0.020156072452664375,
5894,5894,0.020060693845152855,
5895,5895,0.020399734377861023,
5896,5896,0.01957770809531212,
5897,5897,0.02033829875290394,
5898,5898,0.021092381328344345,
5899,5899,,0.020246950909495354
5899,5899,0.020246950909495354,
5900,5900,0.020000552758574486,
5901,5901,0.020583681762218475,
5902,5902,0.01995996944606304,
5903,5903,0.019591648131608963,
5904,5904,0.019951706752181053,
5905,5905,0.02027803286910057,
5906,5906,0.02018248289823532,
5907,5907,0.019273262470960617,
5908,5908,0.020636433735489845,
5909,5909,0.02040005475282669,
5910,5910,0.019514398649334908,
5911,5911,0.02042260952293873,
5912,5912,0.020153462886810303,
5913,5913,0.020164351910352707,
5914,5914,0.020593902096152306,
5915,5915,0.02152843400835991,
5916,5916,0.020301632583141327,
5917,5917,0.02066670171916485,
5918,5918,0.019524618983268738,
5919,5919,0.019783135503530502,
5920,5920,0.019889049232006073,
5921,5921,0.020366942510008812,
5922,5922,0.02053232491016388,
5923,5923,0.020509352907538414,
5924,5924,0.01963813602924347,
5925,5925,0.020673636347055435,
5926,5926,0.02033711038529873,
5927,5927,0.02028929442167282,
5928,5928,0.021114123985171318,
5929,5929,0.019957304000854492,
5930,5930,0.020165281370282173,
5931,5931,0.02017047628760338,
5932,5932,0.019782930612564087,
5933,5933,0.020658548921346664,
5934,5934,0.020222129300236702,
5935,5935,0.019405115395784378,
5936,5936,0.020281139761209488,
5937,5937,0.020505471155047417,
5938,5938,0.02009098045527935,
5939,5939,0.020369406789541245,
5940,5940,0.019644781947135925,
5941,5941,0.02008749730885029,
5942,5942,0.019855434074997902,
5943,5943,0.020228419452905655,
5944,5944,0.020397044718265533,
5945,5945,0.01885954849421978,
5946,5946,0.019485926255583763,
5947,5947,0.020417775958776474,
5948,5948,0.019786622375249863,
5949,5949,,0.019446734338998795
5949,5949,0.019446734338998795,
5950,5950,0.020241841673851013,
5951,5951,0.019485581666231155,
5952,5952,0.01991061493754387,
5953,5953,0.02062513493001461,
5954,5954,0.02011844888329506,
5955,5955,0.01993541046977043,
5956,5956,0.020103463903069496,
5957,5957,0.019806815311312675,
5958,5958,0.020218664780259132,
5959,5959,0.0203201062977314,
5960,5960,0.02002393826842308,
5961,5961,0.019370146095752716,
5962,5962,0.02011178433895111,
5963,5963,0.02065444178879261,
5964,5964,0.02020934969186783,
5965,5965,0.01984020508825779,
5966,5966,0.01997504010796547,
5967,5967,0.020904289558529854,
5968,5968,0.02107211761176586,
5969,5969,0.020072603598237038,
5970,5970,0.020386049523949623,
5971,5971,0.020475618541240692,
5972,5972,0.020381031557917595,
5973,5973,0.020901445299386978,
5974,5974,0.01998835988342762,
5975,5975,0.019218608736991882,
5976,5976,0.020182274281978607,
5977,5977,0.01986934244632721,
5978,5978,0.02009560540318489,
5979,5979,0.019706884399056435,
5980,5980,0.020513737574219704,
5981,5981,0.020242322236299515,
5982,5982,0.019984988495707512,
5983,5983,0.020328287035226822,
5984,5984,0.02031022123992443,
5985,5985,0.020607950165867805,
5986,5986,0.020192695781588554,
5987,5987,0.020207449793815613,
5988,5988,0.021863754838705063,
5989,5989,0.02084149606525898,
5990,5990,0.019655710086226463,
5991,5991,0.020292285829782486,
5992,5992,0.02058476023375988,
5993,5993,0.01934065669775009,
5994,5994,0.02007966861128807,
5995,5995,0.01955459639430046,
5996,5996,0.020067375153303146,
5997,5997,0.02047744393348694,
5998,5998,0.020359434187412262,
5999,5999,,0.020192652940750122
5999,5999,0.020192652940750122,
6000,6000,0.020219750702381134,
6001,6001,0.020864158868789673,
6002,6002,0.02003197744488716,
6003,6003,0.02007904089987278,
6004,6004,0.02000134252011776,
6005,6005,0.020588451996445656,
6006,6006,0.020138831809163094,
6007,6007,0.02153928391635418,
6008,6008,0.020328858867287636,
6009,6009,0.01944481022655964,
6010,6010,0.019557585939764977,
6011,6011,0.02032245323061943,
6012,6012,0.020556364208459854,
6013,6013,0.01987505331635475,
6014,6014,0.02005837671458721,
6015,6015,0.019970400258898735,
6016,6016,0.020456423982977867,
6017,6017,0.021319588646292686,
6018,6018,0.019874509423971176,
6019,6019,0.020300477743148804,
6020,6020,0.02161542698740959,
6021,6021,0.02034280262887478,
6022,6022,0.020129116252064705,
6023,6023,0.01952553354203701,
6024,6024,0.02031095325946808,
6025,6025,0.020796116441488266,
6026,6026,0.023237263783812523,
6027,6027,0.019871698692440987,
6028,6028,0.020326562225818634,
6029,6029,0.020082226023077965,
6030,6030,0.02040473371744156,
6031,6031,0.01915503852069378,
6032,6032,0.019845057278871536,
6033,6033,0.02023455873131752,
6034,6034,0.01978483609855175,
6035,6035,0.020005781203508377,
6036,6036,0.01877834089100361,
6037,6037,0.020258137956261635,
6038,6038,0.01969784125685692,
6039,6039,0.020334653556346893,
6040,6040,0.02013455145061016,
6041,6041,0.020182393491268158,
6042,6042,0.02041410095989704,
6043,6043,0.01867625303566456,
6044,6044,0.020787235349416733,
6045,6045,0.020363006740808487,
6046,6046,0.020356111228466034,
6047,6047,0.020121729001402855,
6048,6048,0.019459828734397888,
6049,6049,,0.02022451162338257
6049,6049,0.02022451162338257,
6050,6050,0.019206799566745758,
6051,6051,0.02041640132665634,
6052,6052,0.019533492624759674,
6053,6053,0.02027778886258602,
6054,6054,0.019739514216780663,
6055,6055,0.018739918246865273,
6056,6056,0.01990824192762375,
6057,6057,0.019902721047401428,
6058,6058,0.020306911319494247,
6059,6059,0.01992819458246231,
6060,6060,0.021189488470554352,
6061,6061,0.020574158057570457,
6062,6062,0.019722850993275642,
6063,6063,0.019030489027500153,
6064,6064,0.020725935697555542,
6065,6065,0.02028963342308998,
6066,6066,0.0206796545535326,
6067,6067,0.02008076384663582,
6068,6068,0.020221099257469177,
6069,6069,0.02110263705253601,
6070,6070,0.019660018384456635,
6071,6071,0.021052729338407516,
6072,6072,0.020257681608200073,
6073,6073,0.020504740998148918,
6074,6074,0.020266646519303322,
6075,6075,0.02030041627585888,
6076,6076,0.020090892910957336,
6077,6077,0.02091952972114086,
6078,6078,0.020548135042190552,
6079,6079,0.02032288908958435,
6080,6080,0.01984046958386898,
6081,6081,0.020099099725484848,
6082,6082,0.020222270861268044,
6083,6083,0.019565466791391373,
6084,6084,0.019970674067735672,
6085,6085,0.01986534334719181,
6086,6086,0.01984591595828533,
6087,6087,0.020316198468208313,
6088,6088,0.020000552758574486,
6089,6089,0.020979149267077446,
6090,6090,0.019708218052983284,
6091,6091,0.020812664180994034,
6092,6092,0.02071458101272583,
6093,6093,0.02064792439341545,
6094,6094,0.020005248486995697,
6095,6095,0.020075764507055283,
6096,6096,0.019831914454698563,
6097,6097,0.02113199047744274,
6098,6098,0.0198480524122715,
6099,6099,,0.02042435295879841
6099,6099,0.02042435295879841,
6100,6100,0.020590316504240036,
6101,6101,0.02034948766231537,
6102,6102,0.02016342058777809,
6103,6103,0.020164599642157555,
6104,6104,0.019993361085653305,
6105,6105,0.01973351277410984,
6106,6106,0.019926900044083595,
6107,6107,0.019650615751743317,
6108,6108,0.019479896873235703,
6109,6109,0.020423101261258125,
6110,6110,0.01905897818505764,
6111,6111,0.020674103870987892,
6112,6112,0.020304368808865547,
6113,6113,0.020620446652173996,
6114,6114,0.020205797627568245,
6115,6115,0.019486356526613235,
6116,6116,0.01942901872098446,
6117,6117,0.02047310583293438,
6118,6118,0.020107941702008247,
6119,6119,0.02034243941307068,
6120,6120,0.020696403458714485,
6121,6121,0.02039322257041931,
6122,6122,0.018865419551730156,
6123,6123,0.02023388259112835,
6124,6124,0.020224841311573982,
6125,6125,0.020122231915593147,
6126,6126,0.02012700028717518,
6127,6127,0.020041448995471,
6128,6128,0.019486870616674423,
6129,6129,0.0196076687425375,
6130,6130,0.020458342507481575,
6131,6131,0.019694793969392776,
6132,6132,0.01998075097799301,
6133,6133,0.020752308890223503,
6134,6134,0.020078549161553383,
6135,6135,0.020198626443743706,
6136,6136,0.020139751955866814,
6137,6137,0.020394153892993927,
6138,6138,0.018979988992214203,
6139,6139,0.019613122567534447,
6140,6140,0.02005179598927498,
6141,6141,0.01981903240084648,
6142,6142,0.019143858924508095,
6143,6143,0.019654912874102592,
6144,6144,0.020140962675213814,
6145,6145,0.02132301963865757,
6146,6146,0.020787158980965614,
6147,6147,0.019830746576189995,
6148,6148,0.02126806043088436,
6149,6149,,0.020775528624653816
6149,6149,0.020775528624653816,
6150,6150,0.020656943321228027,
6151,6151,0.020933331921696663,
6152,6152,0.02028169482946396,
6153,6153,0.020143989473581314,
6154,6154,0.020171714946627617,
6155,6155,0.019583582878112793,
6156,6156,0.020360784605145454,
6157,6157,0.019802063703536987,
6158,6158,0.019803786650300026,
6159,6159,0.020484983921051025,
6160,6160,0.02024748921394348,
6161,6161,0.020253784954547882,
6162,6162,0.01906859129667282,
6163,6163,0.019406387582421303,
6164,6164,0.02091289684176445,
6165,6165,0.01977068930864334,
6166,6166,0.020181093364953995,
6167,6167,0.01990973763167858,
6168,6168,0.01930372230708599,
6169,6169,0.01987340673804283,
6170,6170,0.021073488518595695,
6171,6171,0.020048536360263824,
6172,6172,0.01922941766679287,
6173,6173,0.019776413217186928,
6174,6174,0.020412884652614594,
6175,6175,0.02035193331539631,
6176,6176,0.02007455937564373,
6177,6177,0.021833224222064018,
6178,6178,0.020355183631181717,
6179,6179,0.020450010895729065,
6180,6180,0.018415724858641624,
6181,6181,0.019994718953967094,
6182,6182,0.019889190793037415,
6183,6183,0.020298726856708527,
6184,6184,0.02092086151242256,
6185,6185,0.020592262968420982,
6186,6186,0.020144104957580566,
6187,6187,0.02024989202618599,
6188,6188,0.020125901326537132,
6189,6189,0.019996674731373787,
6190,6190,0.02011987939476967,
6191,6191,0.019740086048841476,
6192,6192,0.020170418545603752,
6193,6193,0.02027295157313347,
6194,6194,0.01941904053092003,
6195,6195,0.02022792398929596,
6196,6196,0.019899671897292137,
6197,6197,0.01995544508099556,
6198,6198,0.02002112939953804,
6199,6199,,0.01953502930700779
6199,6199,0.01953502930700779,
6200,6200,0.020643824711441994,
6201,6201,0.0193336084485054,
6202,6202,0.020094191655516624,
6203,6203,0.019845683127641678,
6204,6204,0.019241759553551674,
6205,6205,0.02032029628753662,
6206,6206,0.01963445171713829,
6207,6207,0.02006675861775875,
6208,6208,0.019134268164634705,
6209,6209,0.02066466026008129,
6210,6210,0.02041896991431713,
6211,6211,0.018565084785223007,
6212,6212,0.019987056031823158,
6213,6213,0.020802881568670273,
6214,6214,0.019753800705075264,
6215,6215,0.02006739377975464,
6216,6216,0.019949546083807945,
6217,6217,0.02041032910346985,
6218,6218,0.020246312022209167,
6219,6219,0.02050270140171051,
6220,6220,0.0201005470007658,
6221,6221,0.020434744656085968,
6222,6222,0.01998729072511196,
6223,6223,0.01985430344939232,
6224,6224,0.020757922902703285,
6225,6225,0.020078375935554504,
6226,6226,0.019747285172343254,
6227,6227,0.019688675180077553,
6228,6228,0.02060827985405922,
6229,6229,0.019755879417061806,
6230,6230,0.01944487728178501,
6231,6231,0.019895175471901894,
6232,6232,0.019451050087809563,
6233,6233,0.019588066264986992,
6234,6234,0.02090093493461609,
6235,6235,0.02013629861176014,
6236,6236,0.0194057896733284,
6237,6237,0.020977331325411797,
6238,6238,0.019827714189887047,
6239,6239,0.020473627373576164,
6240,6240,0.019818907603621483,
6241,6241,0.020161079242825508,
6242,6242,0.01942121796309948,
6243,6243,0.02023722231388092,
6244,6244,0.019898589700460434,
6245,6245,0.019647812470793724,
6246,6246,0.02017144113779068,
6247,6247,0.018899263814091682,
6248,6248,0.01987685076892376,
6249,6249,,0.02043924853205681
6249,6249,0.02043924853205681,
6250,6250,0.019266046583652496,
6251,6251,0.019472073763608932,
6252,6252,0.020762257277965546,
6253,6253,0.019946930930018425,
6254,6254,0.020008159801363945,
6255,6255,0.018756337463855743,
6256,6256,0.019938485696911812,
6257,6257,0.019593702629208565,
6258,6258,0.020388096570968628,
6259,6259,0.019333425909280777,
6260,6260,0.019611578434705734,
6261,6261,0.01967731863260269,
6262,6262,0.01971742883324623,
6263,6263,0.019521456211805344,
6264,6264,0.020347749814391136,
6265,6265,0.020104194059967995,
6266,6266,0.019632931798696518,
6267,6267,0.01966085471212864,
6268,6268,0.019803814589977264,
6269,6269,0.020239882171154022,
6270,6270,0.01978525146842003,
6271,6271,0.019877079874277115,
6272,6272,0.02050897292792797,
6273,6273,0.019743578508496284,
6274,6274,0.020020723342895508,
6275,6275,0.019479313865303993,
6276,6276,0.019553394988179207,
6277,6277,0.020328694954514503,
6278,6278,0.019689196720719337,
6279,6279,0.0192287378013134,
6280,6280,0.01966325007379055,
6281,6281,0.0196808110922575,
6282,6282,0.01907981187105179,
6283,6283,0.019604293629527092,
6284,6284,0.018872471526265144,
6285,6285,0.020346788689494133,
6286,6286,0.019868848845362663,
6287,6287,0.019400401040911674,
6288,6288,0.019546495750546455,
6289,6289,0.019925124943256378,
6290,6290,0.01982998289167881,
6291,6291,0.019497890025377274,
6292,6292,0.01991960220038891,
6293,6293,0.019956979900598526,
6294,6294,0.020232636481523514,
6295,6295,0.02041354775428772,
6296,6296,0.01983027532696724,
6297,6297,0.019734526053071022,
6298,6298,0.02019719034433365,
6299,6299,,0.020047694444656372
6299,6299,0.020047694444656372,
6300,6300,0.01905004307627678,
6301,6301,0.020601285621523857,
6302,6302,0.01988835819065571,
6303,6303,0.020126711577177048,
6304,6304,0.020192507654428482,
6305,6305,0.021201107650995255,
6306,6306,0.019414961338043213,
6307,6307,0.019673220813274384,
6308,6308,0.020401958376169205,
6309,6309,0.02011006511747837,
6310,6310,0.018940826877951622,
6311,6311,0.019537148997187614,
6312,6312,0.020537665113806725,
6313,6313,0.01956946961581707,
6314,6314,0.020182492211461067,
6315,6315,0.020370127633213997,
6316,6316,0.019478559494018555,
6317,6317,0.01996426470577717,
6318,6318,0.0202722679823637,
6319,6319,0.01925007812678814,
6320,6320,0.019885120913386345,
6321,6321,0.020295703783631325,
6322,6322,0.01949627324938774,
6323,6323,0.019977964460849762,
6324,6324,0.0196477472782135,
6325,6325,0.021221989765763283,
6326,6326,0.0211176760494709,
6327,6327,0.018621208146214485,
6328,6328,0.019569475203752518,
6329,6329,0.019538087770342827,
6330,6330,0.01923302747309208,
6331,6331,0.01913844794034958,
6332,6332,0.01967640034854412,
6333,6333,0.019777359440922737,
6334,6334,0.020062725991010666,
6335,6335,0.01967138983309269,
6336,6336,0.020581670105457306,
6337,6337,0.02104157954454422,
6338,6338,0.021075524389743805,
6339,6339,0.01991126500070095,
6340,6340,0.02068498358130455,
6341,6341,0.019787084311246872,
6342,6342,0.020436370745301247,
6343,6343,0.02004151977598667,
6344,6344,0.02052091620862484,
6345,6345,0.019813233986496925,
6346,6346,0.01978818140923977,
6347,6347,0.019846249371767044,
6348,6348,0.018613211810588837,
6349,6349,,0.01984395459294319
6349,6349,0.01984395459294319,
6350,6350,0.020778585225343704,
6351,6351,0.01962883397936821,
6352,6352,0.0195626113563776,
6353,6353,0.019573597237467766,
6354,6354,0.019996652379631996,
6355,6355,0.020250190049409866,
6356,6356,0.019816583022475243,
6357,6357,0.01988375373184681,
6358,6358,0.019738394767045975,
6359,6359,0.019648930057883263,
6360,6360,0.019906753674149513,
6361,6361,0.01956012286245823,
6362,6362,0.01928277313709259,
6363,6363,0.019124353304505348,
6364,6364,0.020235085859894753,
6365,6365,0.019877318292856216,
6366,6366,0.01981642283499241,
6367,6367,0.019967054948210716,
6368,6368,0.020410511642694473,
6369,6369,0.020403172820806503,
6370,6370,0.019186995923519135,
6371,6371,0.020129846408963203,
6372,6372,0.019825439900159836,
6373,6373,0.01970919594168663,
6374,6374,0.019824909046292305,
6375,6375,0.020228169858455658,
6376,6376,0.019352270290255547,
6377,6377,0.01961185224354267,
6378,6378,0.01979362778365612,
6379,6379,0.019824504852294922,
6380,6380,0.01969784125685692,
6381,6381,0.019612470641732216,
6382,6382,0.01989153027534485,
6383,6383,0.020130489021539688,
6384,6384,0.019785910844802856,
6385,6385,0.01913321018218994,
6386,6386,0.020682990550994873,
6387,6387,0.020057909190654755,
6388,6388,0.019568853080272675,
6389,6389,0.019389722496271133,
6390,6390,0.020766394212841988,
6391,6391,0.02008524164557457,
6392,6392,0.020329395309090614,
6393,6393,0.019954808056354523,
6394,6394,0.01988035999238491,
6395,6395,0.019726267084479332,
6396,6396,0.01932607777416706,
6397,6397,0.019761310890316963,
6398,6398,0.019850021228194237,
6399,6399,,0.019269553944468498
6399,6399,0.019269553944468498,
6400,6400,0.019901622086763382,
6401,6401,0.019150832667946815,
6402,6402,0.020402444526553154,
6403,6403,0.019544390961527824,
6404,6404,0.019774196669459343,
6405,6405,0.019621649757027626,
6406,6406,0.020216340199112892,
6407,6407,0.020829427987337112,
6408,6408,0.018305579200387,
6409,6409,0.019458651542663574,
6410,6410,0.01960824988782406,
6411,6411,0.019058560952544212,
6412,6412,0.019811540842056274,
6413,6413,0.019871188327670097,
6414,6414,0.02013515681028366,
6415,6415,0.018876641988754272,
6416,6416,0.01969836838543415,
6417,6417,0.019789068028330803,
6418,6418,0.019711628556251526,
6419,6419,0.020197130739688873,
6420,6420,0.01958581432700157,
6421,6421,0.020093291997909546,
6422,6422,0.020367883145809174,
6423,6423,0.019877232611179352,
6424,6424,0.01973802037537098,
6425,6425,0.01971953921020031,
6426,6426,0.019634300842881203,
6427,6427,0.020022666081786156,
6428,6428,0.019741008058190346,
6429,6429,0.020747536793351173,
6430,6430,0.019935695454478264,
6431,6431,0.020687395706772804,
6432,6432,0.01861393079161644,
6433,6433,0.01991695538163185,
6434,6434,0.01947079412639141,
6435,6435,0.02032908797264099,
6436,6436,0.019983524456620216,
6437,6437,0.01933065988123417,
6438,6438,0.01914226822555065,
6439,6439,0.019840681925415993,
6440,6440,0.020164677873253822,
6441,6441,0.01992778852581978,
6442,6442,0.01967046782374382,
6443,6443,0.019060518592596054,
6444,6444,0.01986078731715679,
6445,6445,0.01949249766767025,
6446,6446,0.019530735909938812,
6447,6447,0.02038338966667652,
6448,6448,0.019394218921661377,
6449,6449,,0.020018745213747025
6449,6449,0.020018745213747025,
6450,6450,0.01981133036315441,
6451,6451,0.02086528204381466,
6452,6452,0.019184518605470657,
6453,6453,0.01975887455046177,
6454,6454,0.02019321359694004,
6455,6455,0.020001929253339767,
6456,6456,0.019670845940709114,
6457,6457,0.020173441618680954,
6458,6458,0.020141197368502617,
6459,6459,0.019552158191800117,
6460,6460,0.019573355093598366,
6461,6461,0.020415738224983215,
6462,6462,0.01957831159234047,
6463,6463,0.020502686500549316,
6464,6464,0.019621986895799637,
6465,6465,0.01896895281970501,
6466,6466,0.018881624564528465,
6467,6467,0.01971999555826187,
6468,6468,0.019609615206718445,
6469,6469,0.020018281415104866,
6470,6470,0.020234346389770508,
6471,6471,0.019373871386051178,
6472,6472,0.019440336152911186,
6473,6473,0.01997680403292179,
6474,6474,0.019142737612128258,
6475,6475,0.019665205851197243,
6476,6476,0.019463321194052696,
6477,6477,0.01972983591258526,
6478,6478,0.02015596814453602,
6479,6479,0.01992614008486271,
6480,6480,0.02032112330198288,
6481,6481,0.018256962299346924,
6482,6482,0.020231619477272034,
6483,6483,0.019895803183317184,
6484,6484,0.019860543310642242,
6485,6485,0.018203789368271828,
6486,6486,0.019906045868992805,
6487,6487,0.01933194510638714,
6488,6488,0.019797295331954956,
6489,6489,0.020487105473876,
6490,6490,0.02015002816915512,
6491,6491,0.018994955345988274,
6492,6492,0.019818635657429695,
6493,6493,0.020303241908550262,
6494,6494,0.019773103296756744,
6495,6495,0.019860999658703804,
6496,6496,0.019898395985364914,
6497,6497,0.019739970564842224,
6498,6498,0.019651882350444794,
6499,6499,,0.020862100645899773
6499,6499,0.020862100645899773,
6500,6500,0.019742822274565697,
6501,6501,0.019914530217647552,
6502,6502,0.019739191979169846,
6503,6503,0.019524255767464638,
6504,6504,0.01873088628053665,
6505,6505,0.01972196437418461,
6506,6506,0.01989182084798813,
6507,6507,0.019814342260360718,
6508,6508,0.019651463255286217,
6509,6509,0.02024918794631958,
6510,6510,0.020297275856137276,
6511,6511,0.020168473944067955,
6512,6512,0.019660525023937225,
6513,6513,0.02084938995540142,
6514,6514,0.01973084919154644,
6515,6515,0.021029332652688026,
6516,6516,0.019654499366879463,
6517,6517,0.01834089308977127,
6518,6518,0.020437726750969887,
6519,6519,0.019782913848757744,
6520,6520,0.018671110272407532,
6521,6521,0.020076800137758255,
6522,6522,0.019803250208497047,
6523,6523,0.019316107034683228,
6524,6524,0.01962260529398918,
6525,6525,0.019713636487722397,
6526,6526,0.01869780756533146,
6527,6527,0.018937818706035614,
6528,6528,0.020060598850250244,
6529,6529,0.019691670313477516,
6530,6530,0.018965523689985275,
6531,6531,0.020208733156323433,
6532,6532,0.02027192711830139,
6533,6533,0.019728489220142365,
6534,6534,0.01869426853954792,
6535,6535,0.019061028957366943,
6536,6536,0.019803926348686218,
6537,6537,0.019919443875551224,
6538,6538,0.02060818113386631,
6539,6539,0.019881751388311386,
6540,6540,0.020229870453476906,
6541,6541,0.019654054194688797,
6542,6542,0.019560039043426514,
6543,6543,0.02078860253095627,
6544,6544,0.02025296539068222,
6545,6545,0.01863304153084755,
6546,6546,0.019502896815538406,
6547,6547,0.01895769126713276,
6548,6548,0.019128507003188133,
6549,6549,,0.01911013014614582
6549,6549,0.01911013014614582,
6550,6550,0.01947229728102684,
6551,6551,0.020174114033579826,
6552,6552,0.020390333607792854,
6553,6553,0.019979581236839294,
6554,6554,0.019256610423326492,
6555,6555,0.02010231651365757,
6556,6556,0.018816325813531876,
6557,6557,0.019738059490919113,
6558,6558,0.019611984491348267,
6559,6559,0.019792066887021065,
6560,6560,0.019690340384840965,
6561,6561,0.019648568704724312,
6562,6562,0.01969018392264843,
6563,6563,0.01932544820010662,
6564,6564,0.019295010715723038,
6565,6565,0.019871702417731285,
6566,6566,0.019589846953749657,
6567,6567,0.02195640653371811,
6568,6568,0.02052588015794754,
6569,6569,0.020239701494574547,
6570,6570,0.020182035863399506,
6571,6571,0.019983503967523575,
6572,6572,0.020078426226973534,
6573,6573,0.01931007392704487,
6574,6574,0.01944928988814354,
6575,6575,0.021293412894010544,
6576,6576,0.020748911425471306,
6577,6577,0.019346876069903374,
6578,6578,0.019729554653167725,
6579,6579,0.01843692548573017,
6580,6580,0.01914249174296856,
6581,6581,0.019549835473299026,
6582,6582,0.019683027639985085,
6583,6583,0.02100575529038906,
6584,6584,0.020080171525478363,
6585,6585,0.01941063441336155,
6586,6586,0.01952628791332245,
6587,6587,0.019308526068925858,
6588,6588,0.02024742215871811,
6589,6589,0.019625496119260788,
6590,6590,0.01956542581319809,
6591,6591,0.020099012181162834,
6592,6592,0.019675130024552345,
6593,6593,0.02108190394937992,
6594,6594,0.01962331309914589,
6595,6595,0.019661255180835724,
6596,6596,0.020486725494265556,
6597,6597,0.019088400527834892,
6598,6598,0.020187463611364365,
6599,6599,,0.02108227089047432
6599,6599,0.02108227089047432,
6600,6600,0.019413284957408905,
6601,6601,0.019311342388391495,
6602,6602,0.019793445244431496,
6603,6603,0.019586488604545593,
6604,6604,0.019118744879961014,
6605,6605,0.019991382956504822,
6606,6606,0.020773563534021378,
6607,6607,0.01935064047574997,
6608,6608,0.01925191842019558,
6609,6609,0.01953679881989956,
6610,6610,0.020176071673631668,
6611,6611,0.019832203164696693,
6612,6612,0.019692614674568176,
6613,6613,0.019401833415031433,
6614,6614,0.01988736353814602,
6615,6615,0.019505323842167854,
6616,6616,0.01925804279744625,
6617,6617,0.020201612263917923,
6618,6618,0.019569452852010727,
6619,6619,0.02000027894973755,
6620,6620,0.01969096250832081,
6621,6621,0.01906968094408512,
6622,6622,0.019780773669481277,
6623,6623,0.019558532163500786,
6624,6624,0.019270554184913635,
6625,6625,0.019136803224682808,
6626,6626,0.01979159191250801,
6627,6627,0.021184684708714485,
6628,6628,0.0198536179959774,
6629,6629,0.019335035234689713,
6630,6630,0.01886856183409691,
6631,6631,0.019569944590330124,
6632,6632,0.018437042832374573,
6633,6633,0.01919708400964737,
6634,6634,0.019189724698662758,
6635,6635,0.020097190514206886,
6636,6636,0.019408242776989937,
6637,6637,0.020361069589853287,
6638,6638,0.019654259085655212,
6639,6639,0.019691064953804016,
6640,6640,0.020672310143709183,
6641,6641,0.018582774326205254,
6642,6642,0.02038087509572506,
6643,6643,0.019002962857484818,
6644,6644,0.019537173211574554,
6645,6645,0.019862525165081024,
6646,6646,0.018740879371762276,
6647,6647,0.01984597183763981,
6648,6648,0.019700312986969948,
6649,6649,,0.01916424371302128
6649,6649,0.01916424371302128,
6650,6650,0.019823990762233734,
6651,6651,0.0196370892226696,
6652,6652,0.019329240545630455,
6653,6653,0.019499165937304497,
6654,6654,0.01955358311533928,
6655,6655,0.019281381741166115,
6656,6656,0.019718991592526436,
6657,6657,0.02055443450808525,
6658,6658,0.02004360221326351,
6659,6659,0.02031741477549076,
6660,6660,0.019250111654400826,
6661,6661,0.019219402223825455,
6662,6662,0.019096510484814644,
6663,6663,0.019683893769979477,
6664,6664,0.019320107996463776,
6665,6665,0.019448118284344673,
6666,6666,0.019642027094960213,
6667,6667,0.019247643649578094,
6668,6668,0.019212646409869194,
6669,6669,0.019666101783514023,
6670,6670,0.019114358350634575,
6671,6671,0.019631076604127884,
6672,6672,0.019589899107813835,
6673,6673,0.019005950540304184,
6674,6674,0.019395148381590843,
6675,6675,0.018963005393743515,
6676,6676,0.01903926394879818,
6677,6677,0.019160740077495575,
6678,6678,0.021232876926660538,
6679,6679,0.019941290840506554,
6680,6680,0.019133826717734337,
6681,6681,0.020477328449487686,
6682,6682,0.019220080226659775,
6683,6683,0.01997169479727745,
6684,6684,0.019731435924768448,
6685,6685,0.01982860267162323,
6686,6686,0.020147716626524925,
6687,6687,0.020174046978354454,
6688,6688,0.01918061450123787,
6689,6689,0.01991184428334236,
6690,6690,0.01963905245065689,
6691,6691,0.019548073410987854,
6692,6692,0.019540196284651756,
6693,6693,0.018501298502087593,
6694,6694,0.018775571137666702,
6695,6695,0.020218625664711,
6696,6696,0.01934073679149151,
6697,6697,0.019520778208971024,
6698,6698,0.020019402727484703,
6699,6699,,0.020391734316945076
6699,6699,0.020391734316945076,
6700,6700,0.019373267889022827,
6701,6701,0.01943369209766388,
6702,6702,0.01980632357299328,
6703,6703,0.019022023305296898,
6704,6704,0.02007029764354229,
6705,6705,0.01995248906314373,
6706,6706,0.019678624346852303,
6707,6707,0.019532423466444016,
6708,6708,0.019883235916495323,
6709,6709,0.019097864627838135,
6710,6710,0.01972215622663498,
6711,6711,0.019827542826533318,
6712,6712,0.019385898485779762,
6713,6713,0.019350573420524597,
6714,6714,0.019478684291243553,
6715,6715,0.019879186525940895,
6716,6716,0.02017693966627121,
6717,6717,0.019398892298340797,
6718,6718,0.01868858002126217,
6719,6719,0.019536219537258148,
6720,6720,0.01960478350520134,
6721,6721,0.01955993101000786,
6722,6722,0.019438257440924644,
6723,6723,0.021210942417383194,
6724,6724,0.01954016275703907,
6725,6725,0.019322916865348816,
6726,6726,0.019178146496415138,
6727,6727,0.01966491900384426,
6728,6728,0.01933557726442814,
6729,6729,0.01967761479318142,
6730,6730,0.01949344575405121,
6731,6731,0.019257569685578346,
6732,6732,0.01982361078262329,
6733,6733,0.02044556848704815,
6734,6734,0.019017335027456284,
6735,6735,0.01886320672929287,
6736,6736,0.019695283845067024,
6737,6737,0.019723480567336082,
6738,6738,0.019729474559426308,
6739,6739,0.020211366936564445,
6740,6740,0.01955040916800499,
6741,6741,0.01978379487991333,
6742,6742,0.019686099141836166,
6743,6743,0.01914038695394993,
6744,6744,0.01922268234193325,
6745,6745,0.01910138875246048,
6746,6746,0.01945996657013893,
6747,6747,0.019573604688048363,
6748,6748,0.01960301399230957,
6749,6749,,0.019437944516539574
6749,6749,0.019437944516539574,
6750,6750,0.0196651890873909,
6751,6751,0.01953389123082161,
6752,6752,0.019551126286387444,
6753,6753,0.019881974905729294,
6754,6754,0.019515980035066605,
6755,6755,0.019388359040021896,
6756,6756,0.019491741433739662,
6757,6757,0.019616352394223213,
6758,6758,0.020208200439810753,
6759,6759,0.019508277997374535,
6760,6760,0.0191508699208498,
6761,6761,0.01982497237622738,
6762,6762,0.019591622054576874,
6763,6763,0.019772330299019814,
6764,6764,0.01978425122797489,
6765,6765,0.018787972629070282,
6766,6766,0.019490832462906837,
6767,6767,0.01855040341615677,
6768,6768,0.019429532811045647,
6769,6769,0.020083460956811905,
6770,6770,0.019493015483021736,
6771,6771,0.019261294975876808,
6772,6772,0.01818925328552723,
6773,6773,0.01909674145281315,
6774,6774,0.019807398319244385,
6775,6775,0.019877690821886063,
6776,6776,0.01943482831120491,
6777,6777,0.01980171725153923,
6778,6778,0.019653920084238052,
6779,6779,0.0191117562353611,
6780,6780,0.019741863012313843,
6781,6781,0.018359234556555748,
6782,6782,0.01999690569937229,
6783,6783,0.019266564399003983,
6784,6784,0.018818430602550507,
6785,6785,0.019522303715348244,
6786,6786,0.01996142417192459,
6787,6787,0.019883859902620316,
6788,6788,0.019450683146715164,
6789,6789,0.018733792006969452,
6790,6790,0.01911642774939537,
6791,6791,0.01941831223666668,
6792,6792,0.019446443766355515,
6793,6793,0.019305381923913956,
6794,6794,0.019347844645380974,
6795,6795,0.019540153443813324,
6796,6796,0.01936422847211361,
6797,6797,0.01879282481968403,
6798,6798,0.018917836248874664,
6799,6799,,0.02025606296956539
6799,6799,0.02025606296956539,
6800,6800,0.01950768753886223,
6801,6801,0.019183803349733353,
6802,6802,0.01902730017900467,
6803,6803,0.01762961409986019,
6804,6804,0.01951226219534874,
6805,6805,0.019526822492480278,
6806,6806,0.019352881237864494,
6807,6807,0.019332727417349815,
6808,6808,0.02002471312880516,
6809,6809,0.019520923495292664,
6810,6810,0.020415667444467545,
6811,6811,0.019364099949598312,
6812,6812,0.018732408061623573,
6813,6813,0.019531162455677986,
6814,6814,0.01920241303741932,
6815,6815,0.020061487331986427,
6816,6816,0.0197211354970932,
6817,6817,0.02105843275785446,
6818,6818,0.020150838419795036,
6819,6819,0.01969759725034237,
6820,6820,0.018882285803556442,
6821,6821,0.019865361973643303,
6822,6822,0.019858667626976967,
6823,6823,0.020307382568717003,
6824,6824,0.019062882289290428,
6825,6825,0.020408686250448227,
6826,6826,0.020084628835320473,
6827,6827,0.018810445442795753,
6828,6828,0.019513316452503204,
6829,6829,0.019163886085152626,
6830,6830,0.01965099573135376,
6831,6831,0.020430948585271835,
6832,6832,0.01950983703136444,
6833,6833,0.019857479259371758,
6834,6834,0.019405821338295937,
6835,6835,0.01873396337032318,
6836,6836,0.01937071606516838,
6837,6837,0.01846262253820896,
6838,6838,0.01828712411224842,
6839,6839,0.019283127039670944,
6840,6840,0.01889015920460224,
6841,6841,0.01975989155471325,
6842,6842,0.019914980977773666,
6843,6843,0.019285427406430244,
6844,6844,0.019886480644345284,
6845,6845,0.018659859895706177,
6846,6846,0.019334159791469574,
6847,6847,0.019270755350589752,
6848,6848,0.021037790924310684,
6849,6849,,0.019687896594405174
6849,6849,0.019687896594405174,
6850,6850,0.019431713968515396,
6851,6851,0.019566871225833893,
6852,6852,0.019216278567910194,
6853,6853,0.01917949877679348,
6854,6854,0.019534993916749954,
6855,6855,0.019382329657673836,
6856,6856,0.019389942288398743,
6857,6857,0.019971171393990517,
6858,6858,0.02022859826683998,
6859,6859,0.0202321819961071,
6860,6860,0.01820371299982071,
6861,6861,0.019440293312072754,
6862,6862,0.019548268988728523,
6863,6863,0.019280007109045982,
6864,6864,0.01967807486653328,
6865,6865,0.01934284344315529,
6866,6866,0.01853320002555847,
6867,6867,0.019351644441485405,
6868,6868,0.01880204863846302,
6869,6869,0.019033093005418777,
6870,6870,0.018624255433678627,
6871,6871,0.019416848197579384,
6872,6872,0.02042255364358425,
6873,6873,0.01890399679541588,
6874,6874,0.019960366189479828,
6875,6875,0.01973067782819271,
6876,6876,0.019757408648729324,
6877,6877,0.019484231248497963,
6878,6878,0.019150374457240105,
6879,6879,0.019917113706469536,
6880,6880,0.019265037029981613,
6881,6881,0.019369851797819138,
6882,6882,0.01783345453441143,
6883,6883,0.019690072163939476,
6884,6884,0.019682737067341805,
6885,6885,0.019702231511473656,
6886,6886,0.01957690343260765,
6887,6887,0.01941114291548729,
6888,6888,0.01913420669734478,
6889,6889,0.018726440146565437,
6890,6890,0.02069413661956787,
6891,6891,0.019448252394795418,
6892,6892,0.019105417653918266,
6893,6893,0.019033266231417656,
6894,6894,0.01824268139898777,
6895,6895,0.01813870295882225,
6896,6896,0.020430168136954308,
6897,6897,0.01946372725069523,
6898,6898,0.01955648884177208,
6899,6899,,0.019396329298615456
6899,6899,0.019396329298615456,
6900,6900,0.018630053848028183,
6901,6901,0.01929497718811035,
6902,6902,0.01983376033604145,
6903,6903,0.020640278235077858,
6904,6904,0.019465213641524315,
6905,6905,0.019313350319862366,
6906,6906,0.019676970317959785,
6907,6907,0.01977633498609066,
6908,6908,0.019929060712456703,
6909,6909,0.019435206428170204,
6910,6910,0.01962464116513729,
6911,6911,0.019333897158503532,
6912,6912,0.01990315318107605,
6913,6913,0.019473962485790253,
6914,6914,0.019689591601490974,
6915,6915,0.018946796655654907,
6916,6916,0.01920558325946331,
6917,6917,0.019350025802850723,
6918,6918,0.019529525190591812,
6919,6919,0.019238313660025597,
6920,6920,0.019466731697320938,
6921,6921,0.019187139347195625,
6922,6922,0.019625023007392883,
6923,6923,0.019215725362300873,
6924,6924,0.018891310319304466,
6925,6925,0.018788473680615425,
6926,6926,0.01972329057753086,
6927,6927,0.019871249794960022,
6928,6928,0.019378865137696266,
6929,6929,0.019267253577709198,
6930,6930,0.01940932683646679,
6931,6931,0.019207501783967018,
6932,6932,0.01901298761367798,
6933,6933,0.018967406824231148,
6934,6934,0.01890093833208084,
6935,6935,0.0195732731372118,
6936,6936,0.019475365057587624,
6937,6937,0.018673092126846313,
6938,6938,0.019151989370584488,
6939,6939,0.02008260227739811,
6940,6940,0.01863626018166542,
6941,6941,0.02019263617694378,
6942,6942,0.019363241270184517,
6943,6943,0.019453508779406548,
6944,6944,0.017998522147536278,
6945,6945,0.02014242298901081,
6946,6946,0.019702663645148277,
6947,6947,0.018959248438477516,
6948,6948,0.019262155517935753,
6949,6949,,0.01891857199370861
6949,6949,0.01891857199370861,
6950,6950,0.019675105810165405,
6951,6951,0.01949235238134861,
6952,6952,0.01987825147807598,
6953,6953,0.019315369427204132,
6954,6954,0.01916731707751751,
6955,6955,0.020104141905903816,
6956,6956,0.01944286935031414,
6957,6957,0.019949382171034813,
6958,6958,0.019158584997057915,
6959,6959,0.01963992416858673,
6960,6960,0.019482163712382317,
6961,6961,0.019305672496557236,
6962,6962,0.01936400681734085,
6963,6963,0.01762007363140583,
6964,6964,0.01908169500529766,
6965,6965,0.019911309704184532,
6966,6966,0.018394621089100838,
6967,6967,0.018943917006254196,
6968,6968,0.019457926973700523,
6969,6969,0.020570799708366394,
6970,6970,0.018975431099534035,
6971,6971,0.019463591277599335,
6972,6972,0.019253985956311226,
6973,6973,0.01951911859214306,
6974,6974,0.0197247676551342,
6975,6975,0.019476622343063354,
6976,6976,0.01928045228123665,
6977,6977,0.018819022923707962,
6978,6978,0.018201466649770737,
6979,6979,0.01957346312701702,
6980,6980,0.020077981054782867,
6981,6981,0.020030830055475235,
6982,6982,0.01942875050008297,
6983,6983,0.020144406706094742,
6984,6984,0.01947614923119545,
6985,6985,0.01880241371691227,
6986,6986,0.018779156729578972,
6987,6987,0.018932554870843887,
6988,6988,0.019752856343984604,
6989,6989,0.018870122730731964,
6990,6990,0.01834169216454029,
6991,6991,0.019698316231369972,
6992,6992,0.018826551735401154,
6993,6993,0.019477365538477898,
6994,6994,0.018343079835176468,
6995,6995,0.018376270309090614,
6996,6996,0.019190218299627304,
6997,6997,0.019340412691235542,
6998,6998,0.020567845553159714,
6999,6999,,0.0190429650247097
6999,6999,0.0190429650247097,
7000,7000,0.01997506245970726,
7001,7001,0.019886551424860954,
7002,7002,0.018329652026295662,
7003,7003,0.019921427592635155,
7004,7004,0.02052369900047779,
7005,7005,0.019618112593889236,
7006,7006,0.02040763385593891,
7007,7007,0.01946759782731533,
7008,7008,0.019296668469905853,
7009,7009,0.0184224471449852,
7010,7010,0.019503643736243248,
7011,7011,0.02068260684609413,
7012,7012,0.02012067660689354,
7013,7013,0.018719037994742393,
7014,7014,0.020751893520355225,
7015,7015,0.019400831311941147,
7016,7016,0.019497046247124672,
7017,7017,0.018689872696995735,
7018,7018,0.01941511407494545,
7019,7019,0.019082073122262955,
7020,7020,0.01999577507376671,
7021,7021,0.019474517554044724,
7022,7022,0.019498929381370544,
7023,7023,0.01820213720202446,
7024,7024,0.01931750774383545,
7025,7025,0.019568603485822678,
7026,7026,0.018615875393152237,
7027,7027,0.01941603608429432,
7028,7028,0.018710339441895485,
7029,7029,0.019835706800222397,
7030,7030,0.019222380593419075,
7031,7031,0.018919846042990685,
7032,7032,0.019765831530094147,
7033,7033,0.018734179437160492,
7034,7034,0.019545668736100197,
7035,7035,0.0195639505982399,
7036,7036,0.019230730831623077,
7037,7037,0.019405823200941086,
7038,7038,0.019195109605789185,
7039,7039,0.0194232314825058,
7040,7040,0.01930174231529236,
7041,7041,0.020294975489377975,
7042,7042,0.019003981724381447,
7043,7043,0.018845388665795326,
7044,7044,0.020213715732097626,
7045,7045,0.019677486270666122,
7046,7046,0.019432397559285164,
7047,7047,0.019457083195447922,
7048,7048,0.019554628059267998,
7049,7049,,0.019086195155978203
7049,7049,0.019086195155978203,
7050,7050,0.018824031576514244,
7051,7051,0.020427780225872993,
7052,7052,0.017789792269468307,
7053,7053,0.018666870892047882,
7054,7054,0.019530950114130974,
7055,7055,0.020046107470989227,
7056,7056,0.019005432724952698,
7057,7057,0.01970301754772663,
7058,7058,0.019599413499236107,
7059,7059,0.018362699076533318,
7060,7060,0.019487570971250534,
7061,7061,0.019594086334109306,
7062,7062,0.018694965168833733,
7063,7063,0.01942475326359272,
7064,7064,0.019283954054117203,
7065,7065,0.019457371905446053,
7066,7066,0.01941506750881672,
7067,7067,0.01888049952685833,
7068,7068,0.0194240715354681,
7069,7069,0.019315151497721672,
7070,7070,0.019312841817736626,
7071,7071,0.019910667091608047,
7072,7072,0.019273843616247177,
7073,7073,0.019194668158888817,
7074,7074,0.018399132415652275,
7075,7075,0.019757786765694618,
7076,7076,0.0199903454631567,
7077,7077,0.019376980140805244,
7078,7078,0.019862335175275803,
7079,7079,0.018337678164243698,
7080,7080,0.01891392469406128,
7081,7081,0.02051232010126114,
7082,7082,0.019335566088557243,
7083,7083,0.0204363651573658,
7084,7084,0.019828040152788162,
7085,7085,0.01926947757601738,
7086,7086,0.018858233466744423,
7087,7087,0.01869010366499424,
7088,7088,0.01870758831501007,
7089,7089,0.019590020179748535,
7090,7090,0.018989311531186104,
7091,7091,0.01931660808622837,
7092,7092,0.019051866605877876,
7093,7093,0.01924067549407482,
7094,7094,0.01937737502157688,
7095,7095,0.019287079572677612,
7096,7096,0.01942022331058979,
7097,7097,0.01974489539861679,
7098,7098,0.019517485052347183,
7099,7099,,0.01923416182398796
7099,7099,0.01923416182398796,
7100,7100,0.018870161846280098,
7101,7101,0.01951444149017334,
7102,7102,0.019208941608667374,
7103,7103,0.019107365980744362,
7104,7104,0.01981385238468647,
7105,7105,0.019536221399903297,
7106,7106,0.019308986142277718,
7107,7107,0.01895127259194851,
7108,7108,0.01915641874074936,
7109,7109,0.01968371868133545,
7110,7110,0.018946684896945953,
7111,7111,0.019180921837687492,
7112,7112,0.0188779104501009,
7113,7113,0.01963348127901554,
7114,7114,0.019580194726586342,
7115,7115,0.01905045658349991,
7116,7116,0.019053220748901367,
7117,7117,0.01960214413702488,
7118,7118,0.018787836655974388,
7119,7119,0.020551525056362152,
7120,7120,0.01916615292429924,
7121,7121,0.019183913245797157,
7122,7122,0.01872910186648369,
7123,7123,0.01886584982275963,
7124,7124,0.019532622769474983,
7125,7125,0.01907544583082199,
7126,7126,0.019370807334780693,
7127,7127,0.019611796364188194,
7128,7128,0.019765587523579597,
7129,7129,0.01914122700691223,
7130,7130,0.019015589728951454,
7131,7131,0.01880105584859848,
7132,7132,0.01940094865858555,
7133,7133,0.018960705026984215,
7134,7134,0.019616222009062767,
7135,7135,0.018972454592585564,
7136,7136,0.018601687625050545,
7137,7137,0.019149940460920334,
7138,7138,0.02067340724170208,
7139,7139,0.018956275656819344,
7140,7140,0.019463296979665756,
7141,7141,0.0202375166118145,
7142,7142,0.018886560574173927,
7143,7143,0.017751801759004593,
7144,7144,0.01917707361280918,
7145,7145,0.017999785020947456,
7146,7146,0.01970391534268856,
7147,7147,0.017878439277410507,
7148,7148,0.019161777570843697,
7149,7149,,0.019637351855635643
7149,7149,0.019637351855635643,
7150,7150,0.01824050396680832,
7151,7151,0.01873912662267685,
7152,7152,0.019963925704360008,
7153,7153,0.01927914284169674,
7154,7154,0.019242698326706886,
7155,7155,0.018992789089679718,
7156,7156,0.019226767122745514,
7157,7157,0.01877623423933983,
7158,7158,0.01963029056787491,
7159,7159,0.01930045522749424,
7160,7160,0.018916288390755653,
7161,7161,0.01948114112019539,
7162,7162,0.018714522942900658,
7163,7163,0.01980002038180828,
7164,7164,0.018988952040672302,
7165,7165,0.019242793321609497,
7166,7166,0.019580181688070297,
7167,7167,0.01863783970475197,
7168,7168,0.01910329982638359,
7169,7169,0.020167216658592224,
7170,7170,0.019318992272019386,
7171,7171,0.02044220268726349,
7172,7172,0.018842874094843864,
7173,7173,0.018962491303682327,
7174,7174,0.02048167772591114,
7175,7175,0.019471025094389915,
7176,7176,0.01896892488002777,
7177,7177,0.01929192617535591,
7178,7178,0.01850549504160881,
7179,7179,0.01849750056862831,
7180,7180,0.0196114182472229,
7181,7181,0.019771741703152657,
7182,7182,0.01954827271401882,
7183,7183,0.01947273500263691,
7184,7184,0.01849275827407837,
7185,7185,0.01857086643576622,
7186,7186,0.019008778035640717,
7187,7187,0.019176393747329712,
7188,7188,0.019196799024939537,
7189,7189,0.019544774666428566,
7190,7190,0.019526176154613495,
7191,7191,0.019482729956507683,
7192,7192,0.02044478803873062,
7193,7193,0.018868228420615196,
7194,7194,0.019206946715712547,
7195,7195,0.019475655630230904,
7196,7196,0.01947009563446045,
7197,7197,0.019262075424194336,
7198,7198,0.019232330843806267,
7199,7199,,0.019206929951906204
7199,7199,0.019206929951906204,
7200,7200,0.018823329359292984,
7201,7201,0.0184031929820776,
7202,7202,0.01898329146206379,
7203,7203,0.018256137147545815,
7204,7204,0.018738897517323494,
7205,7205,0.018160657957196236,
7206,7206,0.01976286992430687,
7207,7207,0.019105754792690277,
7208,7208,0.018575657159090042,
7209,7209,0.01959320902824402,
7210,7210,0.018654000014066696,
7211,7211,0.019117852672934532,
7212,7212,0.019340630620718002,
7213,7213,0.019457982853055,
7214,7214,0.01959812641143799,
7215,7215,0.019786160439252853,
7216,7216,0.01883580908179283,
7217,7217,0.018862320110201836,
7218,7218,0.018332578241825104,
7219,7219,0.020192664116621017,
7220,7220,0.019176270812749863,
7221,7221,0.019307635724544525,
7222,7222,0.01927603781223297,
7223,7223,0.019839897751808167,
7224,7224,0.01884889230132103,
7225,7225,0.018703751266002655,
7226,7226,0.018506931141018867,
7227,7227,0.019483322277665138,
7228,7228,0.01886567287147045,
7229,7229,0.01936505362391472,
7230,7230,0.01899210549890995,
7231,7231,0.019103949889540672,
7232,7232,0.01887747272849083,
7233,7233,0.019184239208698273,
7234,7234,0.018929490819573402,
7235,7235,0.01912792958319187,
7236,7236,0.019057299941778183,
7237,7237,0.01910133846104145,
7238,7238,0.018490949645638466,
7239,7239,0.01927647925913334,
7240,7240,0.019456494599580765,
7241,7241,0.01850832626223564,
7242,7242,0.018862605094909668,
7243,7243,0.018883906304836273,
7244,7244,0.01835375465452671,
7245,7245,0.018952740356326103,
7246,7246,0.017922822386026382,
7247,7247,0.018904520198702812,
7248,7248,0.019156761467456818,
7249,7249,,0.020218513906002045
7249,7249,0.020218513906002045,
7250,7250,0.018977312371134758,
7251,7251,0.018346372991800308,
7252,7252,0.01864844374358654,
7253,7253,0.018790945410728455,
7254,7254,0.019225159659981728,
7255,7255,0.019250361248850822,
7256,7256,0.0190940722823143,
7257,7257,0.01938212290406227,
7258,7258,0.018859006464481354,
7259,7259,0.019077317789196968,
7260,7260,0.020030492916703224,
7261,7261,0.018305379897356033,
7262,7262,0.01847654953598976,
7263,7263,0.01895369589328766,
7264,7264,0.019077565521001816,
7265,7265,0.01927007921040058,
7266,7266,0.019922010600566864,
7267,7267,0.019183717668056488,
7268,7268,0.01837083511054516,
7269,7269,0.019535474479198456,
7270,7270,0.01928100176155567,
7271,7271,0.01902858167886734,
7272,7272,0.01872323639690876,
7273,7273,0.017362182959914207,
7274,7274,0.018650637939572334,
7275,7275,0.019008703529834747,
7276,7276,0.01915017142891884,
7277,7277,0.019021812826395035,
7278,7278,0.01943838782608509,
7279,7279,0.0186795424669981,
7280,7280,0.01885317638516426,
7281,7281,0.01834050938487053,
7282,7282,0.019502636045217514,
7283,7283,0.018958888947963715,
7284,7284,0.01888844557106495,
7285,7285,0.01872655376791954,
7286,7286,0.01871606335043907,
7287,7287,0.019126657396554947,
7288,7288,0.019183119758963585,
7289,7289,0.019099242985248566,
7290,7290,0.018992291763424873,
7291,7291,0.018874043598771095,
7292,7292,0.019088950008153915,
7293,7293,0.0186759103089571,
7294,7294,0.018995482474565506,
7295,7295,0.01855487748980522,
7296,7296,0.0192672461271286,
7297,7297,0.020320992916822433,
7298,7298,0.019784018397331238,
7299,7299,,0.01936853490769863
7299,7299,0.01936853490769863,
7300,7300,0.01918700337409973,
7301,7301,0.01965368539094925,
7302,7302,0.019047223031520844,
7303,7303,0.018924463540315628,
7304,7304,0.019463960081338882,
7305,7305,0.01924106292426586,
7306,7306,0.01944364234805107,
7307,7307,0.01884925737977028,
7308,7308,0.018928110599517822,
7309,7309,0.018402697518467903,
7310,7310,0.019089704379439354,
7311,7311,0.019419020041823387,
7312,7312,0.019078878685832024,
7313,7313,0.01869896799325943,
7314,7314,0.019652923569083214,
7315,7315,0.018848001956939697,
7316,7316,0.01920607127249241,
7317,7317,0.01860855519771576,
7318,7318,0.019243720918893814,
7319,7319,0.019490599632263184,
7320,7320,0.019246721640229225,
7321,7321,0.018625153228640556,
7322,7322,0.020017502829432487,
7323,7323,0.01808035373687744,
7324,7324,0.019101062789559364,
7325,7325,0.018864793702960014,
7326,7326,0.019340943545103073,
7327,7327,0.02019931934773922,
7328,7328,0.019031984731554985,
7329,7329,0.019462233409285545,
7330,7330,0.019097909331321716,
7331,7331,0.019964490085840225,
7332,7332,0.019009452313184738,
7333,7333,0.018951397389173508,
7334,7334,0.020255381241440773,
7335,7335,0.01834910735487938,
7336,7336,0.018301408737897873,
7337,7337,0.019761959090828896,
7338,7338,0.019772063940763474,
7339,7339,0.018856987357139587,
7340,7340,0.019152384251356125,
7341,7341,0.019466230645775795,
7342,7342,0.01856532320380211,
7343,7343,0.018739838153123856,
7344,7344,0.018748540431261063,
7345,7345,0.01895129308104515,
7346,7346,0.019770991057157516,
7347,7347,0.019168760627508163,
7348,7348,0.019702931866049767,
7349,7349,,0.018682163208723068
7349,7349,0.018682163208723068,
7350,7350,0.019168272614479065,
7351,7351,0.019013917073607445,
7352,7352,0.018420932814478874,
7353,7353,0.01887015998363495,
7354,7354,0.019133975729346275,
7355,7355,0.019127091392874718,
7356,7356,0.01903923973441124,
7357,7357,0.01918136328458786,
7358,7358,0.019139619544148445,
7359,7359,0.01881176233291626,
7360,7360,0.01890023797750473,
7361,7361,0.019191903993487358,
7362,7362,0.019525878131389618,
7363,7363,0.01911705546081066,
7364,7364,0.018542367964982986,
7365,7365,0.018526075407862663,
7366,7366,0.018499089404940605,
7367,7367,0.019222168251872063,
7368,7368,0.01876385137438774,
7369,7369,0.0194233451038599,
7370,7370,0.019880227744579315,
7371,7371,0.01898861490190029,
7372,7372,0.018604593351483345,
7373,7373,0.01921052485704422,
7374,7374,0.019320763647556305,
7375,7375,0.019376175478100777,
7376,7376,0.019860126078128815,
7377,7377,0.01941780187189579,
7378,7378,0.018912626430392265,
7379,7379,0.01902826689183712,
7380,7380,0.018735811114311218,
7381,7381,0.01844402588903904,
7382,7382,0.018891945481300354,
7383,7383,0.01869696006178856,
7384,7384,0.019027801230549812,
7385,7385,0.018101299181580544,
7386,7386,0.018137097358703613,
7387,7387,0.01879310980439186,
7388,7388,0.018900025635957718,
7389,7389,0.019053062424063683,
7390,7390,0.01754593662917614,
7391,7391,0.01790326088666916,
7392,7392,0.018848638981580734,
7393,7393,0.019194230437278748,
7394,7394,0.020053306594491005,
7395,7395,0.01872091554105282,
7396,7396,0.019078530371189117,
7397,7397,0.018720122054219246,
7398,7398,0.019188975915312767,
7399,7399,,0.01908925548195839
7399,7399,0.01908925548195839,
7400,7400,0.01937691681087017,
7401,7401,0.01917530968785286,
7402,7402,0.01898425631225109,
7403,7403,0.019276132807135582,
7404,7404,0.018719477578997612,
7405,7405,0.01917862892150879,
7406,7406,0.019060200080275536,
7407,7407,0.01875227689743042,
7408,7408,0.01944650150835514,
7409,7409,0.02016962133347988,
7410,7410,0.018645742908120155,
7411,7411,0.018925311043858528,
7412,7412,0.01847129315137863,
7413,7413,0.01897764950990677,
7414,7414,0.018051331862807274,
7415,7415,0.01961222104728222,
7416,7416,0.018203048035502434,
7417,7417,0.0188926849514246,
7418,7418,0.018881704658269882,
7419,7419,0.01909925974905491,
7420,7420,0.019397269934415817,
7421,7421,0.019303996115922928,
7422,7422,0.019030939787626266,
7423,7423,0.01907716505229473,
7424,7424,0.01923242025077343,
7425,7425,0.019039038568735123,
7426,7426,0.01928732730448246,
7427,7427,0.01852155104279518,
7428,7428,0.018882902339100838,
7429,7429,0.01911335252225399,
7430,7430,0.018578482791781425,
7431,7431,0.01817513071000576,
7432,7432,0.018836740404367447,
7433,7433,0.018778633326292038,
7434,7434,0.018981102854013443,
7435,7435,0.01830350048840046,
7436,7436,0.018977602943778038,
7437,7437,0.018814442679286003,
7438,7438,0.019599158316850662,
7439,7439,0.020087316632270813,
7440,7440,0.019283723086118698,
7441,7441,0.018862472847104073,
7442,7442,0.020283153280615807,
7443,7443,0.01931261084973812,
7444,7444,0.018941039219498634,
7445,7445,0.01943311281502247,
7446,7446,0.019818512722849846,
7447,7447,0.018955303356051445,
7448,7448,0.01888711377978325,
7449,7449,,0.019544169306755066
7449,7449,0.019544169306755066,
7450,7450,0.01873086951673031,
7451,7451,0.019237538799643517,
7452,7452,0.019444936886429787,
7453,7453,0.018858497962355614,
7454,7454,0.019470037892460823,
7455,7455,0.01866566576063633,
7456,7456,0.019189218059182167,
7457,7457,0.01894485577940941,
7458,7458,0.019781285896897316,
7459,7459,0.018439339473843575,
7460,7460,0.019078625366091728,
7461,7461,0.018863316625356674,
7462,7462,0.01902652531862259,
7463,7463,0.018743935972452164,
7464,7464,0.018770646303892136,
7465,7465,0.018519960343837738,
7466,7466,0.01932462863624096,
7467,7467,0.01808849163353443,
7468,7468,0.019093088805675507,
7469,7469,0.019751833751797676,
7470,7470,0.01901187002658844,
7471,7471,0.019340839236974716,
7472,7472,0.018390098586678505,
7473,7473,0.01952805183827877,
7474,7474,0.01862366497516632,
7475,7475,0.017975643277168274,
7476,7476,0.01876950077712536,
7477,7477,0.018281802535057068,
7478,7478,0.018435558304190636,
7479,7479,0.019224878400564194,
7480,7480,0.01882854662835598,
7481,7481,0.019161470234394073,
7482,7482,0.01897294633090496,
7483,7483,0.01936192624270916,
7484,7484,0.01869647018611431,
7485,7485,0.01902441494166851,
7486,7486,0.01907961815595627,
7487,7487,0.01918453350663185,
7488,7488,0.019444014877080917,
7489,7489,0.01863023079931736,
7490,7490,0.01878350041806698,
7491,7491,0.018553834408521652,
7492,7492,0.01896289922297001,
7493,7493,0.019241174682974815,
7494,7494,0.019483495503664017,
7495,7495,0.0191345177590847,
7496,7496,0.018233083188533783,
7497,7497,0.01897914707660675,
7498,7498,0.018858930096030235,
7499,7499,,0.01896776631474495
7499,7499,0.01896776631474495,
7500,7500,0.018908916041254997,
7501,7501,0.01888592354953289,
7502,7502,0.0184931643307209,
7503,7503,0.018800631165504456,
7504,7504,0.018883872777223587,
7505,7505,0.019194625318050385,
7506,7506,0.018704131245613098,
7507,7507,0.017786536365747452,
7508,7508,0.018197020515799522,
7509,7509,0.018734868615865707,
7510,7510,0.019068509340286255,
7511,7511,0.018903939053416252,
7512,7512,0.018337028101086617,
7513,7513,0.019050559028983116,
7514,7514,0.018632421270012856,
7515,7515,0.0192289799451828,
7516,7516,0.018363796174526215,
7517,7517,0.019634103402495384,
7518,7518,0.01911708153784275,
7519,7519,0.01910518854856491,
7520,7520,0.018788663670420647,
7521,7521,0.019060956314206123,
7522,7522,0.018701452761888504,
7523,7523,0.018646810203790665,
7524,7524,0.01856423169374466,
7525,7525,0.019354134798049927,
7526,7526,0.0194244422018528,
7527,7527,0.01861240714788437,
7528,7528,0.019244994968175888,
7529,7529,0.018032902851700783,
7530,7530,0.018998993560671806,
7531,7531,0.019859928637742996,
7532,7532,0.01897803321480751,
7533,7533,0.01946870982646942,
7534,7534,0.018984047695994377,
7535,7535,0.0186654981225729,
7536,7536,0.01912814751267433,
7537,7537,0.01928233727812767,
7538,7538,0.018458932638168335,
7539,7539,0.018730858340859413,
7540,7540,0.018219858407974243,
7541,7541,0.01953989639878273,
7542,7542,0.019245069473981857,
7543,7543,0.019327286630868912,
7544,7544,0.018887847661972046,
7545,7545,0.019858794286847115,
7546,7546,0.01854502223432064,
7547,7547,0.01893153414130211,
7548,7548,0.018907181918621063,
7549,7549,,0.01911119744181633
7549,7549,0.01911119744181633,
7550,7550,0.019318124279379845,
7551,7551,0.019047556445002556,
7552,7552,0.018552884459495544,
7553,7553,0.018635833635926247,
7554,7554,0.017794067040085793,
7555,7555,0.018576432019472122,
7556,7556,0.018936417996883392,
7557,7557,0.018709668889641762,
7558,7558,0.019694393500685692,
7559,7559,0.01924370601773262,
7560,7560,0.019633544608950615,
7561,7561,0.01891227997839451,
7562,7562,0.01943250559270382,
7563,7563,0.018712827935814857,
7564,7564,0.018433675169944763,
7565,7565,0.018783876672387123,
7566,7566,0.01889377273619175,
7567,7567,0.019241424277424812,
7568,7568,0.01963573880493641,
7569,7569,0.019319573417305946,
7570,7570,0.018743563443422318,
7571,7571,0.01851942576467991,
7572,7572,0.019025545567274094,
7573,7573,0.018415190279483795,
7574,7574,0.018836734816432,
7575,7575,0.020015457645058632,
7576,7576,0.019014572724699974,
7577,7577,0.018560325726866722,
7578,7578,0.020309265702962875,
7579,7579,0.01843131147325039,
7580,7580,0.018925664946436882,
7581,7581,0.018819814547896385,
7582,7582,0.018084319308400154,
7583,7583,0.017790719866752625,
7584,7584,0.0188997033983469,
7585,7585,0.019726833328604698,
7586,7586,0.018779980018734932,
7587,7587,0.01813390664756298,
7588,7588,0.018300628289580345,
7589,7589,0.018525537103414536,
7590,7590,0.019020309671759605,
7591,7591,0.0182631965726614,
7592,7592,0.018671542406082153,
7593,7593,0.018557675182819366,
7594,7594,0.01871892623603344,
7595,7595,0.01823493465781212,
7596,7596,0.018047837540507317,
7597,7597,0.01911417581140995,
7598,7598,0.01917080394923687,
7599,7599,,0.0188533253967762
7599,7599,0.0188533253967762,
7600,7600,0.01885579526424408,
7601,7601,0.01822851411998272,
7602,7602,0.01892748475074768,
7603,7603,0.018978815525770187,
7604,7604,0.018828807398676872,
7605,7605,0.01833542250096798,
7606,7606,0.019550194963812828,
7607,7607,0.019109688699245453,
7608,7608,0.019076235592365265,
7609,7609,0.018657533451914787,
7610,7610,0.018381180241703987,
7611,7611,0.01866220496594906,
7612,7612,0.01863546296954155,
7613,7613,0.01991141587495804,
7614,7614,0.019704608246684074,
7615,7615,0.018729330971837044,
7616,7616,0.01860029436647892,
7617,7617,0.019251635298132896,
7618,7618,0.018623756244778633,
7619,7619,0.018007224425673485,
7620,7620,0.018831124529242516,
7621,7621,0.019143974408507347,
7622,7622,0.019149761646986008,
7623,7623,0.018543634563684464,
7624,7624,0.018855484202504158,
7625,7625,0.018783550709486008,
7626,7626,0.018763577565550804,
7627,7627,0.018434645608067513,
7628,7628,0.019037166610360146,
7629,7629,0.018818099051713943,
7630,7630,0.018926896154880524,
7631,7631,0.0190306156873703,
7632,7632,0.01881491392850876,
7633,7633,0.018738841637969017,
7634,7634,0.019262799993157387,
7635,7635,0.01877453923225403,
7636,7636,0.01993027701973915,
7637,7637,0.018310682848095894,
7638,7638,0.018980393186211586,
7639,7639,0.019240278750658035,
7640,7640,0.018437299877405167,
7641,7641,0.018692174926400185,
7642,7642,0.019084617495536804,
7643,7643,0.018956998363137245,
7644,7644,0.018501127138733864,
7645,7645,0.018696025013923645,
7646,7646,0.019425811246037483,
7647,7647,0.01948087103664875,
7648,7648,0.01959388330578804,
7649,7649,,0.018266882747411728
7649,7649,0.018266882747411728,
7650,7650,0.017925141379237175,
7651,7651,0.01890104077756405,
7652,7652,0.018857941031455994,
7653,7653,0.017653068527579308,
7654,7654,0.019107533618807793,
7655,7655,0.018794426694512367,
7656,7656,0.018653836101293564,
7657,7657,0.018599798902869225,
7658,7658,0.01918017491698265,
7659,7659,0.018776575103402138,
7660,7660,0.01815398409962654,
7661,7661,0.018597112968564034,
7662,7662,0.018831375986337662,
7663,7663,0.018125800415873528,
7664,7664,0.017384029924869537,
7665,7665,0.018710246309638023,
7666,7666,0.01872933655977249,
7667,7667,0.01826641522347927,
7668,7668,0.01876482367515564,
7669,7669,0.020544350147247314,
7670,7670,0.019067006185650826,
7671,7671,0.019479382783174515,
7672,7672,0.018607962876558304,
7673,7673,0.019092528149485588,
7674,7674,0.018344150856137276,
7675,7675,0.01852521114051342,
7676,7676,0.019138596951961517,
7677,7677,0.019779646769165993,
7678,7678,0.018864449113607407,
7679,7679,0.018732834607362747,
7680,7680,0.018315717577934265,
7681,7681,0.019325975328683853,
7682,7682,0.019222602248191833,
7683,7683,0.01922297477722168,
7684,7684,0.01766062155365944,
7685,7685,0.018153991550207138,
7686,7686,0.019185995683073997,
7687,7687,0.01870838552713394,
7688,7688,0.018433736637234688,
7689,7689,0.017065497115254402,
7690,7690,0.01841657981276512,
7691,7691,0.018685588613152504,
7692,7692,0.01890377141535282,
7693,7693,0.01901995576918125,
7694,7694,0.019354283809661865,
7695,7695,0.0184699185192585,
7696,7696,0.019723379984498024,
7697,7697,0.019202670082449913,
7698,7698,0.01957297883927822,
7699,7699,,0.01785660907626152
7699,7699,0.01785660907626152,
7700,7700,0.01825140416622162,
7701,7701,0.01866474188864231,
7702,7702,0.019963430240750313,
7703,7703,0.018823718652129173,
7704,7704,0.018800217658281326,
7705,7705,0.018270324915647507,
7706,7706,0.018957776948809624,
7707,7707,0.017987504601478577,
7708,7708,0.019033048301935196,
7709,7709,0.018686912953853607,
7710,7710,0.017155474051833153,
7711,7711,0.018342722207307816,
7712,7712,0.019330628216266632,
7713,7713,0.018837647512555122,
7714,7714,0.018377874046564102,
7715,7715,0.01920534111559391,
7716,7716,0.01872660219669342,
7717,7717,0.01835465244948864,
7718,7718,0.018956201151013374,
7719,7719,0.019163062795996666,
7720,7720,0.019646169617772102,
7721,7721,0.0188461747020483,
7722,7722,0.019092917442321777,
7723,7723,0.019334284588694572,
7724,7724,0.01920708268880844,
7725,7725,0.018179558217525482,
7726,7726,0.019088193774223328,
7727,7727,0.01898089237511158,
7728,7728,0.01879779063165188,
7729,7729,0.019448628649115562,
7730,7730,0.01871514320373535,
7731,7731,0.018718188628554344,
7732,7732,0.01853080466389656,
7733,7733,0.018649796023964882,
7734,7734,0.018698617815971375,
7735,7735,0.01773301139473915,
7736,7736,0.018695693463087082,
7737,7737,0.018086645752191544,
7738,7738,0.01936749741435051,
7739,7739,0.01819300837814808,
7740,7740,0.019351232796907425,
7741,7741,0.01935410127043724,
7742,7742,0.01930677704513073,
7743,7743,0.01861553080379963,
7744,7744,0.018566228449344635,
7745,7745,0.01845175214111805,
7746,7746,0.018880879506468773,
7747,7747,0.020116498693823814,
7748,7748,0.019026514142751694,
7749,7749,,0.018858429044485092
7749,7749,0.018858429044485092,
7750,7750,0.01952996663749218,
7751,7751,0.018535641953349113,
7752,7752,0.01911952719092369,
7753,7753,0.018703391775488853,
7754,7754,0.01836041547358036,
7755,7755,0.01825196109712124,
7756,7756,0.019003596156835556,
7757,7757,0.018904224038124084,
7758,7758,0.018803376704454422,
7759,7759,0.018767477944493294,
7760,7760,0.019386837258934975,
7761,7761,0.018667150288820267,
7762,7762,0.019174881279468536,
7763,7763,0.01966220512986183,
7764,7764,0.019636258482933044,
7765,7765,0.018244775012135506,
7766,7766,0.018682288005948067,
7767,7767,0.01870100386440754,
7768,7768,0.018723323941230774,
7769,7769,0.01819324865937233,
7770,7770,0.018931055441498756,
7771,7771,0.01810600981116295,
7772,7772,0.019014250487089157,
7773,7773,0.019390078261494637,
7774,7774,0.018314538523554802,
7775,7775,0.018303697928786278,
7776,7776,0.018484262749552727,
7777,7777,0.019361786544322968,
7778,7778,0.018810376524925232,
7779,7779,0.019082482904195786,
7780,7780,0.018176190555095673,
7781,7781,0.018757974728941917,
7782,7782,0.01846892200410366,
7783,7783,0.019291069358587265,
7784,7784,0.018385736271739006,
7785,7785,0.01702939346432686,
7786,7786,0.01869308575987816,
7787,7787,0.018659798428416252,
7788,7788,0.018282150849699974,
7789,7789,0.01875315047800541,
7790,7790,0.018641769886016846,
7791,7791,0.018553683534264565,
7792,7792,0.01915372721850872,
7793,7793,0.018742458894848824,
7794,7794,0.018964240327477455,
7795,7795,0.018742438405752182,
7796,7796,0.018322374671697617,
7797,7797,0.018778279423713684,
7798,7798,0.018078312277793884,
7799,7799,,0.017987003549933434
7799,7799,0.017987003549933434,
7800,7800,0.0191081240773201,
7801,7801,0.01886569894850254,
7802,7802,0.018986541777849197,
7803,7803,0.018068769946694374,
7804,7804,0.018551575019955635,
7805,7805,0.01819443702697754,
7806,7806,0.018375011160969734,
7807,7807,0.018519748002290726,
7808,7808,0.0175975002348423,
7809,7809,0.0185242947191,
7810,7810,0.019009914249181747,
7811,7811,0.019528210163116455,
7812,7812,0.018558435142040253,
7813,7813,0.01799839362502098,
7814,7814,0.018646178767085075,
7815,7815,0.017825646325945854,
7816,7816,0.017979050055146217,
7817,7817,0.01715737022459507,
7818,7818,0.017833461984992027,
7819,7819,0.01896519772708416,
7820,7820,0.01906641013920307,
7821,7821,0.01846904493868351,
7822,7822,0.019179601222276688,
7823,7823,0.01813511736690998,
7824,7824,0.018170636147260666,
7825,7825,0.01844889298081398,
7826,7826,0.018757829442620277,
7827,7827,0.019343724474310875,
7828,7828,0.018492454662919044,
7829,7829,0.01889728382229805,
7830,7830,0.019086521118879318,
7831,7831,0.018257061019539833,
7832,7832,0.018813369795680046,
7833,7833,0.018138326704502106,
7834,7834,0.018140757456421852,
7835,7835,0.018599070608615875,
7836,7836,0.018823357298970222,
7837,7837,0.018565228208899498,
7838,7838,0.018427632749080658,
7839,7839,0.018325233832001686,
7840,7840,0.018416007980704308,
7841,7841,0.01832619123160839,
7842,7842,0.018411140888929367,
7843,7843,0.018770813941955566,
7844,7844,0.019692284986376762,
7845,7845,0.01880982331931591,
7846,7846,0.018226657062768936,
7847,7847,0.019429074600338936,
7848,7848,0.018527204170823097,
7849,7849,,0.01822517439723015
7849,7849,0.01822517439723015,
7850,7850,0.018440503627061844,
7851,7851,0.017343778163194656,
7852,7852,0.0183196309953928,
7853,7853,0.020056582987308502,
7854,7854,0.01793365366756916,
7855,7855,0.018759094178676605,
7856,7856,0.01875154674053192,
7857,7857,0.018720345571637154,
7858,7858,0.019190439954400063,
7859,7859,0.019450930878520012,
7860,7860,0.01918366178870201,
7861,7861,0.019395679235458374,
7862,7862,0.02019454725086689,
7863,7863,0.017210355028510094,
7864,7864,0.018438216298818588,
7865,7865,0.01952400803565979,
7866,7866,0.019005566835403442,
7867,7867,0.018257945775985718,
7868,7868,0.01850096881389618,
7869,7869,0.01874844916164875,
7870,7870,0.01904379576444626,
7871,7871,0.020183028653264046,
7872,7872,0.019146669656038284,
7873,7873,0.018371261656284332,
7874,7874,0.018244629725813866,
7875,7875,0.019321579486131668,
7876,7876,0.018863873556256294,
7877,7877,0.0185037050396204,
7878,7878,0.018550995737314224,
7879,7879,0.017737172544002533,
7880,7880,0.018685391172766685,
7881,7881,0.018682852387428284,
7882,7882,0.01976163685321808,
7883,7883,0.017710857093334198,
7884,7884,0.018576117232441902,
7885,7885,0.019050544127821922,
7886,7886,0.01914570853114128,
7887,7887,0.01835632510483265,
7888,7888,0.01847466081380844,
7889,7889,0.01698167622089386,
7890,7890,0.019375747069716454,
7891,7891,0.018114812672138214,
7892,7892,0.01899227686226368,
7893,7893,0.018577398732304573,
7894,7894,0.018722467124462128,
7895,7895,0.018212974071502686,
7896,7896,0.01848323456943035,
7897,7897,0.017871839925646782,
7898,7898,0.018557660281658173,
7899,7899,,0.018311602994799614
7899,7899,0.018311602994799614,
7900,7900,0.018320532515645027,
7901,7901,0.018124867230653763,
7902,7902,0.018583033233880997,
7903,7903,0.018968207761645317,
7904,7904,0.01807616464793682,
7905,7905,0.019253099337220192,
7906,7906,0.017902599647641182,
7907,7907,0.018855981528759003,
7908,7908,0.018037864938378334,
7909,7909,0.018762145191431046,
7910,7910,0.018513869494199753,
7911,7911,0.018069099634885788,
7912,7912,0.0187721848487854,
7913,7913,0.018456069752573967,
7914,7914,0.018005311489105225,
7915,7915,0.017348332330584526,
7916,7916,0.018887579441070557,
7917,7917,0.01925404742360115,
7918,7918,0.01853799633681774,
7919,7919,0.01891460083425045,
7920,7920,0.018602242693305016,
7921,7921,0.017349760979413986,
7922,7922,0.01943962089717388,
7923,7923,0.0189212579280138,
7924,7924,0.018069425597786903,
7925,7925,0.018241308629512787,
7926,7926,0.0184774212539196,
7927,7927,0.01809716410934925,
7928,7928,0.01845804788172245,
7929,7929,0.018879059702157974,
7930,7930,0.018567921593785286,
7931,7931,0.018639957532286644,
7932,7932,0.018447989597916603,
7933,7933,0.01858910545706749,
7934,7934,0.018446458503603935,
7935,7935,0.018073279410600662,
7936,7936,0.01872573420405388,
7937,7937,0.018755679950118065,
7938,7938,0.01824234053492546,
7939,7939,0.018909592181444168,
7940,7940,0.01865556091070175,
7941,7941,0.01901288516819477,
7942,7942,0.018152659758925438,
7943,7943,0.017876096069812775,
7944,7944,0.018631575629115105,
7945,7945,0.018050124868750572,
7946,7946,0.01831432618200779,
7947,7947,0.018892427906394005,
7948,7948,0.017888830974698067,
7949,7949,,0.01884540729224682
7949,7949,0.01884540729224682,
7950,7950,0.017567304894328117,
7951,7951,0.018444860354065895,
7952,7952,0.018559398129582405,
7953,7953,0.01856447570025921,
7954,7954,0.01866118423640728,
7955,7955,0.01834007352590561,
7956,7956,0.018725445494055748,
7957,7957,0.018526241183280945,
7958,7958,0.018455171957612038,
7959,7959,0.01763957180082798,
7960,7960,0.01859375648200512,
7961,7961,0.01851815916597843,
7962,7962,0.01769493892788887,
7963,7963,0.019105806946754456,
7964,7964,0.019173789769411087,
7965,7965,0.01835731230676174,
7966,7966,0.018218452110886574,
7967,7967,0.017738088965415955,
7968,7968,0.018678659573197365,
7969,7969,0.018499113619327545,
7970,7970,0.017817197367548943,
7971,7971,0.018753908574581146,
7972,7972,0.018347416073083878,
7973,7973,0.018505610525608063,
7974,7974,0.017939841374754906,
7975,7975,0.017997777089476585,
7976,7976,0.018507743254303932,
7977,7977,0.01923457160592079,
7978,7978,0.018375350162386894,
7979,7979,0.01849253661930561,
7980,7980,0.019337482750415802,
7981,7981,0.01839078590273857,
7982,7982,0.01801689900457859,
7983,7983,0.018502483144402504,
7984,7984,0.018672971054911613,
7985,7985,0.018480094149708748,
7986,7986,0.01867583952844143,
7987,7987,0.01912914402782917,
7988,7988,0.018233373761177063,
7989,7989,0.018649553880095482,
7990,7990,0.018598435446619987,
7991,7991,0.018472453579306602,
7992,7992,0.017818670719861984,
7993,7993,0.018854698166251183,
7994,7994,0.018437713384628296,
7995,7995,0.018051201477646828,
7996,7996,0.018024809658527374,
7997,7997,0.018045838922262192,
7998,7998,0.018208369612693787,
7999,7999,,0.01859673112630844
7999,7999,0.01859673112630844,
8000,8000,0.01827443204820156,
8001,8001,0.01786825805902481,
8002,8002,0.01808745041489601,
8003,8003,0.018686357885599136,
8004,8004,0.01843705214560032,
8005,8005,0.017944231629371643,
8006,8006,0.01796010695397854,
8007,8007,0.017613178119063377,
8008,8008,0.01834684982895851,
8009,8009,0.018614623695611954,
8010,8010,0.01898173615336418,
8011,8011,0.01884886808693409,
8012,8012,0.018664559349417686,
8013,8013,0.017904330044984818,
8014,8014,0.01944030076265335,
8015,8015,0.018156493082642555,
8016,8016,0.01839747093617916,
8017,8017,0.018461203202605247,
8018,8018,0.019065918400883675,
8019,8019,0.018091334030032158,
8020,8020,0.01808788999915123,
8021,8021,0.019074242562055588,
8022,8022,0.018927183002233505,
8023,8023,0.0186508446931839,
8024,8024,0.01825115457177162,
8025,8025,0.018152780830860138,
8026,8026,0.0177481546998024,
8027,8027,0.018358049914240837,
8028,8028,0.018576130270957947,
8029,8029,0.017074845731258392,
8030,8030,0.017599157989025116,
8031,8031,0.018693789839744568,
8032,8032,0.018814561888575554,
8033,8033,0.018808668479323387,
8034,8034,0.018677080050110817,
8035,8035,0.017712129279971123,
8036,8036,0.018464192748069763,
8037,8037,0.01834144815802574,
8038,8038,0.0181453637778759,
8039,8039,0.01834217645227909,
8040,8040,0.01931077428162098,
8041,8041,0.01830330491065979,
8042,8042,0.018074043095111847,
8043,8043,0.017426373437047005,
8044,8044,0.018169492483139038,
8045,8045,0.01829715073108673,
8046,8046,0.017920073121786118,
8047,8047,0.019580580294132233,
8048,8048,0.018367361277341843,
8049,8049,,0.018595725297927856
8049,8049,0.018595725297927856,
8050,8050,0.01840556040406227,
8051,8051,0.01823434978723526,
8052,8052,0.019023237749934196,
8053,8053,0.01834741421043873,
8054,8054,0.018133144825696945,
8055,8055,0.018329430371522903,
8056,8056,0.0180984940379858,
8057,8057,0.016629820689558983,
8058,8058,0.01811302825808525,
8059,8059,0.018542934209108353,
8060,8060,0.01879739947617054,
8061,8061,0.018308857455849648,
8062,8062,0.018892738968133926,
8063,8063,0.01851392723619938,
8064,8064,0.019111722707748413,
8065,8065,0.019619954749941826,
8066,8066,0.01827649585902691,
8067,8067,0.018600305542349815,
8068,8068,0.017822830006480217,
8069,8069,0.018126152455806732,
8070,8070,0.01800128072500229,
8071,8071,0.018087418749928474,
8072,8072,0.018615590408444405,
8073,8073,0.018506716936826706,
8074,8074,0.018360327929258347,
8075,8075,0.018727310001850128,
8076,8076,0.019062526524066925,
8077,8077,0.018815472722053528,
8078,8078,0.018977023661136627,
8079,8079,0.01860933192074299,
8080,8080,0.01858319342136383,
8081,8081,0.019174212589859962,
8082,8082,0.01934110000729561,
8083,8083,0.01815110258758068,
8084,8084,0.01736310124397278,
8085,8085,0.017439914867281914,
8086,8086,0.018108701333403587,
8087,8087,0.019438855350017548,
8088,8088,0.018324097618460655,
8089,8089,0.018568994477391243,
8090,8090,0.018307678401470184,
8091,8091,0.0177929624915123,
8092,8092,0.01831766404211521,
8093,8093,0.018663015216588974,
8094,8094,0.01822682097554207,
8095,8095,0.018349556252360344,
8096,8096,0.019257165491580963,
8097,8097,0.018361547961831093,
8098,8098,0.018601322546601295,
8099,8099,,0.01859227567911148
8099,8099,0.01859227567911148,
8100,8100,0.0172195415943861,
8101,8101,0.01859833113849163,
8102,8102,0.019686240702867508,
8103,8103,0.017499053850769997,
8104,8104,0.018456295132637024,
8105,8105,0.017416393384337425,
8106,8106,0.018973199650645256,
8107,8107,0.018266761675477028,
8108,8108,0.017991546541452408,
8109,8109,0.017976131290197372,
8110,8110,0.018343018367886543,
8111,8111,0.017651772126555443,
8112,8112,0.018524426966905594,
8113,8113,0.01806783117353916,
8114,8114,0.017884382978081703,
8115,8115,0.018365919589996338,
8116,8116,0.01901102624833584,
8117,8117,0.018356340005993843,
8118,8118,0.018273651599884033,
8119,8119,0.018256939947605133,
8120,8120,0.018413327634334564,
8121,8121,0.01858936809003353,
8122,8122,0.018299419432878494,
8123,8123,0.017895113676786423,
8124,8124,0.01928216777741909,
8125,8125,0.018329225480556488,
8126,8126,0.018503639847040176,
8127,8127,0.01924228109419346,
8128,8128,0.018689675256609917,
8129,8129,0.018246203660964966,
8130,8130,0.01811651512980461,
8131,8131,0.01909518428146839,
8132,8132,0.018166985362768173,
8133,8133,0.018587211146950722,
8134,8134,0.01829531602561474,
8135,8135,0.018525665625929832,
8136,8136,0.017469534650444984,
8137,8137,0.017692990601062775,
8138,8138,0.018548883497714996,
8139,8139,0.018323907628655434,
8140,8140,0.018520783632993698,
8141,8141,0.018105754628777504,
8142,8142,0.017770471051335335,
8143,8143,0.018467649817466736,
8144,8144,0.018683772534132004,
8145,8145,0.01798768900334835,
8146,8146,0.017560400068759918,
8147,8147,0.018263541162014008,
8148,8148,0.01878272369503975,
8149,8149,,0.017895478755235672
8149,8149,0.017895478755235672,
8150,8150,0.018821097910404205,
8151,8151,0.018388094380497932,
8152,8152,0.018065357580780983,
8153,8153,0.017778318375349045,
8154,8154,0.01792548969388008,
8155,8155,0.01811729185283184,
8156,8156,0.018679069355130196,
8157,8157,0.01953478530049324,
8158,8158,0.018071942031383514,
8159,8159,0.017910147085785866,
8160,8160,0.01856616884469986,
8161,8161,0.018167411908507347,
8162,8162,0.018691688776016235,
8163,8163,0.0177418515086174,
8164,8164,0.018063075840473175,
8165,8165,0.018886927515268326,
8166,8166,0.01831231079995632,
8167,8167,0.01828867197036743,
8168,8168,0.017390770837664604,
8169,8169,0.017761249095201492,
8170,8170,0.017650559544563293,
8171,8171,0.017008274793624878,
8172,8172,0.018784763291478157,
8173,8173,0.018351256847381592,
8174,8174,0.01856742985546589,
8175,8175,0.018401701003313065,
8176,8176,0.018619166687130928,
8177,8177,0.01846478134393692,
8178,8178,0.017781797796487808,
8179,8179,0.018224187195301056,
8180,8180,0.017543815076351166,
8181,8181,0.018774352967739105,
8182,8182,0.017973124980926514,
8183,8183,0.01826215162873268,
8184,8184,0.017919933423399925,
8185,8185,0.017753178253769875,
8186,8186,0.018058331683278084,
8187,8187,0.018551716580986977,
8188,8188,0.017779061570763588,
8189,8189,0.017509663477540016,
8190,8190,0.018513236194849014,
8191,8191,0.01782146282494068,
8192,8192,0.01796010136604309,
8193,8193,0.018360795453190804,
8194,8194,0.017926493659615517,
8195,8195,0.017492447048425674,
8196,8196,0.018642321228981018,
8197,8197,0.01720503903925419,
8198,8198,0.01864412985742092,
8199,8199,,0.01816241815686226
8199,8199,0.01816241815686226,
8200,8200,0.01827896200120449,
8201,8201,0.018151530995965004,
8202,8202,0.018377237021923065,
8203,8203,0.019167961552739143,
8204,8204,0.018897460773587227,
8205,8205,0.018182136118412018,
8206,8206,0.018384477123618126,
8207,8207,0.01791117712855339,
8208,8208,0.018211744725704193,
8209,8209,0.018436595797538757,
8210,8210,0.01849942095577717,
8211,8211,0.018256355077028275,
8212,8212,0.018829653039574623,
8213,8213,0.018428923562169075,
8214,8214,0.018330702558159828,
8215,8215,0.018451279029250145,
8216,8216,0.0182303749024868,
8217,8217,0.018452847376465797,
8218,8218,0.018212299793958664,
8219,8219,0.0179266519844532,
8220,8220,0.018118567764759064,
8221,8221,0.017955748364329338,
8222,8222,0.018156737089157104,
8223,8223,0.018336543813347816,
8224,8224,0.01985013298690319,
8225,8225,0.017689546570181847,
8226,8226,0.01858157105743885,
8227,8227,0.01852649822831154,
8228,8228,0.017697010189294815,
8229,8229,0.018606120720505714,
8230,8230,0.018285110592842102,
8231,8231,0.017769858241081238,
8232,8232,0.017908379435539246,
8233,8233,0.01813952438533306,
8234,8234,0.018308429047465324,
8235,8235,0.01773715391755104,
8236,8236,0.018787676468491554,
8237,8237,0.01878472976386547,
8238,8238,0.017877280712127686,
8239,8239,0.018428318202495575,
8240,8240,0.017805714160203934,
8241,8241,0.0177089162170887,
8242,8242,0.018139583989977837,
8243,8243,0.016602421179413795,
8244,8244,0.018674980849027634,
8245,8245,0.016106335446238518,
8246,8246,0.01869170553982258,
8247,8247,0.018583277240395546,
8248,8248,0.01806715503334999,
8249,8249,,0.01779492385685444
8249,8249,0.01779492385685444,
8250,8250,0.01812739670276642,
8251,8251,0.019227545708417892,
8252,8252,0.01817656122148037,
8253,8253,0.017902249470353127,
8254,8254,0.018596144393086433,
8255,8255,0.018485840409994125,
8256,8256,0.01832813024520874,
8257,8257,0.018427465111017227,
8258,8258,0.018726428970694542,
8259,8259,0.0181586891412735,
8260,8260,0.018076064065098763,
8261,8261,0.018339579924941063,
8262,8262,0.018542682752013206,
8263,8263,0.018314098939299583,
8264,8264,0.019482458010315895,
8265,8265,0.017843417823314667,
8266,8266,0.018440520390868187,
8267,8267,0.01819431781768799,
8268,8268,0.017683925107121468,
8269,8269,0.017251919955015182,
8270,8270,0.01802169904112816,
8271,8271,0.01752154529094696,
8272,8272,0.01709345541894436,
8273,8273,0.018440481275320053,
8274,8274,0.018177751451730728,
8275,8275,0.018000846728682518,
8276,8276,0.018237244337797165,
8277,8277,0.018192484974861145,
8278,8278,0.018070127815008163,
8279,8279,0.018446048721671104,
8280,8280,0.018238229677081108,
8281,8281,0.01840260811150074,
8282,8282,0.017895543947815895,
8283,8283,0.018246088176965714,
8284,8284,0.01747089996933937,
8285,8285,0.018742041662335396,
8286,8286,0.01800304651260376,
8287,8287,0.017973506823182106,
8288,8288,0.01795284077525139,
8289,8289,0.018012478947639465,
8290,8290,0.018600059673190117,
8291,8291,0.018395280465483665,
8292,8292,0.018959665670990944,
8293,8293,0.01799936778843403,
8294,8294,0.01783323846757412,
8295,8295,0.017424259334802628,
8296,8296,0.018040748313069344,
8297,8297,0.018836872652173042,
8298,8298,0.01811523549258709,
8299,8299,,0.018110409379005432
8299,8299,0.018110409379005432,
8300,8300,0.01989208534359932,
8301,8301,0.01828155666589737,
8302,8302,0.01773846335709095,
8303,8303,0.017724253237247467,
8304,8304,0.01766752265393734,
8305,8305,0.018845176324248314,
8306,8306,0.01782364957034588,
8307,8307,0.018005192279815674,
8308,8308,0.017724473029375076,
8309,8309,0.018138810992240906,
8310,8310,0.01793571747839451,
8311,8311,0.0184987373650074,
8312,8312,0.01804572530090809,
8313,8313,0.01906905137002468,
8314,8314,0.018346957862377167,
8315,8315,0.0182855986058712,
8316,8316,0.018391767516732216,
8317,8317,0.01817726157605648,
8318,8318,0.019133154302835464,
8319,8319,0.01790771633386612,
8320,8320,0.01898188889026642,
8321,8321,0.018065286800265312,
8322,8322,0.018531616777181625,
8323,8323,0.017406649887561798,
8324,8324,0.017717307433485985,
8325,8325,0.01877410151064396,
8326,8326,0.018305771052837372,
8327,8327,0.01792309805750847,
8328,8328,0.017621561884880066,
8329,8329,0.018502594903111458,
8330,8330,0.018248938024044037,
8331,8331,0.01835247129201889,
8332,8332,0.017942184582352638,
8333,8333,0.01728753186762333,
8334,8334,0.017946267500519753,
8335,8335,0.01778380200266838,
8336,8336,0.01817481406033039,
8337,8337,0.0185681339353323,
8338,8338,0.018143946304917336,
8339,8339,0.018140945583581924,
8340,8340,0.017765425145626068,
8341,8341,0.018012700602412224,
8342,8342,0.018157735466957092,
8343,8343,0.01818491518497467,
8344,8344,0.017855728045105934,
8345,8345,0.017928944900631905,
8346,8346,0.017765207216143608,
8347,8347,0.018333053216338158,
8348,8348,0.017670784145593643,
8349,8349,,0.017940562218427658
8349,8349,0.017940562218427658,
8350,8350,0.018095849081873894,
8351,8351,0.01775220036506653,
8352,8352,0.01747499220073223,
8353,8353,0.018683556467294693,
8354,8354,0.017756739631295204,
8355,8355,0.018206346780061722,
8356,8356,0.018081780523061752,
8357,8357,0.018131384626030922,
8358,8358,0.018434029072523117,
8359,8359,0.0175649281591177,
8360,8360,0.017816778272390366,
8361,8361,0.017994076013565063,
8362,8362,0.01769586093723774,
8363,8363,0.018666714429855347,
8364,8364,0.01763228327035904,
8365,8365,0.01731022633612156,
8366,8366,0.01801156997680664,
8367,8367,0.017729192972183228,
8368,8368,0.01790991798043251,
8369,8369,0.01808609999716282,
8370,8370,0.018198253586888313,
8371,8371,0.018495844677090645,
8372,8372,0.018519936129450798,
8373,8373,0.018929695710539818,
8374,8374,0.018306519836187363,
8375,8375,0.018447095528244972,
8376,8376,0.017718898132443428,
8377,8377,0.017969094216823578,
8378,8378,0.017838433384895325,
8379,8379,0.018991557881236076,
8380,8380,0.0170021690428257,
8381,8381,0.018161529675126076,
8382,8382,0.018243325874209404,
8383,8383,0.018014071509242058,
8384,8384,0.017629975453019142,
8385,8385,0.01752757467329502,
8386,8386,0.018005091696977615,
8387,8387,0.018325036391615868,
8388,8388,0.018302328884601593,
8389,8389,0.018071245402097702,
8390,8390,0.019263196736574173,
8391,8391,0.017686182633042336,
8392,8392,0.018561845645308495,
8393,8393,0.018122676759958267,
8394,8394,0.01761006936430931,
8395,8395,0.01695188507437706,
8396,8396,0.017987588420510292,
8397,8397,0.018277036026120186,
8398,8398,0.017783379182219505,
8399,8399,,0.018090276047587395
8399,8399,0.018090276047587395,
8400,8400,0.017871025949716568,
8401,8401,0.018175967037677765,
8402,8402,0.018323438242077827,
8403,8403,0.01830422319471836,
8404,8404,0.017584174871444702,
8405,8405,0.01867656782269478,
8406,8406,0.01779225282371044,
8407,8407,0.017513863742351532,
8408,8408,0.017761003226041794,
8409,8409,0.018618112429976463,
8410,8410,0.017806805670261383,
8411,8411,0.018666526302695274,
8412,8412,0.01816965825855732,
8413,8413,0.01827806606888771,
8414,8414,0.017364710569381714,
8415,8415,0.01790834218263626,
8416,8416,0.018372667953372,
8417,8417,0.017909834161400795,
8418,8418,0.016734547913074493,
8419,8419,0.0177516657859087,
8420,8420,0.018114732578396797,
8421,8421,0.01788329891860485,
8422,8422,0.017900262027978897,
8423,8423,0.01769782043993473,
8424,8424,0.018242880702018738,
8425,8425,0.018012309446930885,
8426,8426,0.019350510090589523,
8427,8427,0.017945384606719017,
8428,8428,0.019136931747198105,
8429,8429,0.018102845177054405,
8430,8430,0.018799632787704468,
8431,8431,0.017402013763785362,
8432,8432,0.018111541867256165,
8433,8433,0.018991705030202866,
8434,8434,0.018140777945518494,
8435,8435,0.018358461558818817,
8436,8436,0.017626846209168434,
8437,8437,0.016942152753472328,
8438,8438,0.017594320699572563,
8439,8439,0.017677398398518562,
8440,8440,0.017787329852581024,
8441,8441,0.018383316695690155,
8442,8442,0.01720941811800003,
8443,8443,0.018074292689561844,
8444,8444,0.018030181527137756,
8445,8445,0.017326369881629944,
8446,8446,0.018157407641410828,
8447,8447,0.01784500852227211,
8448,8448,0.017829731106758118,
8449,8449,,0.017106899991631508
8449,8449,0.017106899991631508,
8450,8450,0.017640085890889168,
8451,8451,0.016373999416828156,
8452,8452,0.017703577876091003,
8453,8453,0.018230492249131203,
8454,8454,0.017357472330331802,
8455,8455,0.01819649152457714,
8456,8456,0.017906220629811287,
8457,8457,0.018258370459079742,
8458,8458,0.0180479995906353,
8459,8459,0.018438560888171196,
8460,8460,0.018152372911572456,
8461,8461,0.01742110215127468,
8462,8462,0.017680175602436066,
8463,8463,0.01827164739370346,
8464,8464,0.01718149520456791,
8465,8465,0.017009317874908447,
8466,8466,0.017837874591350555,
8467,8467,0.01765843667089939,
8468,8468,0.01778375916182995,
8469,8469,0.01808646135032177,
8470,8470,0.017621787264943123,
8471,8471,0.01808946393430233,
8472,8472,0.01734030619263649,
8473,8473,0.018520841374993324,
8474,8474,0.018260309472680092,
8475,8475,0.017495136708021164,
8476,8476,0.018338508903980255,
8477,8477,0.017901642248034477,
8478,8478,0.01623028703033924,
8479,8479,0.01775141805410385,
8480,8480,0.018786903470754623,
8481,8481,0.017595568671822548,
8482,8482,0.018209442496299744,
8483,8483,0.01813030242919922,
8484,8484,0.018039600923657417,
8485,8485,0.01804516464471817,
8486,8486,0.018176244571805,
8487,8487,0.01815623603761196,
8488,8488,0.01764729619026184,
8489,8489,0.018422098830342293,
8490,8490,0.017703117802739143,
8491,8491,0.017927538603544235,
8492,8492,0.018445419147610664,
8493,8493,0.01805827021598816,
8494,8494,0.016460629180073738,
8495,8495,0.017871221527457237,
8496,8496,0.01803717575967312,
8497,8497,0.01800784282386303,
8498,8498,0.017863303422927856,
8499,8499,,0.01747262477874756
8499,8499,0.01747262477874756,
8500,8500,0.01813858188688755,
8501,8501,0.0181585606187582,
8502,8502,0.017908822745084763,
8503,8503,0.017786096781492233,
8504,8504,0.01842634193599224,
8505,8505,0.017544647678732872,
8506,8506,0.017851535230875015,
8507,8507,0.017840277403593063,
8508,8508,0.01755816675722599,
8509,8509,0.01794113591313362,
8510,8510,0.017838170751929283,
8511,8511,0.01731085032224655,
8512,8512,0.017883023247122765,
8513,8513,0.01798657327890396,
8514,8514,0.016885533928871155,
8515,8515,0.018064355477690697,
8516,8516,0.017610672861337662,
8517,8517,0.018767835572361946,
8518,8518,0.017153222113847733,
8519,8519,0.017655866220593452,
8520,8520,0.017857326194643974,
8521,8521,0.018436208367347717,
8522,8522,0.017942093312740326,
8523,8523,0.017692197114229202,
8524,8524,0.017370717599987984,
8525,8525,0.01737883873283863,
8526,8526,0.017964959144592285,
8527,8527,0.01796741783618927,
8528,8528,0.017780451104044914,
8529,8529,0.01785038411617279,
8530,8530,0.017402537167072296,
8531,8531,0.01752316765487194,
8532,8532,0.017650768160820007,
8533,8533,0.018013792112469673,
8534,8534,0.018055075779557228,
8535,8535,0.017868507653474808,
8536,8536,0.017955120652914047,
8537,8537,0.018624719232320786,
8538,8538,0.01789354346692562,
8539,8539,0.017936857417225838,
8540,8540,0.01810348592698574,
8541,8541,0.018137844279408455,
8542,8542,0.018017256632447243,
8543,8543,0.01896967738866806,
8544,8544,0.016682252287864685,
8545,8545,0.01789274998009205,
8546,8546,0.017863404005765915,
8547,8547,0.017929112538695335,
8548,8548,0.017748091369867325,
8549,8549,,0.01834103837609291
8549,8549,0.01834103837609291,
8550,8550,0.018159814178943634,
8551,8551,0.01773843541741371,
8552,8552,0.017773907631635666,
8553,8553,0.017628604546189308,
8554,8554,0.018549250438809395,
8555,8555,0.01814056932926178,
8556,8556,0.017915191128849983,
8557,8557,0.017930932343006134,
8558,8558,0.017142686992883682,
8559,8559,0.01779511384665966,
8560,8560,0.01758221909403801,
8561,8561,0.018093938007950783,
8562,8562,0.017856940627098083,
8563,8563,0.018741343170404434,
8564,8564,0.017710937187075615,
8565,8565,0.018326731398701668,
8566,8566,0.017351888120174408,
8567,8567,0.017953786998987198,
8568,8568,0.01821143366396427,
8569,8569,0.017273006960749626,
8570,8570,0.017960062250494957,
8571,8571,0.017797179520130157,
8572,8572,0.017262248322367668,
8573,8573,0.017581813037395477,
8574,8574,0.0180246289819479,
8575,8575,0.01743413507938385,
8576,8576,0.01823553815484047,
8577,8577,0.01847127452492714,
8578,8578,0.017431067302823067,
8579,8579,0.01802723854780197,
8580,8580,0.017398053780198097,
8581,8581,0.017682336270809174,
8582,8582,0.018239488825201988,
8583,8583,0.017322352156043053,
8584,8584,0.018599722534418106,
8585,8585,0.017632702365517616,
8586,8586,0.017885573208332062,
8587,8587,0.01732911355793476,
8588,8588,0.018399659544229507,
8589,8589,0.018065720796585083,
8590,8590,0.0168091282248497,
8591,8591,0.01851406879723072,
8592,8592,0.018275359645485878,
8593,8593,0.017758559435606003,
8594,8594,0.018796615302562714,
8595,8595,0.01850823499262333,
8596,8596,0.017503362149000168,
8597,8597,0.018009888008236885,
8598,8598,0.017830753698945045,
8599,8599,,0.017720703035593033
8599,8599,0.017720703035593033,
8600,8600,0.017396247014403343,
8601,8601,0.017754269763827324,
8602,8602,0.018440715968608856,
8603,8603,0.017987752333283424,
8604,8604,0.017025018110871315,
8605,8605,0.01782478764653206,
8606,8606,0.01853083446621895,
8607,8607,0.01747376099228859,
8608,8608,0.017411215230822563,
8609,8609,0.016408786177635193,
8610,8610,0.01726667582988739,
8611,8611,0.017732223495841026,
8612,8612,0.017343277111649513,
8613,8613,0.017501981928944588,
8614,8614,0.017789306119084358,
8615,8615,0.018271325156092644,
8616,8616,0.01732465624809265,
8617,8617,0.017554404214024544,
8618,8618,0.01811407506465912,
8619,8619,0.017543405294418335,
8620,8620,0.017865851521492004,
8621,8621,0.017389114946126938,
8622,8622,0.017273683100938797,
8623,8623,0.017689138650894165,
8624,8624,0.018442293629050255,
8625,8625,0.01754327118396759,
8626,8626,0.018335552886128426,
8627,8627,0.01775379292666912,
8628,8628,0.017890891060233116,
8629,8629,0.017949102446436882,
8630,8630,0.018270518630743027,
8631,8631,0.017939690500497818,
8632,8632,0.017901429906487465,
8633,8633,0.0174307432025671,
8634,8634,0.017818469554185867,
8635,8635,0.017551248893141747,
8636,8636,0.01771405339241028,
8637,8637,0.018311385065317154,
8638,8638,0.018493209034204483,
8639,8639,0.017620669677853584,
8640,8640,0.018133612349629402,
8641,8641,0.017642980441451073,
8642,8642,0.017387600615620613,
8643,8643,0.017709210515022278,
8644,8644,0.018161611631512642,
8645,8645,0.018619535490870476,
8646,8646,0.017945490777492523,
8647,8647,0.017897147685289383,
8648,8648,0.017818769440054893,
8649,8649,,0.01789277419447899
8649,8649,0.01789277419447899,
8650,8650,0.017464984208345413,
8651,8651,0.018337804824113846,
8652,8652,0.01729009486734867,
8653,8653,0.01846601627767086,
8654,8654,0.01671907864511013,
8655,8655,0.017457235604524612,
8656,8656,0.017869047820568085,
8657,8657,0.01777392067015171,
8658,8658,0.017995070666074753,
8659,8659,0.01787753403186798,
8660,8660,0.017886992543935776,
8661,8661,0.01772870309650898,
8662,8662,0.0179399736225605,
8663,8663,0.018525253981351852,
8664,8664,0.017878003418445587,
8665,8665,0.017895737662911415,
8666,8666,0.017513908445835114,
8667,8667,0.01781286858022213,
8668,8668,0.01773066259920597,
8669,8669,0.018031878396868706,
8670,8670,0.01688532903790474,
8671,8671,0.018238535150885582,
8672,8672,0.01791282556951046,
8673,8673,0.017706269398331642,
8674,8674,0.017401624470949173,
8675,8675,0.01790902577340603,
8676,8676,0.017665496096014977,
8677,8677,0.017773320898413658,
8678,8678,0.01767817698419094,
8679,8679,0.01779204048216343,
8680,8680,0.018056612461805344,
8681,8681,0.017861325293779373,
8682,8682,0.017873171716928482,
8683,8683,0.017084013670682907,
8684,8684,0.01686398871243,
8685,8685,0.017099428921937943,
8686,8686,0.017880598083138466,
8687,8687,0.017620287835597992,
8688,8688,0.01753205992281437,
8689,8689,0.016969380900263786,
8690,8690,0.01773194968700409,
8691,8691,0.01776805892586708,
8692,8692,0.018001055344939232,
8693,8693,0.016588376834988594,
8694,8694,0.017104029655456543,
8695,8695,0.01795348897576332,
8696,8696,0.017355673015117645,
8697,8697,0.017866365611553192,
8698,8698,0.01727457344532013,
8699,8699,,0.016836144030094147
8699,8699,0.016836144030094147,
8700,8700,0.018035979941487312,
8701,8701,0.018049614503979683,
8702,8702,0.01675271987915039,
8703,8703,0.017850514501333237,
8704,8704,0.017662351951003075,
8705,8705,0.01715284399688244,
8706,8706,0.018058519810438156,
8707,8707,0.01761496439576149,
8708,8708,0.017387524247169495,
8709,8709,0.017496230080723763,
8710,8710,0.01765936054289341,
8711,8711,0.017307478934526443,
8712,8712,0.018053438514471054,
8713,8713,0.017551282420754433,
8714,8714,0.017778871580958366,
8715,8715,0.017701733857393265,
8716,8716,0.01756907068192959,
8717,8717,0.017418300732970238,
8718,8718,0.016868799924850464,
8719,8719,0.017458312213420868,
8720,8720,0.018835190683603287,
8721,8721,0.01748913899064064,
8722,8722,0.018143849447369576,
8723,8723,0.016693009063601494,
8724,8724,0.017848322167992592,
8725,8725,0.017806239426136017,
8726,8726,0.01714904233813286,
8727,8727,0.017696255818009377,
8728,8728,0.017031634226441383,
8729,8729,0.017908792942762375,
8730,8730,0.016573654487729073,
8731,8731,0.017557287588715553,
8732,8732,0.018132224678993225,
8733,8733,0.017186855897307396,
8734,8734,0.017607638612389565,
8735,8735,0.01819477044045925,
8736,8736,0.017545582726597786,
8737,8737,0.01826581172645092,
8738,8738,0.01789182983338833,
8739,8739,0.017392713576555252,
8740,8740,0.017182860523462296,
8741,8741,0.017012564465403557,
8742,8742,0.018823005259037018,
8743,8743,0.017947999760508537,
8744,8744,0.01770424097776413,
8745,8745,0.017692219465970993,
8746,8746,0.017792414873838425,
8747,8747,0.01774761453270912,
8748,8748,0.01764608733355999,
8749,8749,,0.017687706276774406
8749,8749,0.017687706276774406,
8750,8750,0.01761590503156185,
8751,8751,0.0178199652582407,
8752,8752,0.017918206751346588,
8753,8753,0.01724442094564438,
8754,8754,0.0176931731402874,
8755,8755,0.01728169247508049,
8756,8756,0.017583785578608513,
8757,8757,0.018029091879725456,
8758,8758,0.01756061427295208,
8759,8759,0.01787290908396244,
8760,8760,0.017520086839795113,
8761,8761,0.017758870497345924,
8762,8762,0.017551086843013763,
8763,8763,0.01752224564552307,
8764,8764,0.016809383407235146,
8765,8765,0.01790858618915081,
8766,8766,0.018304338678717613,
8767,8767,0.018122198060154915,
8768,8768,0.017509227618575096,
8769,8769,0.017772702500224113,
8770,8770,0.017311636358499527,
8771,8771,0.017379693686962128,
8772,8772,0.018184440210461617,
8773,8773,0.01773635670542717,
8774,8774,0.017231646925210953,
8775,8775,0.018060404807329178,
8776,8776,0.01743491366505623,
8777,8777,0.01698838360607624,
8778,8778,0.017592430114746094,
8779,8779,0.017042718827724457,
8780,8780,0.017443710938096046,
8781,8781,0.017175814136862755,
8782,8782,0.01819034479558468,
8783,8783,0.01828121952712536,
8784,8784,0.01675909198820591,
8785,8785,0.01779622957110405,
8786,8786,0.017772817984223366,
8787,8787,0.01755507104098797,
8788,8788,0.018191343173384666,
8789,8789,0.017986129969358444,
8790,8790,0.018004627898335457,
8791,8791,0.017437370494008064,
8792,8792,0.017654813826084137,
8793,8793,0.017494510859251022,
8794,8794,0.016614006832242012,
8795,8795,0.01742474175989628,
8796,8796,0.01759554073214531,
8797,8797,0.017422914505004883,
8798,8798,0.018286030739545822,
8799,8799,,0.017258355394005775
8799,8799,0.017258355394005775,
8800,8800,0.017918424680829048,
8801,8801,0.017714934423565865,
8802,8802,0.0178587194532156,
8803,8803,0.01733434945344925,
8804,8804,0.01742052473127842,
8805,8805,0.017502158880233765,
8806,8806,0.017333881929516792,
8807,8807,0.01821620762348175,
8808,8808,0.01765735261142254,
8809,8809,0.01730356365442276,
8810,8810,0.01782464049756527,
8811,8811,0.01852269098162651,
8812,8812,0.016571739688515663,
8813,8813,0.01744898222386837,
8814,8814,0.01742762140929699,
8815,8815,0.017855053767561913,
8816,8816,0.018153831362724304,
8817,8817,0.017885345965623856,
8818,8818,0.017544575035572052,
8819,8819,0.017991626635193825,
8820,8820,0.01769930124282837,
8821,8821,0.018281595781445503,
8822,8822,0.017284546047449112,
8823,8823,0.017912881448864937,
8824,8824,0.017980974167585373,
8825,8825,0.017568020150065422,
8826,8826,0.017251556739211082,
8827,8827,0.016938524320721626,
8828,8828,0.01661093719303608,
8829,8829,0.017535272985696793,
8830,8830,0.017425617203116417,
8831,8831,0.018130620941519737,
8832,8832,0.017349986359477043,
8833,8833,0.01728491298854351,
8834,8834,0.017594728618860245,
8835,8835,0.016989709809422493,
8836,8836,0.017383422702550888,
8837,8837,0.018709994852542877,
8838,8838,0.01701832003891468,
8839,8839,0.017464352771639824,
8840,8840,0.018257612362504005,
8841,8841,0.01663418672978878,
8842,8842,0.017717411741614342,
8843,8843,0.01756872795522213,
8844,8844,0.017642656341195107,
8845,8845,0.01752745360136032,
8846,8846,0.017571721225976944,
8847,8847,0.017537416890263557,
8848,8848,0.01736440137028694,
8849,8849,,0.017264973372220993
8849,8849,0.017264973372220993,
8850,8850,0.01775236800312996,
8851,8851,0.017055004835128784,
8852,8852,0.01742442324757576,
8853,8853,0.0169021375477314,
8854,8854,0.018156493082642555,
8855,8855,0.018051518127322197,
8856,8856,0.017423568293452263,
8857,8857,0.016932087019085884,
8858,8858,0.018108448013663292,
8859,8859,0.017472824081778526,
8860,8860,0.016992799937725067,
8861,8861,0.017435327172279358,
8862,8862,0.01724347658455372,
8863,8863,0.01765448972582817,
8864,8864,0.017277449369430542,
8865,8865,0.017413334921002388,
8866,8866,0.018060773611068726,
8867,8867,0.017300354316830635,
8868,8868,0.018364522606134415,
8869,8869,0.017316026613116264,
8870,8870,0.017192203551530838,
8871,8871,0.0173643846064806,
8872,8872,0.01757759228348732,
8873,8873,0.017646417021751404,
8874,8874,0.017417587339878082,
8875,8875,0.01742435432970524,
8876,8876,0.01752069965004921,
8877,8877,0.01784699037671089,
8878,8878,0.017264600843191147,
8879,8879,0.017758289352059364,
8880,8880,0.017705148085951805,
8881,8881,0.017224561423063278,
8882,8882,0.017873363569378853,
8883,8883,0.01750621572136879,
8884,8884,0.017798274755477905,
8885,8885,0.01706632599234581,
8886,8886,0.018007230013608932,
8887,8887,0.017130013555288315,
8888,8888,0.017352113500237465,
8889,8889,0.016932222992181778,
8890,8890,0.017724210396409035,
8891,8891,0.017270086333155632,
8892,8892,0.017486630007624626,
8893,8893,0.01753596030175686,
8894,8894,0.016668926924467087,
8895,8895,0.017115846276283264,
8896,8896,0.01775573566555977,
8897,8897,0.016938839107751846,
8898,8898,0.01747780852019787,
8899,8899,,0.017127852886915207
8899,8899,0.017127852886915207,
8900,8900,0.017165260389447212,
8901,8901,0.018469003960490227,
8902,8902,0.017231158912181854,
8903,8903,0.017261866480112076,
8904,8904,0.01831696927547455,
8905,8905,0.01744198612868786,
8906,8906,0.01661531999707222,
8907,8907,0.018359392881393433,
8908,8908,0.01769333891570568,
8909,8909,0.017625000327825546,
8910,8910,0.017854077741503716,
8911,8911,0.017468884587287903,
8912,8912,0.017857322469353676,
8913,8913,0.017666108906269073,
8914,8914,0.016617553308606148,
8915,8915,0.01847463846206665,
8916,8916,0.01668325997889042,
8917,8917,0.017450422048568726,
8918,8918,0.017627060413360596,
8919,8919,0.01656768098473549,
8920,8920,0.017248213291168213,
8921,8921,0.01838257908821106,
8922,8922,0.01719520427286625,
8923,8923,0.016552327200770378,
8924,8924,0.01752077043056488,
8925,8925,0.017099853605031967,
8926,8926,0.01752890646457672,
8927,8927,0.01727123372256756,
8928,8928,0.018039967864751816,
8929,8929,0.01719892956316471,
8930,8930,0.017554903402924538,
8931,8931,0.01748589612543583,
8932,8932,0.017646178603172302,
8933,8933,0.018548699095845222,
8934,8934,0.01857844367623329,
8935,8935,0.017388319596648216,
8936,8936,0.01700063794851303,
8937,8937,0.01683916337788105,
8938,8938,0.017405927181243896,
8939,8939,0.017978297546505928,
8940,8940,0.017302924767136574,
8941,8941,0.016718562692403793,
8942,8942,0.017195770516991615,
8943,8943,0.017705585807561874,
8944,8944,0.017820077016949654,
8945,8945,0.0173173937946558,
8946,8946,0.01761387102305889,
8947,8947,0.018101036548614502,
8948,8948,0.017823601141572,
8949,8949,,0.016677532345056534
8949,8949,0.016677532345056534,
8950,8950,0.01730210706591606,
8951,8951,0.017257535830140114,
8952,8952,0.018007971346378326,
8953,8953,0.017279190942645073,
8954,8954,0.017439905554056168,
8955,8955,0.01718788594007492,
8956,8956,0.017563777044415474,
8957,8957,0.017282219603657722,
8958,8958,0.016673963516950607,
8959,8959,0.018104860559105873,
8960,8960,0.01807497814297676,
8961,8961,0.017876723781228065,
8962,8962,0.017217926681041718,
8963,8963,0.017980337142944336,
8964,8964,0.017552567645907402,
8965,8965,0.01696058176457882,
8966,8966,0.0168983843177557,
8967,8967,0.017180204391479492,
8968,8968,0.01745418645441532,
8969,8969,0.01673058234155178,
8970,8970,0.01846388168632984,
8971,8971,0.017681624740362167,
8972,8972,0.016976695507764816,
8973,8973,0.017231125384569168,
8974,8974,0.0174937192350626,
8975,8975,0.017381692305207253,
8976,8976,0.017541540786623955,
8977,8977,0.01584663614630699,
8978,8978,0.017207518219947815,
8979,8979,0.01737363077700138,
8980,8980,0.01821955107152462,
8981,8981,0.01717483438551426,
8982,8982,0.017198501154780388,
8983,8983,0.017042681574821472,
8984,8984,0.017153557389974594,
8985,8985,0.018172547221183777,
8986,8986,0.018492111936211586,
8987,8987,0.018194889649748802,
8988,8988,0.017275359481573105,
8989,8989,0.017812931910157204,
8990,8990,0.01713700406253338,
8991,8991,0.01728665642440319,
8992,8992,0.016816122457385063,
8993,8993,0.01723272167146206,
8994,8994,0.017411792650818825,
8995,8995,0.01732759363949299,
8996,8996,0.017191428691148758,
8997,8997,0.016789525747299194,
8998,8998,0.01675320416688919,
8999,8999,,0.01705346442759037
8999,8999,0.01705346442759037,
9000,9000,0.018419306725263596,
9001,9001,0.01775532215833664,
9002,9002,0.017197318375110626,
9003,9003,0.01756221242249012,
9004,9004,0.017491038888692856,
9005,9005,0.017663603648543358,
9006,9006,0.017387738451361656,
9007,9007,0.017538102343678474,
9008,9008,0.017186017706990242,
9009,9009,0.01688370853662491,
9010,9010,0.017074333503842354,
9011,9011,0.017020229250192642,
9012,9012,0.017326924949884415,
9013,9013,0.017272591590881348,
9014,9014,0.01667952351272106,
9015,9015,0.017610320821404457,
9016,9016,0.017665278166532516,
9017,9017,0.017107639461755753,
9018,9018,0.017115533351898193,
9019,9019,0.017157459631562233,
9020,9020,0.01775539293885231,
9021,9021,0.01737591065466404,
9022,9022,0.016657626256346703,
9023,9023,0.01740249991416931,
9024,9024,0.016819516196846962,
9025,9025,0.017902527004480362,
9026,9026,0.017363179475069046,
9027,9027,0.017131371423602104,
9028,9028,0.01706954836845398,
9029,9029,0.017508188262581825,
9030,9030,0.01731560379266739,
9031,9031,0.01667794957756996,
9032,9032,0.017332488670945168,
9033,9033,0.01703459396958351,
9034,9034,0.017427826300263405,
9035,9035,0.016935210675001144,
9036,9036,0.017016250640153885,
9037,9037,0.016902612522244453,
9038,9038,0.017390714958310127,
9039,9039,0.017221935093402863,
9040,9040,0.01776704750955105,
9041,9041,0.017350777983665466,
9042,9042,0.016788987442851067,
9043,9043,0.017173239961266518,
9044,9044,0.017292818054556847,
9045,9045,0.017238371074199677,
9046,9046,0.017054984346032143,
9047,9047,0.016741184517741203,
9048,9048,0.017529351636767387,
9049,9049,,0.018820729106664658
9049,9049,0.018820729106664658,
9050,9050,0.017652474343776703,
9051,9051,0.0170424971729517,
9052,9052,0.01767372339963913,
9053,9053,0.017913883551955223,
9054,9054,0.01685382053256035,
9055,9055,0.017177283763885498,
9056,9056,0.017357375472784042,
9057,9057,0.017895879223942757,
9058,9058,0.017037691548466682,
9059,9059,0.01731910929083824,
9060,9060,0.01797093078494072,
9061,9061,0.01732547953724861,
9062,9062,0.017152123153209686,
9063,9063,0.016585491597652435,
9064,9064,0.018312135711312294,
9065,9065,0.017458124086260796,
9066,9066,0.01782563142478466,
9067,9067,0.017308004200458527,
9068,9068,0.017838649451732635,
9069,9069,0.017142722383141518,
9070,9070,0.01766340248286724,
9071,9071,0.01732831634581089,
9072,9072,0.017467379570007324,
9073,9073,0.016665926203131676,
9074,9074,0.017521921545267105,
9075,9075,0.017329687252640724,
9076,9076,0.017216548323631287,
9077,9077,0.017144057899713516,
9078,9078,0.01735737919807434,
9079,9079,0.01708848588168621,
9080,9080,0.016959773376584053,
9081,9081,0.017282748594880104,
9082,9082,0.016251197084784508,
9083,9083,0.01696496643126011,
9084,9084,0.017485886812210083,
9085,9085,0.018460044637322426,
9086,9086,0.017090830951929092,
9087,9087,0.01747543178498745,
9088,9088,0.01758550852537155,
9089,9089,0.016706669703125954,
9090,9090,0.017165621742606163,
9091,9091,0.016901176422834396,
9092,9092,0.016801560297608376,
9093,9093,0.01760038733482361,
9094,9094,0.017097238451242447,
9095,9095,0.01810232549905777,
9096,9096,0.017632996663451195,
9097,9097,0.017288096249103546,
9098,9098,0.0167593602091074,
9099,9099,,0.016878824681043625
9099,9099,0.016878824681043625,
9100,9100,0.016534438356757164,
9101,9101,0.01744353212416172,
9102,9102,0.017456358298659325,
9103,9103,0.01722906157374382,
9104,9104,0.01714291237294674,
9105,9105,0.016974400728940964,
9106,9106,0.017160413786768913,
9107,9107,0.018007459118962288,
9108,9108,0.017311235889792442,
9109,9109,0.01709594950079918,
9110,9110,0.016927199438214302,
9111,9111,0.01672149822115898,
9112,9112,0.016973823308944702,
9113,9113,0.016604075208306313,
9114,9114,0.01745135895907879,
9115,9115,0.01771346665918827,
9116,9116,0.016759898513555527,
9117,9117,0.01703515835106373,
9118,9118,0.017017433419823647,
9119,9119,0.0171621385961771,
9120,9120,0.016771875321865082,
9121,9121,0.016725560650229454,
9122,9122,0.017267413437366486,
9123,9123,0.016572020947933197,
9124,9124,0.01717185415327549,
9125,9125,0.017397569492459297,
9126,9126,0.017936982214450836,
9127,9127,0.0163011122494936,
9128,9128,0.017375189810991287,
9129,9129,0.016571946442127228,
9130,9130,0.01708775945007801,
9131,9131,0.017209552228450775,
9132,9132,0.017022814601659775,
9133,9133,0.017905235290527344,
9134,9134,0.017285391688346863,
9135,9135,0.017156729474663734,
9136,9136,0.01707080751657486,
9137,9137,0.017158498987555504,
9138,9138,0.01664973981678486,
9139,9139,0.016985101625323296,
9140,9140,0.017086338251829147,
9141,9141,0.017038632184267044,
9142,9142,0.017079761251807213,
9143,9143,0.016729701310396194,
9144,9144,0.017322873696684837,
9145,9145,0.017395254224538803,
9146,9146,0.0166240856051445,
9147,9147,0.01698884554207325,
9148,9148,0.01701178029179573,
9149,9149,,0.015999704599380493
9149,9149,0.015999704599380493,
9150,9150,0.017190223559737206,
9151,9151,0.016855552792549133,
9152,9152,0.01616656221449375,
9153,9153,0.017479129135608673,
9154,9154,0.016410063952207565,
9155,9155,0.017622875049710274,
9156,9156,0.016992095857858658,
9157,9157,0.017780615016818047,
9158,9158,0.016528846696019173,
9159,9159,0.017587941139936447,
9160,9160,0.017566600814461708,
9161,9161,0.017374981194734573,
9162,9162,0.017407173290848732,
9163,9163,0.017648188397288322,
9164,9164,0.017438136041164398,
9165,9165,0.01642688922584057,
9166,9166,0.016517288982868195,
9167,9167,0.017653683200478554,
9168,9168,0.017154550179839134,
9169,9169,0.017632773146033287,
9170,9170,0.0168219693005085,
9171,9171,0.01679384894669056,
9172,9172,0.015684306621551514,
9173,9173,0.01659799925982952,
9174,9174,0.018111150711774826,
9175,9175,0.017017804086208344,
9176,9176,0.01694687455892563,
9177,9177,0.017072265967726707,
9178,9178,0.017056535929441452,
9179,9179,0.01732218824326992,
9180,9180,0.01697479374706745,
9181,9181,0.01703695021569729,
9182,9182,0.017401300370693207,
9183,9183,0.016683317720890045,
9184,9184,0.017812103033065796,
9185,9185,0.017008498311042786,
9186,9186,0.017542337998747826,
9187,9187,0.0173709187656641,
9188,9188,0.016576331108808517,
9189,9189,0.017124922946095467,
9190,9190,0.0170134250074625,
9191,9191,0.015980975702404976,
9192,9192,0.017679734155535698,
9193,9193,0.0162670761346817,
9194,9194,0.01689164526760578,
9195,9195,0.017095789313316345,
9196,9196,0.01690349169075489,
9197,9197,0.017544584348797798,
9198,9198,0.01681344024837017,
9199,9199,,0.017046550288796425
9199,9199,0.017046550288796425,
9200,9200,0.016888350248336792,
9201,9201,0.016894400119781494,
9202,9202,0.01698559895157814,
9203,9203,0.01719859056174755,
9204,9204,0.01704452931880951,
9205,9205,0.017239317297935486,
9206,9206,0.016906213015317917,
9207,9207,0.017111757770180702,
9208,9208,0.01693238504230976,
9209,9209,0.016912288963794708,
9210,9210,0.01706513948738575,
9211,9211,0.016869882121682167,
9212,9212,0.017129061743617058,
9213,9213,0.017276596277952194,
9214,9214,0.016830570995807648,
9215,9215,0.01696363277733326,
9216,9216,0.017049962654709816,
9217,9217,0.01605701819062233,
9218,9218,0.0171369481831789,
9219,9219,0.016146047040820122,
9220,9220,0.0166696235537529,
9221,9221,0.01709301769733429,
9222,9222,0.016250278800725937,
9223,9223,0.01676863804459572,
9224,9224,0.017200488597154617,
9225,9225,0.0168345607817173,
9226,9226,0.01689736917614937,
9227,9227,0.017483899369835854,
9228,9228,0.01690070889890194,
9229,9229,0.01693025976419449,
9230,9230,0.016773423179984093,
9231,9231,0.017051974311470985,
9232,9232,0.01728302240371704,
9233,9233,0.017828917130827904,
9234,9234,0.016411960124969482,
9235,9235,0.017211271449923515,
9236,9236,0.017856668680906296,
9237,9237,0.016442248597741127,
9238,9238,0.016479507088661194,
9239,9239,0.01725814864039421,
9240,9240,0.01708376407623291,
9241,9241,0.017549755051732063,
9242,9242,0.017433572560548782,
9243,9243,0.016671154648065567,
9244,9244,0.017167020589113235,
9245,9245,0.016026267781853676,
9246,9246,0.017775313928723335,
9247,9247,0.017844634130597115,
9248,9248,0.01711207441985607,
9249,9249,,0.0168160330504179
9249,9249,0.0168160330504179,
9250,9250,0.015561659820377827,
9251,9251,0.01727314107120037,
9252,9252,0.017215436324477196,
9253,9253,0.016966598108410835,
9254,9254,0.016082454472780228,
9255,9255,0.017009545117616653,
9256,9256,0.016939453780651093,
9257,9257,0.01735830493271351,
9258,9258,0.016884038224816322,
9259,9259,0.016391940414905548,
9260,9260,0.017306173220276833,
9261,9261,0.016751538962125778,
9262,9262,0.017072506248950958,
9263,9263,0.015860935673117638,
9264,9264,0.017676370218396187,
9265,9265,0.017274221405386925,
9266,9266,0.01660994440317154,
9267,9267,0.017418233677744865,
9268,9268,0.016638129949569702,
9269,9269,0.0165760088711977,
9270,9270,0.017603643238544464,
9271,9271,0.01632060669362545,
9272,9272,0.017570698633790016,
9273,9273,0.016991909593343735,
9274,9274,0.016917353495955467,
9275,9275,0.016308702528476715,
9276,9276,0.01705336384475231,
9277,9277,0.017213458195328712,
9278,9278,0.016761954873800278,
9279,9279,0.017158910632133484,
9280,9280,0.01693340763449669,
9281,9281,0.01673758588731289,
9282,9282,0.017448360100388527,
9283,9283,0.016802702099084854,
9284,9284,0.017572475597262383,
9285,9285,0.017432527616620064,
9286,9286,0.017061421647667885,
9287,9287,0.016954736784100533,
9288,9288,0.016676316037774086,
9289,9289,0.01698518544435501,
9290,9290,0.016566958278417587,
9291,9291,0.0167981144040823,
9292,9292,0.016130248084664345,
9293,9293,0.01667625643312931,
9294,9294,0.017094822600483894,
9295,9295,0.01702689938247204,
9296,9296,0.01685536652803421,
9297,9297,0.017342280596494675,
9298,9298,0.0173079501837492,
9299,9299,,0.016986289992928505
9299,9299,0.016986289992928505,
9300,9300,0.017232190817594528,
9301,9301,0.016955750063061714,
9302,9302,0.017003849148750305,
9303,9303,0.0177126657217741,
9304,9304,0.017023904249072075,
9305,9305,0.01697484962642193,
9306,9306,0.01688309572637081,
9307,9307,0.016925614327192307,
9308,9308,0.017371827736496925,
9309,9309,0.017247362062335014,
9310,9310,0.0167229063808918,
9311,9311,0.01702299900352955,
9312,9312,0.016475388780236244,
9313,9313,0.016104312613606453,
9314,9314,0.017224693670868874,
9315,9315,0.017146548256278038,
9316,9316,0.016902320086956024,
9317,9317,0.016128825023770332,
9318,9318,0.01716606132686138,
9319,9319,0.01643345318734646,
9320,9320,0.017219303175807,
9321,9321,0.01704886555671692,
9322,9322,0.016945775598287582,
9323,9323,0.01682535745203495,
9324,9324,0.017061518505215645,
9325,9325,0.01667499542236328,
9326,9326,0.01687273569405079,
9327,9327,0.015773432329297066,
9328,9328,0.017336344346404076,
9329,9329,0.016449620947241783,
9330,9330,0.01709054410457611,
9331,9331,0.016970889642834663,
9332,9332,0.01658415049314499,
9333,9333,0.01675165444612503,
9334,9334,0.01670018397271633,
9335,9335,0.01685335300862789,
9336,9336,0.01691439561545849,
9337,9337,0.017161404713988304,
9338,9338,0.01710575819015503,
9339,9339,0.0166429802775383,
9340,9340,0.016941012814641,
9341,9341,0.016554124653339386,
9342,9342,0.01688368059694767,
9343,9343,0.017044993117451668,
9344,9344,0.017346706241369247,
9345,9345,0.01717541366815567,
9346,9346,0.01706038787961006,
9347,9347,0.016923850402235985,
9348,9348,0.017554551362991333,
9349,9349,,0.016817452386021614
9349,9349,0.016817452386021614,
9350,9350,0.01674327440559864,
9351,9351,0.016983963549137115,
9352,9352,0.01718476600944996,
9353,9353,0.017592446878552437,
9354,9354,0.01738274283707142,
9355,9355,0.017002303153276443,
9356,9356,0.016023831441998482,
9357,9357,0.01599864661693573,
9358,9358,0.016810238361358643,
9359,9359,0.01674359105527401,
9360,9360,0.016449684277176857,
9361,9361,0.017096592113375664,
9362,9362,0.016711466014385223,
9363,9363,0.01670408435165882,
9364,9364,0.01676246151328087,
9365,9365,0.01661389134824276,
9366,9366,0.01643783412873745,
9367,9367,0.0167502723634243,
9368,9368,0.01680256798863411,
9369,9369,0.01683790050446987,
9370,9370,0.01650048978626728,
9371,9371,0.017165910452604294,
9372,9372,0.016316017135977745,
9373,9373,0.017167363315820694,
9374,9374,0.01662292517721653,
9375,9375,0.01735319383442402,
9376,9376,0.016602518036961555,
9377,9377,0.016798626631498337,
9378,9378,0.016538510099053383,
9379,9379,0.01667986437678337,
9380,9380,0.01651386171579361,
9381,9381,0.017184622585773468,
9382,9382,0.0170852392911911,
9383,9383,0.01670885644853115,
9384,9384,0.01653759554028511,
9385,9385,0.016237538307905197,
9386,9386,0.016933806240558624,
9387,9387,0.01648004539310932,
9388,9388,0.01611775904893875,
9389,9389,0.016357090324163437,
9390,9390,0.01710522547364235,
9391,9391,0.016424259170889854,
9392,9392,0.0176397692412138,
9393,9393,0.016782445833086967,
9394,9394,0.016827380284667015,
9395,9395,0.017321454361081123,
9396,9396,0.016741273924708366,
9397,9397,0.017075760290026665,
9398,9398,0.016596702858805656,
9399,9399,,0.016004078090190887
9399,9399,0.016004078090190887,
9400,9400,0.01747077703475952,
9401,9401,0.017293540760874748,
9402,9402,0.016549333930015564,
9403,9403,0.016462545841932297,
9404,9404,0.016246309503912926,
9405,9405,0.016844911500811577,
9406,9406,0.01675262115895748,
9407,9407,0.016465160995721817,
9408,9408,0.017804469913244247,
9409,9409,0.016761591657996178,
9410,9410,0.016331791877746582,
9411,9411,0.016376161947846413,
9412,9412,0.016999611631035805,
9413,9413,0.01674702949821949,
9414,9414,0.01580510288476944,
9415,9415,0.01657923497259617,
9416,9416,0.01766735129058361,
9417,9417,0.01718377321958542,
9418,9418,0.01655951514840126,
9419,9419,0.016625000163912773,
9420,9420,0.016362182796001434,
9421,9421,0.01651681400835514,
9422,9422,0.016729341819882393,
9423,9423,0.01639237441122532,
9424,9424,0.017762089148163795,
9425,9425,0.016452625393867493,
9426,9426,0.016742562875151634,
9427,9427,0.016642428934574127,
9428,9428,0.016248291358351707,
9429,9429,0.016974398866295815,
9430,9430,0.015811976045370102,
9431,9431,0.017204662784934044,
9432,9432,0.016678135842084885,
9433,9433,0.01643039472401142,
9434,9434,0.01686321385204792,
9435,9435,0.016409384086728096,
9436,9436,0.01669604890048504,
9437,9437,0.01657331921160221,
9438,9438,0.016673095524311066,
9439,9439,0.017099445685744286,
9440,9440,0.01674814149737358,
9441,9441,0.01729746162891388,
9442,9442,0.016745949164032936,
9443,9443,0.016343817114830017,
9444,9444,0.015750160440802574,
9445,9445,0.01685667224228382,
9446,9446,0.01690664142370224,
9447,9447,0.017494214698672295,
9448,9448,0.01675073616206646,
9449,9449,,0.017418991774320602
9449,9449,0.017418991774320602,
9450,9450,0.016752418130636215,
9451,9451,0.01687581092119217,
9452,9452,0.01678457111120224,
9453,9453,0.01668054610490799,
9454,9454,0.01677837409079075,
9455,9455,0.01622588187456131,
9456,9456,0.016522100195288658,
9457,9457,0.01749596931040287,
9458,9458,0.016671786084771156,
9459,9459,0.016712170094251633,
9460,9460,0.0161591824144125,
9461,9461,0.016630521044135094,
9462,9462,0.016701918095350266,
9463,9463,0.01730632409453392,
9464,9464,0.01733831688761711,
9465,9465,0.016890019178390503,
9466,9466,0.017706474289298058,
9467,9467,0.016709720715880394,
9468,9468,0.016671547666192055,
9469,9469,0.016729075461626053,
9470,9470,0.017145108431577682,
9471,9471,0.01687675714492798,
9472,9472,0.016216527670621872,
9473,9473,0.017185155302286148,
9474,9474,0.015965677797794342,
9475,9475,0.015876244753599167,
9476,9476,0.01678655296564102,
9477,9477,0.016640037298202515,
9478,9478,0.017437944188714027,
9479,9479,0.015841465443372726,
9480,9480,0.01658187247812748,
9481,9481,0.015477205626666546,
9482,9482,0.016672924160957336,
9483,9483,0.017256321385502815,
9484,9484,0.01678648591041565,
9485,9485,0.016797848045825958,
9486,9486,0.016371723264455795,
9487,9487,0.016653968021273613,
9488,9488,0.01638733595609665,
9489,9489,0.016657430678606033,
9490,9490,0.01658634841442108,
9491,9491,0.01676955819129944,
9492,9492,0.01666918210685253,
9493,9493,0.016955723986029625,
9494,9494,0.016544008627533913,
9495,9495,0.016527775675058365,
9496,9496,0.01694478653371334,
9497,9497,0.01658444106578827,
9498,9498,0.016277041286230087,
9499,9499,,0.017665885388851166
9499,9499,0.017665885388851166,
9500,9500,0.01606924831867218,
9501,9501,0.01642705872654915,
9502,9502,0.016218213364481926,
9503,9503,0.016980092972517014,
9504,9504,0.016636161133646965,
9505,9505,0.016469741240143776,
9506,9506,0.016821445897221565,
9507,9507,0.01603892631828785,
9508,9508,0.01752576045691967,
9509,9509,0.016736317425966263,
9510,9510,0.016544921323657036,
9511,9511,0.017356716096401215,
9512,9512,0.015955565497279167,
9513,9513,0.016659485176205635,
9514,9514,0.01680588163435459,
9515,9515,0.0169577244669199,
9516,9516,0.01706410013139248,
9517,9517,0.016329450532794,
9518,9518,0.016442757099866867,
9519,9519,0.01675979234278202,
9520,9520,0.01653001829981804,
9521,9521,0.01645124889910221,
9522,9522,0.01672476902604103,
9523,9523,0.01593511924147606,
9524,9524,0.016458483412861824,
9525,9525,0.015952253714203835,
9526,9526,0.016142312437295914,
9527,9527,0.016556043177843094,
9528,9528,0.016820460557937622,
9529,9529,0.017109356820583344,
9530,9530,0.01651863008737564,
9531,9531,0.01723584719002247,
9532,9532,0.01662614569067955,
9533,9533,0.016559308394789696,
9534,9534,0.015554568730294704,
9535,9535,0.017009835690259933,
9536,9536,0.016441358253359795,
9537,9537,0.016806652769446373,
9538,9538,0.015032349154353142,
9539,9539,0.016153398901224136,
9540,9540,0.01563095860183239,
9541,9541,0.01695127598941326,
9542,9542,0.016213025897741318,
9543,9543,0.016707241535186768,
9544,9544,0.01721206307411194,
9545,9545,0.0160613264888525,
9546,9546,0.0166174303740263,
9547,9547,0.016781434416770935,
9548,9548,0.01664283499121666,
9549,9549,,0.016336414963006973
9549,9549,0.016336414963006973,
9550,9550,0.01674964837729931,
9551,9551,0.016398055478930473,
9552,9552,0.01678457297384739,
9553,9553,0.01602243073284626,
9554,9554,0.01510402001440525,
9555,9555,0.016374778002500534,
9556,9556,0.01687604933977127,
9557,9557,0.016401687636971474,
9558,9558,0.017228199169039726,
9559,9559,0.016491342335939407,
9560,9560,0.01594751514494419,
9561,9561,0.016702186316251755,
9562,9562,0.01624574139714241,
9563,9563,0.016668343916535378,
9564,9564,0.016171187162399292,
9565,9565,0.016737330704927444,
9566,9566,0.016182521358132362,
9567,9567,0.016575315967202187,
9568,9568,0.01654653809964657,
9569,9569,0.01649577170610428,
9570,9570,0.016550179570913315,
9571,9571,0.01703076995909214,
9572,9572,0.017084363847970963,
9573,9573,0.016395414248108864,
9574,9574,0.016704607754945755,
9575,9575,0.016718989238142967,
9576,9576,0.01652715727686882,
9577,9577,0.016583118587732315,
9578,9578,0.016565384343266487,
9579,9579,0.017045442014932632,
9580,9580,0.015775026753544807,
9581,9581,0.01674879528582096,
9582,9582,0.016513165086507797,
9583,9583,0.017750468105077744,
9584,9584,0.016282446682453156,
9585,9585,0.016669442877173424,
9586,9586,0.016731785610318184,
9587,9587,0.016547800973057747,
9588,9588,0.016794605180621147,
9589,9589,0.016130633652210236,
9590,9590,0.01658044196665287,
9591,9591,0.0151026900857687,
9592,9592,0.015648003667593002,
9593,9593,0.016493206843733788,
9594,9594,0.016571642830967903,
9595,9595,0.016293823719024658,
9596,9596,0.017183896154165268,
9597,9597,0.01635180041193962,
9598,9598,0.016998235136270523,
9599,9599,,0.016735680401325226
9599,9599,0.016735680401325226,
9600,9600,0.016363753005862236,
9601,9601,0.016733309254050255,
9602,9602,0.0161418616771698,
9603,9603,0.016611045226454735,
9604,9604,0.01620573364198208,
9605,9605,0.016612034291028976,
9606,9606,0.016324501484632492,
9607,9607,0.016771424561738968,
9608,9608,0.016605617478489876,
9609,9609,0.01587914675474167,
9610,9610,0.015620817430317402,
9611,9611,0.016984162852168083,
9612,9612,0.017206942662596703,
9613,9613,0.01584741473197937,
9614,9614,0.016595514491200447,
9615,9615,0.017170146107673645,
9616,9616,0.01653129979968071,
9617,9617,0.016535794362425804,
9618,9618,0.0169054064899683,
9619,9619,0.016236860305070877,
9620,9620,0.01641049236059189,
9621,9621,0.017074696719646454,
9622,9622,0.016244176775217056,
9623,9623,0.016735760495066643,
9624,9624,0.016431059688329697,
9625,9625,0.016184190288186073,
9626,9626,0.01545619871467352,
9627,9627,0.016004445031285286,
9628,9628,0.0166948139667511,
9629,9629,0.016014056280255318,
9630,9630,0.01652328297495842,
9631,9631,0.01651260256767273,
9632,9632,0.016239341348409653,
9633,9633,0.017012199386954308,
9634,9634,0.016410060226917267,
9635,9635,0.016491519287228584,
9636,9636,0.016517676413059235,
9637,9637,0.017583895474672318,
9638,9638,0.016778336837887764,
9639,9639,0.01654678024351597,
9640,9640,0.016597289592027664,
9641,9641,0.015780940651893616,
9642,9642,0.015869034454226494,
9643,9643,0.01711861416697502,
9644,9644,0.01661028526723385,
9645,9645,0.016130460426211357,
9646,9646,0.016411686316132545,
9647,9647,0.016095178201794624,
9648,9648,0.016105886548757553,
9649,9649,,0.01637164130806923
9649,9649,0.01637164130806923,
9650,9650,0.016442177817225456,
9651,9651,0.016221696510910988,
9652,9652,0.01612851582467556,
9653,9653,0.01675170660018921,
9654,9654,0.016063369810581207,
9655,9655,0.016998495906591415,
9656,9656,0.016310913488268852,
9657,9657,0.016213636845350266,
9658,9658,0.0165396798402071,
9659,9659,0.016441019251942635,
9660,9660,0.01593497022986412,
9661,9661,0.016210924834012985,
9662,9662,0.016017450019717216,
9663,9663,0.016774652525782585,
9664,9664,0.01640901155769825,
9665,9665,0.01669355295598507,
9666,9666,0.016041703522205353,
9667,9667,0.015655159950256348,
9668,9668,0.0158638134598732,
9669,9669,0.016378724947571754,
9670,9670,0.015767838805913925,
9671,9671,0.016434237360954285,
9672,9672,0.016310812905430794,
9673,9673,0.016438418999314308,
9674,9674,0.016108153387904167,
9675,9675,0.016262035816907883,
9676,9676,0.016371173784136772,
9677,9677,0.01631472446024418,
9678,9678,0.016254428774118423,
9679,9679,0.016247617080807686,
9680,9680,0.017617544159293175,
9681,9681,0.015580084174871445,
9682,9682,0.016303423792123795,
9683,9683,0.01683945767581463,
9684,9684,0.016193391755223274,
9685,9685,0.016181878745555878,
9686,9686,0.01611982472240925,
9687,9687,0.016636768355965614,
9688,9688,0.016286473721265793,
9689,9689,0.01671583764255047,
9690,9690,0.016264932230114937,
9691,9691,0.0173915084451437,
9692,9692,0.015744926407933235,
9693,9693,0.016214441508054733,
9694,9694,0.016265733167529106,
9695,9695,0.016379421576857567,
9696,9696,0.016958657652139664,
9697,9697,0.015919053927063942,
9698,9698,0.016243834048509598,
9699,9699,,0.016326725482940674
9699,9699,0.016326725482940674,
9700,9700,0.01608436554670334,
9701,9701,0.01676972582936287,
9702,9702,0.01605631597340107,
9703,9703,0.01638767495751381,
9704,9704,0.01563263311982155,
9705,9705,0.01612836681306362,
9706,9706,0.01640680991113186,
9707,9707,0.016349628567695618,
9708,9708,0.01641722582280636,
9709,9709,0.015626560896635056,
9710,9710,0.016509009525179863,
9711,9711,0.016408534720540047,
9712,9712,0.015570927411317825,
9713,9713,0.015392034314572811,
9714,9714,0.01694130338728428,
9715,9715,0.016153963282704353,
9716,9716,0.01656183786690235,
9717,9717,0.01585197076201439,
9718,9718,0.017184125259518623,
9719,9719,0.01667933352291584,
9720,9720,0.01644882746040821,
9721,9721,0.016339432448148727,
9722,9722,0.015557647682726383,
9723,9723,0.016696715727448463,
9724,9724,0.017207957804203033,
9725,9725,0.016346242278814316,
9726,9726,0.01604572869837284,
9727,9727,0.01499770488590002,
9728,9728,0.016331760212779045,
9729,9729,0.016267647966742516,
9730,9730,0.017440086230635643,
9731,9731,0.01643374375998974,
9732,9732,0.01628730446100235,
9733,9733,0.016251390799880028,
9734,9734,0.016073035076260567,
9735,9735,0.016234297305345535,
9736,9736,0.015946360304951668,
9737,9737,0.01582614704966545,
9738,9738,0.016735058277845383,
9739,9739,0.01683507300913334,
9740,9740,0.015621785074472427,
9741,9741,0.016167975962162018,
9742,9742,0.016857322305440903,
9743,9743,0.016115544363856316,
9744,9744,0.017094185575842857,
9745,9745,0.0159614197909832,
9746,9746,0.016400454565882683,
9747,9747,0.01608419045805931,
9748,9748,0.016267886385321617,
9749,9749,,0.01616462878882885
9749,9749,0.01616462878882885,
9750,9750,0.01622183248400688,
9751,9751,0.016601042822003365,
9752,9752,0.01637014001607895,
9753,9753,0.01591569185256958,
9754,9754,0.016659805551171303,
9755,9755,0.01652601733803749,
9756,9756,0.015868742018938065,
9757,9757,0.016580956056714058,
9758,9758,0.016076505184173584,
9759,9759,0.016568897292017937,
9760,9760,0.01602613925933838,
9761,9761,0.015485829673707485,
9762,9762,0.01567593403160572,
9763,9763,0.016117680817842484,
9764,9764,0.017764847725629807,
9765,9765,0.016310637816786766,
9766,9766,0.015616072341799736,
9767,9767,0.01609618589282036,
9768,9768,0.015535343438386917,
9769,9769,0.015507303178310394,
9770,9770,0.015776757150888443,
9771,9771,0.01623036339879036,
9772,9772,0.016721952706575394,
9773,9773,0.01641840673983097,
9774,9774,0.016322406008839607,
9775,9775,0.01628038100898266,
9776,9776,0.016241658478975296,
9777,9777,0.01646498218178749,
9778,9778,0.016499919816851616,
9779,9779,0.016853870823979378,
9780,9780,0.015820587053894997,
9781,9781,0.016164390370249748,
9782,9782,0.016708344221115112,
9783,9783,0.015765629708766937,
9784,9784,0.016345111653208733,
9785,9785,0.0161568783223629,
9786,9786,0.015951430425047874,
9787,9787,0.016332250088453293,
9788,9788,0.01582667976617813,
9789,9789,0.01676453836262226,
9790,9790,0.01635354571044445,
9791,9791,0.016642937436699867,
9792,9792,0.016045723110437393,
9793,9793,0.016546394675970078,
9794,9794,0.01573667675256729,
9795,9795,0.01550636999309063,
9796,9796,0.016468418762087822,
9797,9797,0.01641583815217018,
9798,9798,0.016331957653164864,
9799,9799,,0.016354363411664963
9799,9799,0.016354363411664963,
9800,9800,0.016045937314629555,
9801,9801,0.016345592215657234,
9802,9802,0.01733785681426525,
9803,9803,0.016326187178492546,
9804,9804,0.016801107674837112,
9805,9805,0.016215812414884567,
9806,9806,0.01617957465350628,
9807,9807,0.016234688460826874,
9808,9808,0.016266370192170143,
9809,9809,0.01627732254564762,
9810,9810,0.015774166211485863,
9811,9811,0.015402424149215221,
9812,9812,0.016438566148281097,
9813,9813,0.0161150973290205,
9814,9814,0.016428738832473755,
9815,9815,0.016483262181282043,
9816,9816,0.016618948429822922,
9817,9817,0.016203993931412697,
9818,9818,0.015627600252628326,
9819,9819,0.016344286501407623,
9820,9820,0.01670566201210022,
9821,9821,0.0161073487251997,
9822,9822,0.016052087768912315,
9823,9823,0.017319587990641594,
9824,9824,0.015854589641094208,
9825,9825,0.016133973374962807,
9826,9826,0.01615067385137081,
9827,9827,0.01628100872039795,
9828,9828,0.016683200374245644,
9829,9829,0.016322286799550056,
9830,9830,0.015604169107973576,
9831,9831,0.017178785055875778,
9832,9832,0.016543710604310036,
9833,9833,0.016230396926403046,
9834,9834,0.016157057136297226,
9835,9835,0.016120698302984238,
9836,9836,0.01703539676964283,
9837,9837,0.016108429059386253,
9838,9838,0.016356345266103745,
9839,9839,0.01628901995718479,
9840,9840,0.016179071739315987,
9841,9841,0.016699818894267082,
9842,9842,0.016064656898379326,
9843,9843,0.01632351614534855,
9844,9844,0.01670384593307972,
9845,9845,0.01753520779311657,
9846,9846,0.01592380180954933,
9847,9847,0.016117293387651443,
9848,9848,0.016399957239627838,
9849,9849,,0.01725884899497032
9849,9849,0.01725884899497032,
9850,9850,0.01548882108181715,
9851,9851,0.015588640235364437,
9852,9852,0.0165890883654356,
9853,9853,0.016090411692857742,
9854,9854,0.016364948824048042,
9855,9855,0.016272321343421936,
9856,9856,0.01643301174044609,
9857,9857,0.016550585627555847,
9858,9858,0.015630297362804413,
9859,9859,0.016432827338576317,
9860,9860,0.016138114035129547,
9861,9861,0.016069047152996063,
9862,9862,0.014610253274440765,
9863,9863,0.016105856746435165,
9864,9864,0.016352256760001183,
9865,9865,0.015869827941060066,
9866,9866,0.01646963693201542,
9867,9867,0.016131097450852394,
9868,9868,0.01620861142873764,
9869,9869,0.01599097065627575,
9870,9870,0.0151675371453166,
9871,9871,0.015405564568936825,
9872,9872,0.016509203240275383,
9873,9873,0.015683650970458984,
9874,9874,0.01560203917324543,
9875,9875,0.015951957553625107,
9876,9876,0.015796974301338196,
9877,9877,0.016519824042916298,
9878,9878,0.016175085678696632,
9879,9879,0.016300613060593605,
9880,9880,0.01623350754380226,
9881,9881,0.015706103295087814,
9882,9882,0.016141507774591446,
9883,9883,0.01612427644431591,
9884,9884,0.015986762940883636,
9885,9885,0.017363008111715317,
9886,9886,0.016548173502087593,
9887,9887,0.016132347285747528,
9888,9888,0.014823898673057556,
9889,9889,0.016019217669963837,
9890,9890,0.016203751787543297,
9891,9891,0.016492415219545364,
9892,9892,0.015035217627882957,
9893,9893,0.016100021079182625,
9894,9894,0.015969622880220413,
9895,9895,0.01699952967464924,
9896,9896,0.016025342047214508,
9897,9897,0.01618352346122265,
9898,9898,0.01606314815580845,
9899,9899,,0.0169073399156332
9899,9899,0.0169073399156332,
9900,9900,0.01638942025601864,
9901,9901,0.015636209398508072,
9902,9902,0.01634564995765686,
9903,9903,0.017001913860440254,
9904,9904,0.01612653210759163,
9905,9905,0.014810052700340748,
9906,9906,0.015549537725746632,
9907,9907,0.016214802861213684,
9908,9908,0.015228967182338238,
9909,9909,0.01603075861930847,
9910,9910,0.015737896785140038,
9911,9911,0.015906350687146187,
9912,9912,0.016453173011541367,
9913,9913,0.015870757400989532,
9914,9914,0.015826158225536346,
9915,9915,0.01628369837999344,
9916,9916,0.015994099900126457,
9917,9917,0.01555492915213108,
9918,9918,0.016230039298534393,
9919,9919,0.01568317413330078,
9920,9920,0.016059745103120804,
9921,9921,0.016743354499340057,
9922,9922,0.015498640015721321,
9923,9923,0.01607336662709713,
9924,9924,0.01564273238182068,
9925,9925,0.015741057693958282,
9926,9926,0.01673302613198757,
9927,9927,0.015782708302140236,
9928,9928,0.01568194292485714,
9929,9929,0.015669651329517365,
9930,9930,0.01508846040815115,
9931,9931,0.015857115387916565,
9932,9932,0.01601862721145153,
9933,9933,0.01671367697417736,
9934,9934,0.016780847683548927,
9935,9935,0.016310380771756172,
9936,9936,0.0164824016392231,
9937,9937,0.015845071524381638,
9938,9938,0.01619764231145382,
9939,9939,0.016308709979057312,
9940,9940,0.016001135110855103,
9941,9941,0.01567021757364273,
9942,9942,0.016167042776942253,
9943,9943,0.015539341606199741,
9944,9944,0.016137490049004555,
9945,9945,0.016318311914801598,
9946,9946,0.016059111803770065,
9947,9947,0.01670168526470661,
9948,9948,0.016082536429166794,
9949,9949,,0.015562361106276512
9949,9949,0.015562361106276512,
9950,9950,0.015687912702560425,
9951,9951,0.01640116423368454,
9952,9952,0.01563599333167076,
9953,9953,0.016339736059308052,
9954,9954,0.01635577343404293,
9955,9955,0.01563914492726326,
9956,9956,0.01644560694694519,
9957,9957,0.016010353341698647,
9958,9958,0.01578798145055771,
9959,9959,0.01603366993367672,
9960,9960,0.015997985377907753,
9961,9961,0.015651732683181763,
9962,9962,0.01606418564915657,
9963,9963,0.016266530379652977,
9964,9964,0.015467793680727482,
9965,9965,0.016040798276662827,
9966,9966,0.015904944390058517,
9967,9967,0.015535331331193447,
9968,9968,0.01595533825457096,
9969,9969,0.015807941555976868,
9970,9970,0.015451057814061642,
9971,9971,0.016894984990358353,
9972,9972,0.01651758886873722,
9973,9973,0.015816019847989082,
9974,9974,0.016190344467759132,
9975,9975,0.01568133756518364,
9976,9976,0.016136975958943367,
9977,9977,0.015940798446536064,
9978,9978,0.01577473059296608,
9979,9979,0.015631411224603653,
9980,9980,0.015927810221910477,
9981,9981,0.015732379630208015,
9982,9982,0.01597852073609829,
9983,9983,0.01654534973204136,
9984,9984,0.016232317313551903,
9985,9985,0.015749702230095863,
9986,9986,0.015985531732439995,
9987,9987,0.015912916511297226,
9988,9988,0.01600748300552368,
9989,9989,0.016188854351639748,
9990,9990,0.015562258660793304,
9991,9991,0.016052844002842903,
9992,9992,0.016151996329426765,
9993,9993,0.015776578336954117,
9994,9994,0.015967974439263344,
9995,9995,0.016247348859906197,
9996,9996,0.016255728900432587,
9997,9997,0.01572609879076481,
9998,9998,0.016076916828751564,
9999,9999,,0.016229402273893356
9999,9999,0.016229402273893356,
