epoch,step,train_loss_epoch,train_loss_step
0,0,0.6610243320465088,
1,1,0.4108109474182129,
2,2,0.35540512204170227,
3,3,0.30547693371772766,
4,4,0.32992827892303467,
5,5,0.2684099078178406,
6,6,0.27632221579551697,
7,7,0.28569450974464417,
8,8,0.2513502836227417,
9,9,0.2291102111339569,
10,10,0.23128530383110046,
11,11,0.21490727365016937,
12,12,0.20684485137462616,
13,13,0.22136147320270538,
14,14,0.20627090334892273,
15,15,0.1940927952528,
16,16,0.21287614107131958,
17,17,0.19581392407417297,
18,18,0.19212880730628967,
19,19,0.19187693297863007,
20,20,0.19170215725898743,
21,21,0.17161071300506592,
22,22,0.1811930388212204,
23,23,0.17132702469825745,
24,24,0.170889213681221,
25,25,0.17070060968399048,
26,26,0.16676054894924164,
27,27,0.16282536089420319,
28,28,0.16260546445846558,
29,29,0.16154900193214417,
30,30,0.15287140011787415,
31,31,0.16302114725112915,
32,32,0.16078345477581024,
33,33,0.16607780754566193,
34,34,0.14609834551811218,
35,35,0.15275923907756805,
36,36,0.1568910926580429,
37,37,0.1495429128408432,
38,38,0.14549480378627777,
39,39,0.14601963758468628,
40,40,0.14344346523284912,
41,41,0.14089347422122955,
42,42,0.13931474089622498,
43,43,0.14261355996131897,
44,44,0.13654741644859314,
45,45,0.14260247349739075,
46,46,0.13944032788276672,
47,47,0.13553696870803833,
48,48,0.13623462617397308,
49,49,,0.1355055421590805
49,49,0.1355055421590805,
50,50,0.13676463067531586,
51,51,0.1340189278125763,
52,52,0.1372757852077484,
53,53,0.13584746420383453,
54,54,0.13697148859500885,
55,55,0.1317509114742279,
56,56,0.1306965947151184,
57,57,0.1351718008518219,
58,58,0.12865036725997925,
59,59,0.12964560091495514,
60,60,0.12354842573404312,
61,61,0.12547320127487183,
62,62,0.1239304170012474,
63,63,0.12120801955461502,
64,64,0.12110188603401184,
65,65,0.12100546807050705,
66,66,0.1186082735657692,
67,67,0.11926159262657166,
68,68,0.11045797914266586,
69,69,0.11840637028217316,
70,70,0.11744270473718643,
71,71,0.11754847317934036,
72,72,0.11598718166351318,
73,73,0.10984291136264801,
74,74,0.11368479579687119,
75,75,0.1123330146074295,
76,76,0.11015976965427399,
77,77,0.11186724156141281,
78,78,0.11402696371078491,
79,79,0.10808882862329483,
80,80,0.109465591609478,
81,81,0.10720693320035934,
82,82,0.10776498168706894,
83,83,0.10915566980838776,
84,84,0.10960697382688522,
85,85,0.1026703417301178,
86,86,0.10643444955348969,
87,87,0.10339704900979996,
88,88,0.10253313928842545,
89,89,0.10379086434841156,
90,90,0.10348048806190491,
91,91,0.10450995713472366,
92,92,0.09730824828147888,
93,93,0.0953528955578804,
94,94,0.09289800375699997,
95,95,0.0937553271651268,
96,96,0.09519544988870621,
97,97,0.09774237126111984,
98,98,0.09449151158332825,
99,99,,0.09526889026165009
99,99,0.09526889026165009,
100,100,0.09306357055902481,
101,101,0.09224001318216324,
102,102,0.09226517379283905,
103,103,0.08774349838495255,
104,104,0.09189639240503311,
105,105,0.09164536744356155,
106,106,0.08834940940141678,
107,107,0.0887557864189148,
108,108,0.08634355664253235,
109,109,0.08684317767620087,
110,110,0.08406352251768112,
111,111,0.08418027311563492,
112,112,0.08342902362346649,
113,113,0.08239320665597916,
114,114,0.0858912467956543,
115,115,0.0820733830332756,
116,116,0.08396413177251816,
117,117,0.08059097081422806,
118,118,0.07489810138940811,
119,119,0.07961586862802505,
120,120,0.07674349099397659,
121,121,0.07880066335201263,
122,122,0.07446363568305969,
123,123,0.07472221553325653,
124,124,0.07527583837509155,
125,125,0.07464616000652313,
126,126,0.07256308197975159,
127,127,0.07608148455619812,
128,128,0.07319138199090958,
129,129,0.06696924567222595,
130,130,0.07291921228170395,
131,131,0.07141807675361633,
132,132,0.07189057767391205,
133,133,0.07227481156587601,
134,134,0.06826377660036087,
135,135,0.07549934089183807,
136,136,0.06634262949228287,
137,137,0.06512479484081268,
138,138,0.06761309504508972,
139,139,0.06497849524021149,
140,140,0.06583315134048462,
141,141,0.06933115422725677,
142,142,0.06376798450946808,
143,143,0.06542401760816574,
144,144,0.06439565867185593,
145,145,0.06290169060230255,
146,146,0.06307045370340347,
147,147,0.05895015224814415,
148,148,0.06427714228630066,
149,149,,0.060216985642910004
149,149,0.060216985642910004,
150,150,0.06210768595337868,
151,151,0.06070517376065254,
152,152,0.061883240938186646,
153,153,0.062317200005054474,
154,154,0.060297753661870956,
155,155,0.06011055037379265,
156,156,0.060360513627529144,
157,157,0.05804447457194328,
158,158,0.05772851034998894,
159,159,0.05599343776702881,
160,160,0.056317638605833054,
161,161,0.0558144636452198,
162,162,0.05414903908967972,
163,163,0.05475162714719772,
164,164,0.05795777961611748,
165,165,0.05571097880601883,
166,166,0.05444033443927765,
167,167,0.05573989078402519,
168,168,0.05253889411687851,
169,169,0.05518613010644913,
170,170,0.05342424660921097,
171,171,0.051257114857435226,
172,172,0.05351650342345238,
173,173,0.053063828498125076,
174,174,0.05218367651104927,
175,175,0.05049575865268707,
176,176,0.049305260181427,
177,177,0.054650384932756424,
178,178,0.0514267198741436,
179,179,0.04962819069623947,
180,180,0.050383709371089935,
181,181,0.05051964521408081,
182,182,0.04891069978475571,
183,183,0.04970351979136467,
184,184,0.048825766891241074,
185,185,0.05235758051276207,
186,186,0.05074331536889076,
187,187,0.054589029401540756,
188,188,0.050160400569438934,
189,189,0.047369584441185,
190,190,0.04868389293551445,
191,191,0.04699616879224777,
192,192,0.04979826137423515,
193,193,0.04864457994699478,
194,194,0.048001594841480255,
195,195,0.04872191324830055,
196,196,0.04633813351392746,
197,197,0.04718759283423424,
198,198,0.045201994478702545,
199,199,,0.04588165879249573
199,199,0.04588165879249573,
200,200,0.04609477147459984,
201,201,0.04700891673564911,
202,202,0.04771176353096962,
203,203,0.04639330506324768,
204,204,0.04559304937720299,
205,205,0.04647086560726166,
206,206,0.04805106297135353,
207,207,0.043632302433252335,
208,208,0.04833829402923584,
209,209,0.047125443816185,
210,210,0.04568906128406525,
211,211,0.04378586634993553,
212,212,0.04562903195619583,
213,213,0.04660898447036743,
214,214,0.051289141178131104,
215,215,0.04601213335990906,
216,216,0.04322310909628868,
217,217,0.047616563737392426,
218,218,0.04615984857082367,
219,219,0.045657914131879807,
220,220,0.04109526053071022,
221,221,0.04604092985391617,
222,222,0.04718761891126633,
223,223,0.042516741901636124,
224,224,0.04312995448708534,
225,225,0.04526672139763832,
226,226,0.04700908809900284,
227,227,0.04067967087030411,
228,228,0.04475514963269234,
229,229,0.04601003974676132,
230,230,0.04445677250623703,
231,231,0.04428553581237793,
232,232,0.043430253863334656,
233,233,0.042985688894987106,
234,234,0.04465845227241516,
235,235,0.043525561690330505,
236,236,0.0433051660656929,
237,237,0.0444670096039772,
238,238,0.04323011264204979,
239,239,0.04258863627910614,
240,240,0.044578131288290024,
241,241,0.042118895798921585,
242,242,0.04391643777489662,
243,243,0.04311937093734741,
244,244,0.04185915365815163,
245,245,0.04325578734278679,
246,246,0.04292859137058258,
247,247,0.04319624975323677,
248,248,0.04001415893435478,
249,249,,0.043121274560689926
249,249,0.043121274560689926,
250,250,0.04780546948313713,
251,251,0.04428705945611,
252,252,0.045677948743104935,
253,253,0.04630163311958313,
254,254,0.04338919371366501,
255,255,0.04165437072515488,
256,256,0.04223068803548813,
257,257,0.04218189790844917,
258,258,0.04086189717054367,
259,259,0.04226092994213104,
260,260,0.041279979050159454,
261,261,0.04096505790948868,
262,262,0.04205283522605896,
263,263,0.04182395339012146,
264,264,0.038119297474622726,
265,265,0.04186736047267914,
266,266,0.045329686254262924,
267,267,0.042321886867284775,
268,268,0.04115891084074974,
269,269,0.04272300377488136,
270,270,0.03860797733068466,
271,271,0.04153170436620712,
272,272,0.042666301131248474,
273,273,0.041712477803230286,
274,274,0.04273274913430214,
275,275,0.042250584810972214,
276,276,0.04111399129033089,
277,277,0.04120183363556862,
278,278,0.046333856880664825,
279,279,0.04285744950175285,
280,280,0.04196680709719658,
281,281,0.04352659732103348,
282,282,0.041815049946308136,
283,283,0.04141079634428024,
284,284,0.042981117963790894,
285,285,0.04156166687607765,
286,286,0.04219517484307289,
287,287,0.04217785969376564,
288,288,0.04350253939628601,
289,289,0.04168838635087013,
290,290,0.042068541049957275,
291,291,0.04325383901596069,
292,292,0.04117032513022423,
293,293,0.040201518684625626,
294,294,0.04187802970409393,
295,295,0.04098135605454445,
296,296,0.04215753823518753,
297,297,0.043763622641563416,
298,298,0.04222811013460159,
299,299,,0.04307129606604576
299,299,0.04307129606604576,
300,300,0.041911546140909195,
301,301,0.041771214455366135,
302,302,0.03981311619281769,
303,303,0.04003191739320755,
304,304,0.0419311560690403,
305,305,0.04438544064760208,
306,306,0.04109359532594681,
307,307,0.043108414858579636,
308,308,0.04257120564579964,
309,309,0.042102981358766556,
310,310,0.04352210834622383,
311,311,0.04225930944085121,
312,312,0.04370969906449318,
313,313,0.04186904430389404,
314,314,0.04273901879787445,
315,315,0.04388034716248512,
316,316,0.04176449030637741,
317,317,0.0439569465816021,
318,318,0.041662923991680145,
319,319,0.04255973547697067,
320,320,0.042020030319690704,
321,321,0.04197459667921066,
322,322,0.03928043693304062,
323,323,0.04259578883647919,
324,324,0.04176339507102966,
325,325,0.0412583090364933,
326,326,0.04282548278570175,
327,327,0.039286237210035324,
328,328,0.041870515793561935,
329,329,0.04090777784585953,
330,330,0.041585300117731094,
331,331,0.039709050208330154,
332,332,0.039197906851768494,
333,333,0.04190248250961304,
334,334,0.040173038840293884,
335,335,0.04109789803624153,
336,336,0.041346192359924316,
337,337,0.0416855588555336,
338,338,0.041783981025218964,
339,339,0.0435149185359478,
340,340,0.04320962727069855,
341,341,0.041272468864917755,
342,342,0.042455706745386124,
343,343,0.0412287674844265,
344,344,0.04347829148173332,
345,345,0.04149336367845535,
346,346,0.04181809723377228,
347,347,0.040851812809705734,
348,348,0.04258617013692856,
349,349,,0.03879721090197563
349,349,0.03879721090197563,
350,350,0.04215279966592789,
351,351,0.04029495641589165,
352,352,0.041058171540498734,
353,353,0.043065108358860016,
354,354,0.0420801006257534,
355,355,0.04072396084666252,
356,356,0.04243301972746849,
357,357,0.04436137527227402,
358,358,0.04165217652916908,
359,359,0.04164900258183479,
360,360,0.04023495689034462,
361,361,0.04088316857814789,
362,362,0.03859696909785271,
363,363,0.04206480830907822,
364,364,0.04031575471162796,
365,365,0.03992307186126709,
366,366,0.04106305539608002,
367,367,0.04284917563199997,
368,368,0.03954995051026344,
369,369,0.04135424271225929,
370,370,0.04530421644449234,
371,371,0.04159896820783615,
372,372,0.04399188980460167,
373,373,0.04487112909555435,
374,374,0.04016098380088806,
375,375,0.040942464023828506,
376,376,0.040996670722961426,
377,377,0.04108664020895958,
378,378,0.04123423248529434,
379,379,0.040807534009218216,
380,380,0.04232649877667427,
381,381,0.04017717018723488,
382,382,0.037650126963853836,
383,383,0.04254923760890961,
384,384,0.04173928499221802,
385,385,0.04156595468521118,
386,386,0.0438355915248394,
387,387,0.04065858572721481,
388,388,0.04154254496097565,
389,389,0.04102616012096405,
390,390,0.04220568761229515,
391,391,0.04135405644774437,
392,392,0.040936216711997986,
393,393,0.04037322476506233,
394,394,0.04218265414237976,
395,395,0.04107270389795303,
396,396,0.04201710596680641,
397,397,0.04266813397407532,
398,398,0.04015570506453514,
399,399,,0.04057344049215317
399,399,0.04057344049215317,
400,400,0.042075589299201965,
401,401,0.04058253765106201,
402,402,0.041564226150512695,
403,403,0.041784174740314484,
404,404,0.04123798757791519,
405,405,0.03588669374585152,
406,406,0.04245625436306,
407,407,0.04555218294262886,
408,408,0.04250442981719971,
409,409,0.04081060737371445,
410,410,0.041119083762168884,
411,411,0.0414658859372139,
412,412,0.04161412641406059,
413,413,0.04098248854279518,
414,414,0.04140777885913849,
415,415,0.04298941418528557,
416,416,0.04011913761496544,
417,417,0.041592568159103394,
418,418,0.042523372918367386,
419,419,0.04145544394850731,
420,420,0.04185979440808296,
421,421,0.04134533554315567,
422,422,0.04226884990930557,
423,423,0.03987554460763931,
424,424,0.04159992188215256,
425,425,0.04006614908576012,
426,426,0.03801972419023514,
427,427,0.040505316108465195,
428,428,0.042975667864084244,
429,429,0.04256833344697952,
430,430,0.0442647822201252,
431,431,0.04224782437086105,
432,432,0.042491573840379715,
433,433,0.04319706931710243,
434,434,0.03997371345758438,
435,435,0.04099033772945404,
436,436,0.04065154120326042,
437,437,0.04094498232007027,
438,438,0.04031260311603546,
439,439,0.0420379675924778,
440,440,0.04197434335947037,
441,441,0.041480742394924164,
442,442,0.04351622611284256,
443,443,0.04245320335030556,
444,444,0.041362106800079346,
445,445,0.041539352387189865,
446,446,0.04348834976553917,
447,447,0.04360503330826759,
448,448,0.041211724281311035,
449,449,,0.03973182290792465
449,449,0.03973182290792465,
450,450,0.03768179565668106,
451,451,0.03930964320898056,
452,452,0.04189983382821083,
453,453,0.04385954514145851,
454,454,0.04109916463494301,
455,455,0.039005786180496216,
456,456,0.04164808616042137,
457,457,0.04275011271238327,
458,458,0.04091314598917961,
459,459,0.0419418141245842,
460,460,0.040749553591012955,
461,461,0.042034510523080826,
462,462,0.043369852006435394,
463,463,0.04191697761416435,
464,464,0.04051247984170914,
465,465,0.04090286046266556,
466,466,0.040315892547369,
467,467,0.04128379374742508,
468,468,0.04198165982961655,
469,469,0.04079677537083626,
470,470,0.042346034198999405,
471,471,0.042393311858177185,
472,472,0.04090498015284538,
473,473,0.04092785716056824,
474,474,0.04098786786198616,
475,475,0.041226826608181,
476,476,0.041932251304388046,
477,477,0.04186195135116577,
478,478,0.04034436494112015,
479,479,0.040099091827869415,
480,480,0.040788162499666214,
481,481,0.04077419266104698,
482,482,0.043424174189567566,
483,483,0.04200741648674011,
484,484,0.04107806086540222,
485,485,0.04076339676976204,
486,486,0.038945067673921585,
487,487,0.04081828519701958,
488,488,0.04150915518403053,
489,489,0.04056435450911522,
490,490,0.04023297131061554,
491,491,0.041226375848054886,
492,492,0.04110348969697952,
493,493,0.04147632420063019,
494,494,0.0395774282515049,
495,495,0.0403323695063591,
496,496,0.04346079379320145,
497,497,0.04222933575510979,
498,498,0.04114135727286339,
499,499,,0.040517110377550125
499,499,0.040517110377550125,
500,500,0.041241250932216644,
501,501,0.044851500540971756,
502,502,0.04152316227555275,
503,503,0.04321933165192604,
504,504,0.04166141524910927,
505,505,0.04170285165309906,
506,506,0.040594808757305145,
507,507,0.040501292794942856,
508,508,0.04126516729593277,
509,509,0.04100513458251953,
510,510,0.04192832112312317,
511,511,0.041363492608070374,
512,512,0.040923479944467545,
513,513,0.04205898195505142,
514,514,0.041316479444503784,
515,515,0.04292336478829384,
516,516,0.04010962322354317,
517,517,0.043049320578575134,
518,518,0.04041605815291405,
519,519,0.04098552092909813,
520,520,0.04168417677283287,
521,521,0.0417160764336586,
522,522,0.04071039333939552,
523,523,0.041366975754499435,
524,524,0.04150861129164696,
525,525,0.03975710645318031,
526,526,0.04068167880177498,
527,527,0.041457317769527435,
528,528,0.04186958819627762,
529,529,0.04116849601268768,
530,530,0.04130503535270691,
531,531,0.041274294257164,
532,532,0.039397530257701874,
533,533,0.04205779731273651,
534,534,0.03979149088263512,
535,535,0.04022442549467087,
536,536,0.041869182139635086,
537,537,0.04286624491214752,
538,538,0.041388384997844696,
539,539,0.04284243658185005,
540,540,0.04313685745000839,
541,541,0.04146154224872589,
542,542,0.039669234305620193,
543,543,0.04148952290415764,
544,544,0.041456952691078186,
545,545,0.040841151028871536,
546,546,0.04382162541151047,
547,547,0.039034195244312286,
548,548,0.04048530384898186,
549,549,,0.038675885647535324
549,549,0.038675885647535324,
550,550,0.04181714355945587,
551,551,0.04082369804382324,
552,552,0.04109470173716545,
553,553,0.04327228292822838,
554,554,0.041100285947322845,
555,555,0.041393786668777466,
556,556,0.041322704404592514,
557,557,0.038698263466358185,
558,558,0.04267754778265953,
559,559,0.04293552786111832,
560,560,0.041612375527620316,
561,561,0.04212047904729843,
562,562,0.041384778916835785,
563,563,0.04155328869819641,
564,564,0.042642563581466675,
565,565,0.041608959436416626,
566,566,0.04092741757631302,
567,567,0.042036622762680054,
568,568,0.03852668032050133,
569,569,0.042944930493831635,
570,570,0.04292399436235428,
571,571,0.04105207696557045,
572,572,0.04155094176530838,
573,573,0.042323287576436996,
574,574,0.04260816052556038,
575,575,0.041491441428661346,
576,576,0.04087674617767334,
577,577,0.04226725548505783,
578,578,0.04279039427638054,
579,579,0.04028414189815521,
580,580,0.04204105958342552,
581,581,0.044465214014053345,
582,582,0.042096998542547226,
583,583,0.042105283588171005,
584,584,0.04002853482961655,
585,585,0.04177011922001839,
586,586,0.04111069068312645,
587,587,0.04188469424843788,
588,588,0.041986770927906036,
589,589,0.04076415300369263,
590,590,0.04094666615128517,
591,591,0.04154661297798157,
592,592,0.040934860706329346,
593,593,0.040540847927331924,
594,594,0.0423910953104496,
595,595,0.042441099882125854,
596,596,0.0392138808965683,
597,597,0.04102754220366478,
598,598,0.038996294140815735,
599,599,,0.04065438732504845
599,599,0.04065438732504845,
600,600,0.04040514677762985,
601,601,0.041478533297777176,
602,602,0.03789599612355232,
603,603,0.04154069349169731,
604,604,0.04457038640975952,
605,605,0.04086582735180855,
606,606,0.04325627163052559,
607,607,0.04131505638360977,
608,608,0.0400921106338501,
609,609,0.04247702285647392,
610,610,0.04107179120182991,
611,611,0.04313408210873604,
612,612,0.040943849831819534,
613,613,0.04125453531742096,
614,614,0.040516775101423264,
615,615,0.041170548647642136,
616,616,0.041172776371240616,
617,617,0.03878428041934967,
618,618,0.04123972728848457,
619,619,0.041151732206344604,
620,620,0.040763985365629196,
621,621,0.0397639125585556,
622,622,0.03975377231836319,
623,623,0.041222017258405685,
624,624,0.04111003503203392,
625,625,0.04100709408521652,
626,626,0.03963547945022583,
627,627,0.04238976165652275,
628,628,0.04304687678813934,
629,629,0.04276305437088013,
630,630,0.04119575396180153,
631,631,0.042154405266046524,
632,632,0.04532536119222641,
633,633,0.0417623408138752,
634,634,0.044084612280130386,
635,635,0.04235611483454704,
636,636,0.04061979055404663,
637,637,0.04115689918398857,
638,638,0.038228075951337814,
639,639,0.043276164680719376,
640,640,0.0449797697365284,
641,641,0.04048983007669449,
642,642,0.04113572835922241,
643,643,0.04105023294687271,
644,644,0.04121005907654762,
645,645,0.03942235931754112,
646,646,0.04348192363977432,
647,647,0.03983914852142334,
648,648,0.040800221264362335,
649,649,,0.040432970970869064
649,649,0.040432970970869064,
650,650,0.04191691055893898,
651,651,0.039460163563489914,
652,652,0.042470190674066544,
653,653,0.03989521041512489,
654,654,0.04220477491617203,
655,655,0.042118195444345474,
656,656,0.04177309572696686,
657,657,0.04146420583128929,
658,658,0.044167570769786835,
659,659,0.04084501042962074,
660,660,0.04167089983820915,
661,661,0.03983704373240471,
662,662,0.041886989027261734,
663,663,0.04090528190135956,
664,664,0.039604805409908295,
665,665,0.040038105100393295,
666,666,0.041004154831171036,
667,667,0.04014833644032478,
668,668,0.040888458490371704,
669,669,0.040012460201978683,
670,670,0.04107716679573059,
671,671,0.039087291806936264,
672,672,0.04127968102693558,
673,673,0.04097665101289749,
674,674,0.04019135236740112,
675,675,0.0396580807864666,
676,676,0.04167044535279274,
677,677,0.0411020964384079,
678,678,0.04109976440668106,
679,679,0.04180227965116501,
680,680,0.040830276906490326,
681,681,0.04124699905514717,
682,682,0.043673932552337646,
683,683,0.03982805460691452,
684,684,0.040272027254104614,
685,685,0.041110385209321976,
686,686,0.04064587503671646,
687,687,0.04112079739570618,
688,688,0.04121521860361099,
689,689,0.040058527141809464,
690,690,0.04019290953874588,
691,691,0.042056117206811905,
692,692,0.04054420068860054,
693,693,0.039696380496025085,
694,694,0.04095764458179474,
695,695,0.03902821987867355,
696,696,0.03656860068440437,
697,697,0.039234671741724014,
698,698,0.04000399261713028,
699,699,,0.04277614504098892
699,699,0.04277614504098892,
700,700,0.04255308955907822,
701,701,0.04130631685256958,
702,702,0.042036209255456924,
703,703,0.04037041962146759,
704,704,0.03922119736671448,
705,705,0.0412650927901268,
706,706,0.04095141217112541,
707,707,0.04201214015483856,
708,708,0.03952504321932793,
709,709,0.041623812168836594,
710,710,0.03997762128710747,
711,711,0.04280374199151993,
712,712,0.041027557104825974,
713,713,0.045534055680036545,
714,714,0.04537523165345192,
715,715,0.041562244296073914,
716,716,0.0416584275662899,
717,717,0.038271091878414154,
718,718,0.04160849750041962,
719,719,0.04187072440981865,
720,720,0.04089204967021942,
721,721,0.04234727472066879,
722,722,0.04230807349085808,
723,723,0.04169462248682976,
724,724,0.04310306906700134,
725,725,0.041078392416238785,
726,726,0.041185155510902405,
727,727,0.04017158970236778,
728,728,0.04302892088890076,
729,729,0.040605589747428894,
730,730,0.043897904455661774,
731,731,0.03948204591870308,
732,732,0.04125325381755829,
733,733,0.03817644715309143,
734,734,0.04045596718788147,
735,735,0.03834966942667961,
736,736,0.04081236198544502,
737,737,0.04059860482811928,
738,738,0.042262546718120575,
739,739,0.041605040431022644,
740,740,0.04094124212861061,
741,741,0.041956253349781036,
742,742,0.04269980266690254,
743,743,0.04157164320349693,
744,744,0.041413258761167526,
745,745,0.04220603406429291,
746,746,0.04233989492058754,
747,747,0.04295865446329117,
748,748,0.04415809363126755,
749,749,,0.04231308028101921
749,749,0.04231308028101921,
750,750,0.03970033675432205,
751,751,0.04107220470905304,
752,752,0.04050110653042793,
753,753,0.04250685125589371,
754,754,0.04006573185324669,
755,755,0.040763452649116516,
756,756,0.03862764686346054,
757,757,0.04077824577689171,
758,758,0.04232439771294594,
759,759,0.03996242582798004,
760,760,0.04177530109882355,
761,761,0.041395701467990875,
762,762,0.04135698825120926,
763,763,0.0414358489215374,
764,764,0.039792321622371674,
765,765,0.040660664439201355,
766,766,0.04040639474987984,
767,767,0.03993955999612808,
768,768,0.04059098660945892,
769,769,0.03960500285029411,
770,770,0.04073011130094528,
771,771,0.04032140225172043,
772,772,0.041713085025548935,
773,773,0.040917567908763885,
774,774,0.04372365400195122,
775,775,0.041858360171318054,
776,776,0.04169991984963417,
777,777,0.04028717055916786,
778,778,0.0419221930205822,
779,779,0.04268066957592964,
780,780,0.04025249928236008,
781,781,0.04159116372466087,
782,782,0.04306723549962044,
783,783,0.042059965431690216,
784,784,0.0394502691924572,
785,785,0.04080582782626152,
786,786,0.04045500233769417,
787,787,0.04530287906527519,
788,788,0.041180264204740524,
789,789,0.04073305428028107,
790,790,0.04069424048066139,
791,791,0.0401516817510128,
792,792,0.04209824651479721,
793,793,0.04074827581644058,
794,794,0.04040973260998726,
795,795,0.03875802457332611,
796,796,0.042084626853466034,
797,797,0.039466194808483124,
798,798,0.04301407188177109,
799,799,,0.03609514236450195
799,799,0.03609514236450195,
800,800,0.03803039714694023,
801,801,0.04014930874109268,
802,802,0.039201103150844574,
803,803,0.04158209636807442,
804,804,0.04133705049753189,
805,805,0.04093184322118759,
806,806,0.04129178076982498,
807,807,0.04236074537038803,
808,808,0.041526325047016144,
809,809,0.04094824567437172,
810,810,0.04172942787408829,
811,811,0.04122847691178322,
812,812,0.040771353989839554,
813,813,0.04380740970373154,
814,814,0.040553655475378036,
815,815,0.03725489228963852,
816,816,0.04164737090468407,
817,817,0.041449323296546936,
818,818,0.03966169431805611,
819,819,0.04289359226822853,
820,820,0.04004320874810219,
821,821,0.03995984047651291,
822,822,0.0413641482591629,
823,823,0.0405714325606823,
824,824,0.04092392697930336,
825,825,0.03978051617741585,
826,826,0.041742198169231415,
827,827,0.04025798663496971,
828,828,0.04038071259856224,
829,829,0.041713058948516846,
830,830,0.040113985538482666,
831,831,0.041240788996219635,
832,832,0.04053167626261711,
833,833,0.04110492393374443,
834,834,0.040077775716781616,
835,835,0.03934796154499054,
836,836,0.04089980572462082,
837,837,0.044838082045316696,
838,838,0.04259348288178444,
839,839,0.04114874452352524,
840,840,0.04028618708252907,
841,841,0.040459852665662766,
842,842,0.037052396684885025,
843,843,0.041533805429935455,
844,844,0.042102374136447906,
845,845,0.042945750057697296,
846,846,0.04008718207478523,
847,847,0.039569951593875885,
848,848,0.04089326038956642,
849,849,,0.041206058114767075
849,849,0.041206058114767075,
850,850,0.04262356460094452,
851,851,0.04103643074631691,
852,852,0.0400518998503685,
853,853,0.04059741646051407,
854,854,0.039918892085552216,
855,855,0.03864011541008949,
856,856,0.04241861030459404,
857,857,0.04187960550189018,
858,858,0.043037306517362595,
859,859,0.03977862000465393,
860,860,0.03914983198046684,
861,861,0.04210371896624565,
862,862,0.04175478592514992,
863,863,0.04070332646369934,
864,864,0.04037843644618988,
865,865,0.04029497876763344,
866,866,0.041851215064525604,
867,867,0.04078983515501022,
868,868,0.04267586022615433,
869,869,0.04028414934873581,
870,870,0.040860552340745926,
871,871,0.04177897423505783,
872,872,0.04080985486507416,
873,873,0.0399455763399601,
874,874,0.04037199169397354,
875,875,0.03817037492990494,
876,876,0.04223620519042015,
877,877,0.0409492589533329,
878,878,0.039504341781139374,
879,879,0.04095923900604248,
880,880,0.040803197771310806,
881,881,0.040507782250642776,
882,882,0.04379517585039139,
883,883,0.040470778942108154,
884,884,0.041603852063417435,
885,885,0.040956683456897736,
886,886,0.040715936571359634,
887,887,0.038617826998233795,
888,888,0.04133443161845207,
889,889,0.04226334020495415,
890,890,0.04019605368375778,
891,891,0.04079766198992729,
892,892,0.040468547493219376,
893,893,0.04219925031065941,
894,894,0.044435396790504456,
895,895,0.04055943712592125,
896,896,0.040314074605703354,
897,897,0.041609201580286026,
898,898,0.037715476006269455,
899,899,,0.04033865034580231
899,899,0.04033865034580231,
900,900,0.04115176573395729,
901,901,0.03716837987303734,
902,902,0.040653619915246964,
903,903,0.03959209471940994,
904,904,0.035232942551374435,
905,905,0.040144164115190506,
906,906,0.03979228809475899,
907,907,0.03945702314376831,
908,908,0.041245270520448685,
909,909,0.03930135816335678,
910,910,0.04281599447131157,
911,911,0.041177816689014435,
912,912,0.038098789751529694,
913,913,0.038803581148386,
914,914,0.04185440391302109,
915,915,0.04089425131678581,
916,916,0.04121004045009613,
917,917,0.04060574248433113,
918,918,0.03823358193039894,
919,919,0.040959637612104416,
920,920,0.039602383971214294,
921,921,0.042590100318193436,
922,922,0.03940071910619736,
923,923,0.040984634310007095,
924,924,0.0397903248667717,
925,925,0.04133849963545799,
926,926,0.0420917384326458,
927,927,0.03834499418735504,
928,928,0.040054239332675934,
929,929,0.04211706668138504,
930,930,0.039334289729595184,
931,931,0.039352189749479294,
932,932,0.03958475962281227,
933,933,0.04178907349705696,
934,934,0.04011184349656105,
935,935,0.04032798483967781,
936,936,0.040882110595703125,
937,937,0.040745772421360016,
938,938,0.040195293724536896,
939,939,0.03969043493270874,
940,940,0.04268849641084671,
941,941,0.04093972221016884,
942,942,0.03978674113750458,
943,943,0.03959175571799278,
944,944,0.037482697516679764,
945,945,0.04045732319355011,
946,946,0.04087839275598526,
947,947,0.04236607998609543,
948,948,0.040845926851034164,
949,949,,0.039725709706544876
949,949,0.039725709706544876,
950,950,0.042462434619665146,
951,951,0.041403885930776596,
952,952,0.03995026275515556,
953,953,0.040252260863780975,
954,954,0.039439257234334946,
955,955,0.038079313933849335,
956,956,0.03816542401909828,
957,957,0.041054755449295044,
958,958,0.04050430282950401,
959,959,0.039759404957294464,
960,960,0.041222602128982544,
961,961,0.041167039424180984,
962,962,0.03907332941889763,
963,963,0.03868389129638672,
964,964,0.04142186790704727,
965,965,0.041260089725255966,
966,966,0.04000771418213844,
967,967,0.042152248322963715,
968,968,0.04195193946361542,
969,969,0.04078153893351555,
970,970,0.038545574992895126,
971,971,0.03885504975914955,
972,972,0.04083896055817604,
973,973,0.04069872573018074,
974,974,0.04020589217543602,
975,975,0.04167507216334343,
976,976,0.0408533476293087,
977,977,0.04222330078482628,
978,978,0.04459738731384277,
979,979,0.03614664077758789,
980,980,0.039505667984485626,
981,981,0.040632061660289764,
982,982,0.03985915333032608,
983,983,0.04083721712231636,
984,984,0.04066435992717743,
985,985,0.04233633726835251,
986,986,0.0404365099966526,
987,987,0.03943609073758125,
988,988,0.04047650098800659,
989,989,0.04051782563328743,
990,990,0.04056723415851593,
991,991,0.04161880910396576,
992,992,0.03928564488887787,
993,993,0.04014110937714577,
994,994,0.0397527813911438,
995,995,0.04006189480423927,
996,996,0.04057372733950615,
997,997,0.03831779584288597,
998,998,0.04281678423285484,
999,999,,0.036854058504104614
999,999,0.036854058504104614,
1000,1000,0.040393367409706116,
1001,1001,0.04108056053519249,
1002,1002,0.03854556009173393,
1003,1003,0.0418853797018528,
1004,1004,0.041368402540683746,
1005,1005,0.040382981300354004,
1006,1006,0.040823034942150116,
1007,1007,0.040861599147319794,
1008,1008,0.038158293813467026,
1009,1009,0.040113482624292374,
1010,1010,0.040381915867328644,
1011,1011,0.03988392651081085,
1012,1012,0.039759356528520584,
1013,1013,0.03994332253932953,
1014,1014,0.03901522979140282,
1015,1015,0.04170626029372215,
1016,1016,0.039349284023046494,
1017,1017,0.04013225808739662,
1018,1018,0.040105484426021576,
1019,1019,0.037344835698604584,
1020,1020,0.04059084877371788,
1021,1021,0.03912997245788574,
1022,1022,0.039759837090969086,
1023,1023,0.03934192657470703,
1024,1024,0.04112447053194046,
1025,1025,0.04090098291635513,
1026,1026,0.03985803946852684,
1027,1027,0.040104225277900696,
1028,1028,0.03842470049858093,
1029,1029,0.038686104118824005,
1030,1030,0.039230093359947205,
1031,1031,0.04017438739538193,
1032,1032,0.04003540799021721,
1033,1033,0.03766458109021187,
1034,1034,0.03963596746325493,
1035,1035,0.03881425783038139,
1036,1036,0.03992095962166786,
1037,1037,0.03987543284893036,
1038,1038,0.040293727070093155,
1039,1039,0.04107319936156273,
1040,1040,0.040380898863077164,
1041,1041,0.04062819853425026,
1042,1042,0.03894059732556343,
1043,1043,0.04031357914209366,
1044,1044,0.0403188019990921,
1045,1045,0.03970463201403618,
1046,1046,0.042931728065013885,
1047,1047,0.03957090899348259,
1048,1048,0.0398019477725029,
1049,1049,,0.03995442017912865
1049,1049,0.03995442017912865,
1050,1050,0.04018295183777809,
1051,1051,0.0396164245903492,
1052,1052,0.03959708288311958,
1053,1053,0.041885677725076675,
1054,1054,0.03910405933856964,
1055,1055,0.03971888870000839,
1056,1056,0.03973260521888733,
1057,1057,0.03740401193499565,
1058,1058,0.03722791746258736,
1059,1059,0.038431618362665176,
1060,1060,0.04053778201341629,
1061,1061,0.03819234296679497,
1062,1062,0.03757496178150177,
1063,1063,0.03648838400840759,
1064,1064,0.041347190737724304,
1065,1065,0.03745133429765701,
1066,1066,0.03995692357420921,
1067,1067,0.03785748779773712,
1068,1068,0.040216002613306046,
1069,1069,0.040044475346803665,
1070,1070,0.04086260497570038,
1071,1071,0.04001125320792198,
1072,1072,0.03982701152563095,
1073,1073,0.04071323573589325,
1074,1074,0.03635035455226898,
1075,1075,0.039438292384147644,
1076,1076,0.04003800079226494,
1077,1077,0.037955403327941895,
1078,1078,0.03913843259215355,
1079,1079,0.04218989983201027,
1080,1080,0.037487443536520004,
1081,1081,0.040493693202733994,
1082,1082,0.03662646934390068,
1083,1083,0.03671299293637276,
1084,1084,0.03986957669258118,
1085,1085,0.03804222494363785,
1086,1086,0.0372966006398201,
1087,1087,0.03836532309651375,
1088,1088,0.03475872427225113,
1089,1089,0.03958402946591377,
1090,1090,0.04059639200568199,
1091,1091,0.03810965269804001,
1092,1092,0.035364143550395966,
1093,1093,0.03715309500694275,
1094,1094,0.0405113622546196,
1095,1095,0.0375090092420578,
1096,1096,0.03887535631656647,
1097,1097,0.03688502684235573,
1098,1098,0.03784701228141785,
1099,1099,,0.03800303861498833
1099,1099,0.03800303861498833,
1100,1100,0.03485632315278053,
1101,1101,0.03356566280126572,
1102,1102,0.03997626528143883,
1103,1103,0.03764728829264641,
1104,1104,0.038234878331422806,
1105,1105,0.03776342049241066,
1106,1106,0.03709586337208748,
1107,1107,0.03904074802994728,
1108,1108,0.03705940768122673,
1109,1109,0.03684404864907265,
1110,1110,0.03809984400868416,
1111,1111,0.03848521038889885,
1112,1112,0.03973120078444481,
1113,1113,0.03899145871400833,
1114,1114,0.03659161925315857,
1115,1115,0.03749843314290047,
1116,1116,0.03787623345851898,
1117,1117,0.03774476796388626,
1118,1118,0.036455363035202026,
1119,1119,0.03842173144221306,
1120,1120,0.037324681878089905,
1121,1121,0.0380154587328434,
1122,1122,0.03729191794991493,
1123,1123,0.038419075310230255,
1124,1124,0.035598043352365494,
1125,1125,0.03500749543309212,
1126,1126,0.0351155549287796,
1127,1127,0.03801966458559036,
1128,1128,0.036688558757305145,
1129,1129,0.03702737018465996,
1130,1130,0.038647815585136414,
1131,1131,0.03708059713244438,
1132,1132,0.038225796073675156,
1133,1133,0.03691142424941063,
1134,1134,0.037044718861579895,
1135,1135,0.03741058334708214,
1136,1136,0.038282766938209534,
1137,1137,0.036824315786361694,
1138,1138,0.035995904356241226,
1139,1139,0.03666070103645325,
1140,1140,0.03707659989595413,
1141,1141,0.03732405602931976,
1142,1142,0.03639792650938034,
1143,1143,0.036817893385887146,
1144,1144,0.03577780723571777,
1145,1145,0.03498584404587746,
1146,1146,0.03584647178649902,
1147,1147,0.03640135005116463,
1148,1148,0.03761995956301689,
1149,1149,,0.03661881759762764
1149,1149,0.03661881759762764,
1150,1150,0.039194151759147644,
1151,1151,0.03416845202445984,
1152,1152,0.035796549171209335,
1153,1153,0.03681934252381325,
1154,1154,0.03782494366168976,
1155,1155,0.03632887825369835,
1156,1156,0.036591578274965286,
1157,1157,0.03754091262817383,
1158,1158,0.03805029019713402,
1159,1159,0.037671495229005814,
1160,1160,0.036592986434698105,
1161,1161,0.03491922467947006,
1162,1162,0.035166170448064804,
1163,1163,0.03537430241703987,
1164,1164,0.035928819328546524,
1165,1165,0.03715185075998306,
1166,1166,0.034653373062610626,
1167,1167,0.03604673966765404,
1168,1168,0.03621230274438858,
1169,1169,0.03935696557164192,
1170,1170,0.037089623510837555,
1171,1171,0.03419456258416176,
1172,1172,0.038097187876701355,
1173,1173,0.0381004624068737,
1174,1174,0.036367256194353104,
1175,1175,0.03596915304660797,
1176,1176,0.034607551991939545,
1177,1177,0.03615112602710724,
1178,1178,0.03582971915602684,
1179,1179,0.03770698606967926,
1180,1180,0.03477418050169945,
1181,1181,0.03640325367450714,
1182,1182,0.03667556121945381,
1183,1183,0.03469894453883171,
1184,1184,0.035905927419662476,
1185,1185,0.0339764766395092,
1186,1186,0.03384177386760712,
1187,1187,0.033549100160598755,
1188,1188,0.03731529414653778,
1189,1189,0.03517112508416176,
1190,1190,0.03451351076364517,
1191,1191,0.036507438868284225,
1192,1192,0.03615107014775276,
1193,1193,0.037627313286066055,
1194,1194,0.035816092044115067,
1195,1195,0.03497683256864548,
1196,1196,0.03640902414917946,
1197,1197,0.03542572259902954,
1198,1198,0.03687052056193352,
1199,1199,,0.033871136605739594
1199,1199,0.033871136605739594,
1200,1200,0.03576594963669777,
1201,1201,0.03497100993990898,
1202,1202,0.035365041345357895,
1203,1203,0.03557147830724716,
1204,1204,0.03556620329618454,
1205,1205,0.0352938175201416,
1206,1206,0.037018753588199615,
1207,1207,0.03483188897371292,
1208,1208,0.03348680958151817,
1209,1209,0.03631279617547989,
1210,1210,0.03617091104388237,
1211,1211,0.03459113463759422,
1212,1212,0.03410759195685387,
1213,1213,0.036426424980163574,
1214,1214,0.035310015082359314,
1215,1215,0.03353351354598999,
1216,1216,0.033734433352947235,
1217,1217,0.03515266627073288,
1218,1218,0.03479323163628578,
1219,1219,0.03617876023054123,
1220,1220,0.036416441202163696,
1221,1221,0.0341956652700901,
1222,1222,0.03229070454835892,
1223,1223,0.03325774148106575,
1224,1224,0.03339214250445366,
1225,1225,0.03607669472694397,
1226,1226,0.035055264830589294,
1227,1227,0.03304285183548927,
1228,1228,0.03240109980106354,
1229,1229,0.03423063084483147,
1230,1230,0.03400005027651787,
1231,1231,0.035812027752399445,
1232,1232,0.032399486750364304,
1233,1233,0.032104719430208206,
1234,1234,0.03327129781246185,
1235,1235,0.034374967217445374,
1236,1236,0.03365398570895195,
1237,1237,0.03573867306113243,
1238,1238,0.03311958909034729,
1239,1239,0.03576945513486862,
1240,1240,0.03536359220743179,
1241,1241,0.03483832627534866,
1242,1242,0.03407217934727669,
1243,1243,0.03547381982207298,
1244,1244,0.03381863981485367,
1245,1245,0.033130913972854614,
1246,1246,0.03403259813785553,
1247,1247,0.03272256255149841,
1248,1248,0.03470626473426819,
1249,1249,,0.033580511808395386
1249,1249,0.033580511808395386,
1250,1250,0.03257157653570175,
1251,1251,0.033563513308763504,
1252,1252,0.03516435995697975,
1253,1253,0.0341881588101387,
1254,1254,0.03320349007844925,
1255,1255,0.03351481258869171,
1256,1256,0.033335816115140915,
1257,1257,0.03260679915547371,
1258,1258,0.033498615026474,
1259,1259,0.03284908086061478,
1260,1260,0.033637698739767075,
1261,1261,0.0330476239323616,
1262,1262,0.029910007491707802,
1263,1263,0.03421688452363014,
1264,1264,0.03294133394956589,
1265,1265,0.033090412616729736,
1266,1266,0.031775496900081635,
1267,1267,0.034218523651361465,
1268,1268,0.03422810137271881,
1269,1269,0.03365064412355423,
1270,1270,0.033910416066646576,
1271,1271,0.03382435813546181,
1272,1272,0.03403794392943382,
1273,1273,0.035920143127441406,
1274,1274,0.033776186406612396,
1275,1275,0.03294479474425316,
1276,1276,0.03128006309270859,
1277,1277,0.03501296043395996,
1278,1278,0.03361934423446655,
1279,1279,0.03282586857676506,
1280,1280,0.03316890448331833,
1281,1281,0.033549629151821136,
1282,1282,0.0321001298725605,
1283,1283,0.032524947077035904,
1284,1284,0.03361722454428673,
1285,1285,0.03219123184680939,
1286,1286,0.03476855903863907,
1287,1287,0.03371986746788025,
1288,1288,0.033417679369449615,
1289,1289,0.032913751900196075,
1290,1290,0.033902473747730255,
1291,1291,0.032562676817178726,
1292,1292,0.03368597850203514,
1293,1293,0.03339705243706703,
1294,1294,0.033110689371824265,
1295,1295,0.032877545803785324,
1296,1296,0.0335095152258873,
1297,1297,0.033931098878383636,
1298,1298,0.03249868378043175,
1299,1299,,0.03355027362704277
1299,1299,0.03355027362704277,
1300,1300,0.029026025906205177,
1301,1301,0.03345213085412979,
1302,1302,0.03448496386408806,
1303,1303,0.032380297780036926,
1304,1304,0.031074872240424156,
1305,1305,0.03288978710770607,
1306,1306,0.03235766664147377,
1307,1307,0.033901430666446686,
1308,1308,0.03174128010869026,
1309,1309,0.03189501538872719,
1310,1310,0.0327644981443882,
1311,1311,0.03459927439689636,
1312,1312,0.033423855900764465,
1313,1313,0.03409193828701973,
1314,1314,0.03463508561253548,
1315,1315,0.02899547480046749,
1316,1316,0.03173144534230232,
1317,1317,0.03396949544548988,
1318,1318,0.03184448927640915,
1319,1319,0.03259643167257309,
1320,1320,0.03209906816482544,
1321,1321,0.03416971489787102,
1322,1322,0.03437533602118492,
1323,1323,0.03160957619547844,
1324,1324,0.03456512466073036,
1325,1325,0.03354319557547569,
1326,1326,0.030576681718230247,
1327,1327,0.03382650390267372,
1328,1328,0.0328042097389698,
1329,1329,0.031787123531103134,
1330,1330,0.032048460096120834,
1331,1331,0.03358054161071777,
1332,1332,0.03154768794775009,
1333,1333,0.033500589430332184,
1334,1334,0.032153815031051636,
1335,1335,0.03161385655403137,
1336,1336,0.03279896453022957,
1337,1337,0.03179502487182617,
1338,1338,0.03504588082432747,
1339,1339,0.030848057940602303,
1340,1340,0.03342491760849953,
1341,1341,0.030925165861845016,
1342,1342,0.030810130760073662,
1343,1343,0.03091500513255596,
1344,1344,0.03026927448809147,
1345,1345,0.031135939061641693,
1346,1346,0.031221533194184303,
1347,1347,0.03171143680810928,
1348,1348,0.03135985508561134,
1349,1349,,0.03494761511683464
1349,1349,0.03494761511683464,
1350,1350,0.03268732875585556,
1351,1351,0.03171693906188011,
1352,1352,0.0318746380507946,
1353,1353,0.03167577460408211,
1354,1354,0.03184850513935089,
1355,1355,0.03173338994383812,
1356,1356,0.0322515070438385,
1357,1357,0.03468598425388336,
1358,1358,0.03172401338815689,
1359,1359,0.03163878247141838,
1360,1360,0.03170544654130936,
1361,1361,0.03312840685248375,
1362,1362,0.032722108066082,
1363,1363,0.032239362597465515,
1364,1364,0.031222542747855186,
1365,1365,0.03301025927066803,
1366,1366,0.03172766789793968,
1367,1367,0.030734511092305183,
1368,1368,0.03188858926296234,
1369,1369,0.03352223336696625,
1370,1370,0.031652532517910004,
1371,1371,0.03116094507277012,
1372,1372,0.031578291207551956,
1373,1373,0.0306963250041008,
1374,1374,0.03249287232756615,
1375,1375,0.03233620524406433,
1376,1376,0.032697975635528564,
1377,1377,0.03284208104014397,
1378,1378,0.032131992280483246,
1379,1379,0.03262241557240486,
1380,1380,0.03145516291260719,
1381,1381,0.034485843032598495,
1382,1382,0.0324673093855381,
1383,1383,0.030980173498392105,
1384,1384,0.031849127262830734,
1385,1385,0.03311239182949066,
1386,1386,0.030060293152928352,
1387,1387,0.0306242723017931,
1388,1388,0.032336872071027756,
1389,1389,0.03328899294137955,
1390,1390,0.03248240426182747,
1391,1391,0.030228344723582268,
1392,1392,0.031589288264513016,
1393,1393,0.0336511991918087,
1394,1394,0.03274751082062721,
1395,1395,0.0325680710375309,
1396,1396,0.03243733197450638,
1397,1397,0.03280528262257576,
1398,1398,0.033577412366867065,
1399,1399,,0.03154847025871277
1399,1399,0.03154847025871277,
1400,1400,0.03093384951353073,
1401,1401,0.033262379467487335,
1402,1402,0.02937457710504532,
1403,1403,0.03138905391097069,
1404,1404,0.032696571201086044,
1405,1405,0.030868981033563614,
1406,1406,0.032330602407455444,
1407,1407,0.03107382357120514,
1408,1408,0.032509420067071915,
1409,1409,0.03245212137699127,
1410,1410,0.03349095210433006,
1411,1411,0.031529512256383896,
1412,1412,0.03336305171251297,
1413,1413,0.03065820038318634,
1414,1414,0.031185412779450417,
1415,1415,0.032588884234428406,
1416,1416,0.03212325647473335,
1417,1417,0.03186754882335663,
1418,1418,0.031041866168379784,
1419,1419,0.03131268918514252,
1420,1420,0.031355347484350204,
1421,1421,0.03198380768299103,
1422,1422,0.03178609907627106,
1423,1423,0.03196695074439049,
1424,1424,0.03096589259803295,
1425,1425,0.03125254809856415,
1426,1426,0.029593009501695633,
1427,1427,0.03180268779397011,
1428,1428,0.030583808198571205,
1429,1429,0.03328489884734154,
1430,1430,0.03103693574666977,
1431,1431,0.031246719881892204,
1432,1432,0.03093738481402397,
1433,1433,0.03105771727859974,
1434,1434,0.02995426021516323,
1435,1435,0.030625302344560623,
1436,1436,0.032249193638563156,
1437,1437,0.03163947910070419,
1438,1438,0.032427046447992325,
1439,1439,0.03269746154546738,
1440,1440,0.030751148238778114,
1441,1441,0.032060906291007996,
1442,1442,0.030150610953569412,
1443,1443,0.03299035131931305,
1444,1444,0.03215888515114784,
1445,1445,0.031059419736266136,
1446,1446,0.032367028295993805,
1447,1447,0.031141024082899094,
1448,1448,0.032525304704904556,
1449,1449,,0.03093535266816616
1449,1449,0.03093535266816616,
1450,1450,0.03179839625954628,
1451,1451,0.03062049113214016,
1452,1452,0.0318676196038723,
1453,1453,0.03419534116983414,
1454,1454,0.03146347030997276,
1455,1455,0.03164741024374962,
1456,1456,0.033890850841999054,
1457,1457,0.032087888568639755,
1458,1458,0.03081657551229,
1459,1459,0.030649511143565178,
1460,1460,0.03236902877688408,
1461,1461,0.03136642649769783,
1462,1462,0.03131093829870224,
1463,1463,0.03110230155289173,
1464,1464,0.03127805516123772,
1465,1465,0.03145136311650276,
1466,1466,0.030654875561594963,
1467,1467,0.03130938485264778,
1468,1468,0.031110502779483795,
1469,1469,0.03130384162068367,
1470,1470,0.03101249970495701,
1471,1471,0.03124426305294037,
1472,1472,0.030941208824515343,
1473,1473,0.03201165050268173,
1474,1474,0.030469223856925964,
1475,1475,0.030159786343574524,
1476,1476,0.03102775849401951,
1477,1477,0.03129316493868828,
1478,1478,0.03172840178012848,
1479,1479,0.031903814524412155,
1480,1480,0.03147134557366371,
1481,1481,0.031392812728881836,
1482,1482,0.03222014382481575,
1483,1483,0.031102919951081276,
1484,1484,0.031103603541851044,
1485,1485,0.03044336475431919,
1486,1486,0.030902983620762825,
1487,1487,0.02967233397066593,
1488,1488,0.030773712322115898,
1489,1489,0.02960909530520439,
1490,1490,0.03206411004066467,
1491,1491,0.033558424562215805,
1492,1492,0.031129829585552216,
1493,1493,0.03088243305683136,
1494,1494,0.03027522750198841,
1495,1495,0.030579445883631706,
1496,1496,0.03373336419463158,
1497,1497,0.030226662755012512,
1498,1498,0.03073815628886223,
1499,1499,,0.030443690717220306
1499,1499,0.030443690717220306,
1500,1500,0.030680380761623383,
1501,1501,0.03089752048254013,
1502,1502,0.03217454254627228,
1503,1503,0.03128603473305702,
1504,1504,0.030641542747616768,
1505,1505,0.031046923249959946,
1506,1506,0.03025101125240326,
1507,1507,0.030833233147859573,
1508,1508,0.032663241028785706,
1509,1509,0.02909187041223049,
1510,1510,0.031406089663505554,
1511,1511,0.030991211533546448,
1512,1512,0.029493285343050957,
1513,1513,0.0304720476269722,
1514,1514,0.03191198781132698,
1515,1515,0.03060372918844223,
1516,1516,0.03123704344034195,
1517,1517,0.03047274611890316,
1518,1518,0.03118654154241085,
1519,1519,0.03172390162944794,
1520,1520,0.030305689200758934,
1521,1521,0.03119278885424137,
1522,1522,0.030580151826143265,
1523,1523,0.03234582021832466,
1524,1524,0.02946237288415432,
1525,1525,0.029646169394254684,
1526,1526,0.03121292218565941,
1527,1527,0.030249204486608505,
1528,1528,0.03104262240231037,
1529,1529,0.030975913628935814,
1530,1530,0.030664782971143723,
1531,1531,0.030798472464084625,
1532,1532,0.03135249391198158,
1533,1533,0.031237823888659477,
1534,1534,0.030468562617897987,
1535,1535,0.031860511749982834,
1536,1536,0.030989088118076324,
1537,1537,0.030760744586586952,
1538,1538,0.029427560046315193,
1539,1539,0.030223309993743896,
1540,1540,0.029745925217866898,
1541,1541,0.03269829601049423,
1542,1542,0.030246777459979057,
1543,1543,0.03001018986105919,
1544,1544,0.02984374761581421,
1545,1545,0.02917233295738697,
1546,1546,0.030730435624718666,
1547,1547,0.030663058161735535,
1548,1548,0.03122556395828724,
1549,1549,,0.030322233214974403
1549,1549,0.030322233214974403,
1550,1550,0.030937133356928825,
1551,1551,0.03049769252538681,
1552,1552,0.03129275143146515,
1553,1553,0.03074018843472004,
1554,1554,0.031839288771152496,
1555,1555,0.03097693808376789,
1556,1556,0.030766189098358154,
1557,1557,0.030286572873592377,
1558,1558,0.028983835130929947,
1559,1559,0.0272018164396286,
1560,1560,0.029595011845231056,
1561,1561,0.03087134286761284,
1562,1562,0.030553923919796944,
1563,1563,0.030372969806194305,
1564,1564,0.030078822746872902,
1565,1565,0.030357154086232185,
1566,1566,0.028260663151741028,
1567,1567,0.030608827248215675,
1568,1568,0.03180892765522003,
1569,1569,0.02959280088543892,
1570,1570,0.03215009719133377,
1571,1571,0.03181051090359688,
1572,1572,0.031478721648454666,
1573,1573,0.030221126973628998,
1574,1574,0.0312701016664505,
1575,1575,0.030408354476094246,
1576,1576,0.02992379665374756,
1577,1577,0.029768824577331543,
1578,1578,0.03024740144610405,
1579,1579,0.028187982738018036,
1580,1580,0.03215562179684639,
1581,1581,0.030789831653237343,
1582,1582,0.029363304376602173,
1583,1583,0.030386729165911674,
1584,1584,0.03013024479150772,
1585,1585,0.030017757788300514,
1586,1586,0.03000059723854065,
1587,1587,0.029950594529509544,
1588,1588,0.02936355210840702,
1589,1589,0.030631814152002335,
1590,1590,0.030749857425689697,
1591,1591,0.027995433658361435,
1592,1592,0.029733218252658844,
1593,1593,0.03195223584771156,
1594,1594,0.03117162175476551,
1595,1595,0.030970990657806396,
1596,1596,0.030555469915270805,
1597,1597,0.029770318418741226,
1598,1598,0.031967949122190475,
1599,1599,,0.0297743808478117
1599,1599,0.0297743808478117,
1600,1600,0.03008398599922657,
1601,1601,0.029587162658572197,
1602,1602,0.030869372189044952,
1603,1603,0.027624616399407387,
1604,1604,0.028436576947569847,
1605,1605,0.029148120433092117,
1606,1606,0.03029547445476055,
1607,1607,0.030746564269065857,
1608,1608,0.03098415769636631,
1609,1609,0.028642842546105385,
1610,1610,0.02857067994773388,
1611,1611,0.029422705993056297,
1612,1612,0.0329594649374485,
1613,1613,0.03007344715297222,
1614,1614,0.03292558342218399,
1615,1615,0.02957732602953911,
1616,1616,0.027952048927545547,
1617,1617,0.02853175811469555,
1618,1618,0.03181594982743263,
1619,1619,0.030295638367533684,
1620,1620,0.028296709060668945,
1621,1621,0.030335741117596626,
1622,1622,0.029783453792333603,
1623,1623,0.029724907130002975,
1624,1624,0.030300501734018326,
1625,1625,0.030504286289215088,
1626,1626,0.029661886394023895,
1627,1627,0.0290025994181633,
1628,1628,0.029476026073098183,
1629,1629,0.03121158480644226,
1630,1630,0.029354557394981384,
1631,1631,0.02914140745997429,
1632,1632,0.02954080142080784,
1633,1633,0.028064846992492676,
1634,1634,0.028785163536667824,
1635,1635,0.029530633240938187,
1636,1636,0.031204605475068092,
1637,1637,0.030596867203712463,
1638,1638,0.029511544853448868,
1639,1639,0.02832423336803913,
1640,1640,0.029808804392814636,
1641,1641,0.02973683923482895,
1642,1642,0.030267376452684402,
1643,1643,0.029396219179034233,
1644,1644,0.02912548929452896,
1645,1645,0.03033244051039219,
1646,1646,0.0313655287027359,
1647,1647,0.029988333582878113,
1648,1648,0.030277056619524956,
1649,1649,,0.02943316288292408
1649,1649,0.02943316288292408,
1650,1650,0.03133377060294151,
1651,1651,0.030470609664916992,
1652,1652,0.030610304325819016,
1653,1653,0.028709741309285164,
1654,1654,0.029866356402635574,
1655,1655,0.03380093723535538,
1656,1656,0.02902940660715103,
1657,1657,0.029356656596064568,
1658,1658,0.030623501166701317,
1659,1659,0.029961589723825455,
1660,1660,0.029456647112965584,
1661,1661,0.027658851817250252,
1662,1662,0.02873963862657547,
1663,1663,0.029281867668032646,
1664,1664,0.027258792892098427,
1665,1665,0.030342839658260345,
1666,1666,0.029737064614892006,
1667,1667,0.029019607231020927,
1668,1668,0.027334634214639664,
1669,1669,0.031176239252090454,
1670,1670,0.02835935913026333,
1671,1671,0.02796369045972824,
1672,1672,0.027923570945858955,
1673,1673,0.03011171706020832,
1674,1674,0.028665708377957344,
1675,1675,0.028403963893651962,
1676,1676,0.029529547318816185,
1677,1677,0.029368098825216293,
1678,1678,0.029831556603312492,
1679,1679,0.029285917058587074,
1680,1680,0.02777186408638954,
1681,1681,0.029562339186668396,
1682,1682,0.030018609017133713,
1683,1683,0.029682522639632225,
1684,1684,0.028435271233320236,
1685,1685,0.028282904997467995,
1686,1686,0.029371630400419235,
1687,1687,0.028536029160022736,
1688,1688,0.027814866974949837,
1689,1689,0.030895903706550598,
1690,1690,0.028466589748859406,
1691,1691,0.028927749022841454,
1692,1692,0.029841380193829536,
1693,1693,0.02921493537724018,
1694,1694,0.029336055740714073,
1695,1695,0.02905537560582161,
1696,1696,0.02628014050424099,
1697,1697,0.028877802193164825,
1698,1698,0.029489625245332718,
1699,1699,,0.02828156389296055
1699,1699,0.02828156389296055,
1700,1700,0.029523121193051338,
1701,1701,0.028656279668211937,
1702,1702,0.0300498828291893,
1703,1703,0.028051607310771942,
1704,1704,0.028296301141381264,
1705,1705,0.028401991352438927,
1706,1706,0.029084138572216034,
1707,1707,0.028785552829504013,
1708,1708,0.029197052121162415,
1709,1709,0.02887195162475109,
1710,1710,0.029140155762434006,
1711,1711,0.027368120849132538,
1712,1712,0.027815623208880424,
1713,1713,0.028752228245139122,
1714,1714,0.02862037532031536,
1715,1715,0.027694012969732285,
1716,1716,0.02964593470096588,
1717,1717,0.027144405990839005,
1718,1718,0.029145676642656326,
1719,1719,0.02833174541592598,
1720,1720,0.02791707031428814,
1721,1721,0.028307020664215088,
1722,1722,0.028322327882051468,
1723,1723,0.028764517977833748,
1724,1724,0.02693249098956585,
1725,1725,0.027806788682937622,
1726,1726,0.028226502239704132,
1727,1727,0.028072725981473923,
1728,1728,0.027936965227127075,
1729,1729,0.02993009239435196,
1730,1730,0.028863145038485527,
1731,1731,0.028269750997424126,
1732,1732,0.028025951236486435,
1733,1733,0.02795965038239956,
1734,1734,0.028545355424284935,
1735,1735,0.028254106640815735,
1736,1736,0.02705525979399681,
1737,1737,0.027614055201411247,
1738,1738,0.027293870225548744,
1739,1739,0.028386905789375305,
1740,1740,0.028182150796055794,
1741,1741,0.0297253355383873,
1742,1742,0.027711177244782448,
1743,1743,0.027182158082723618,
1744,1744,0.03033462166786194,
1745,1745,0.028262434527277946,
1746,1746,0.028456825762987137,
1747,1747,0.028548328205943108,
1748,1748,0.026852617040276527,
1749,1749,,0.025757314637303352
1749,1749,0.025757314637303352,
1750,1750,0.027275970205664635,
1751,1751,0.02665449120104313,
1752,1752,0.028284216299653053,
1753,1753,0.02751016989350319,
1754,1754,0.02808959037065506,
1755,1755,0.027420559898018837,
1756,1756,0.028099551796913147,
1757,1757,0.02780994586646557,
1758,1758,0.02766740508377552,
1759,1759,0.02715064026415348,
1760,1760,0.03045407123863697,
1761,1761,0.028001878410577774,
1762,1762,0.026847263798117638,
1763,1763,0.02759775146842003,
1764,1764,0.027418948709964752,
1765,1765,0.027751298621296883,
1766,1766,0.02746208757162094,
1767,1767,0.02808176726102829,
1768,1768,0.026442548260092735,
1769,1769,0.02809862419962883,
1770,1770,0.028058450669050217,
1771,1771,0.026419175788760185,
1772,1772,0.027508653700351715,
1773,1773,0.027273228392004967,
1774,1774,0.02808244153857231,
1775,1775,0.031051836907863617,
1776,1776,0.027060408145189285,
1777,1777,0.027920164167881012,
1778,1778,0.029492711648344994,
1779,1779,0.02888893522322178,
1780,1780,0.028005465865135193,
1781,1781,0.02739124558866024,
1782,1782,0.027253098785877228,
1783,1783,0.02911682426929474,
1784,1784,0.028723958879709244,
1785,1785,0.0288638137280941,
1786,1786,0.027412669733166695,
1787,1787,0.02835424803197384,
1788,1788,0.02783883549273014,
1789,1789,0.02758227288722992,
1790,1790,0.027170011773705482,
1791,1791,0.027596402913331985,
1792,1792,0.027644718065857887,
1793,1793,0.02937428466975689,
1794,1794,0.02861260063946247,
1795,1795,0.027735961601138115,
1796,1796,0.027399947866797447,
1797,1797,0.027838898822665215,
1798,1798,0.028873153030872345,
1799,1799,,0.02694348245859146
1799,1799,0.02694348245859146,
1800,1800,0.027270449325442314,
1801,1801,0.028385451063513756,
1802,1802,0.02802208811044693,
1803,1803,0.026295751333236694,
1804,1804,0.027665037661790848,
1805,1805,0.02767079882323742,
1806,1806,0.02753577195107937,
1807,1807,0.026775961741805077,
1808,1808,0.026697250083088875,
1809,1809,0.028754746541380882,
1810,1810,0.027860401198267937,
1811,1811,0.02591930888593197,
1812,1812,0.027123497799038887,
1813,1813,0.0252702496945858,
1814,1814,0.02760215289890766,
1815,1815,0.02539967931807041,
1816,1816,0.027053846046328545,
1817,1817,0.025274230167269707,
1818,1818,0.030848586931824684,
1819,1819,0.026537880301475525,
1820,1820,0.026741428300738335,
1821,1821,0.02672928012907505,
1822,1822,0.02597976103425026,
1823,1823,0.026514224708080292,
1824,1824,0.02722836099565029,
1825,1825,0.026638105511665344,
1826,1826,0.02832823246717453,
1827,1827,0.02762369066476822,
1828,1828,0.02755281887948513,
1829,1829,0.02599167823791504,
1830,1830,0.027011770755052567,
1831,1831,0.025170650333166122,
1832,1832,0.025851206853985786,
1833,1833,0.02800839953124523,
1834,1834,0.027675636112689972,
1835,1835,0.027716832235455513,
1836,1836,0.027487829327583313,
1837,1837,0.026763690635561943,
1838,1838,0.025585317984223366,
1839,1839,0.02616121619939804,
1840,1840,0.02734503522515297,
1841,1841,0.026896225288510323,
1842,1842,0.026271428912878036,
1843,1843,0.026142587885260582,
1844,1844,0.026651926338672638,
1845,1845,0.02630685828626156,
1846,1846,0.026161301881074905,
1847,1847,0.026495270431041718,
1848,1848,0.026790639385581017,
1849,1849,,0.02721405029296875
1849,1849,0.02721405029296875,
1850,1850,0.026230232790112495,
1851,1851,0.02658992074429989,
1852,1852,0.026088116690516472,
1853,1853,0.0261067021638155,
1854,1854,0.026332225650548935,
1855,1855,0.026458457112312317,
1856,1856,0.027064474299550056,
1857,1857,0.026579823344945908,
1858,1858,0.02488006465137005,
1859,1859,0.025436704978346825,
1860,1860,0.02588130347430706,
1861,1861,0.027104534208774567,
1862,1862,0.026293357834219933,
1863,1863,0.025570394471287727,
1864,1864,0.02613191306591034,
1865,1865,0.025884924456477165,
1866,1866,0.0258990079164505,
1867,1867,0.026605451479554176,
1868,1868,0.027140958234667778,
1869,1869,0.0251467227935791,
1870,1870,0.02625180408358574,
1871,1871,0.025022566318511963,
1872,1872,0.027383295819163322,
1873,1873,0.025698572397232056,
1874,1874,0.026751738041639328,
1875,1875,0.025728648528456688,
1876,1876,0.02580023929476738,
1877,1877,0.025525769218802452,
1878,1878,0.026017777621746063,
1879,1879,0.027900706976652145,
1880,1880,0.02665885165333748,
1881,1881,0.025083253160119057,
1882,1882,0.026851650327444077,
1883,1883,0.026372041553258896,
1884,1884,0.026278411969542503,
1885,1885,0.026235759258270264,
1886,1886,0.02579084411263466,
1887,1887,0.026192624121904373,
1888,1888,0.027012523263692856,
1889,1889,0.026194721460342407,
1890,1890,0.02625912055373192,
1891,1891,0.026261093094944954,
1892,1892,0.026082796975970268,
1893,1893,0.025345155969262123,
1894,1894,0.026551464572548866,
1895,1895,0.02589445933699608,
1896,1896,0.026723066344857216,
1897,1897,0.026286954060196877,
1898,1898,0.02562483586370945,
1899,1899,,0.026494190096855164
1899,1899,0.026494190096855164,
1900,1900,0.02597312442958355,
1901,1901,0.02596333436667919,
1902,1902,0.025278041139245033,
1903,1903,0.027141328901052475,
1904,1904,0.026713062077760696,
1905,1905,0.02655087225139141,
1906,1906,0.024304844439029694,
1907,1907,0.02504974789917469,
1908,1908,0.026949431747198105,
1909,1909,0.026808330789208412,
1910,1910,0.02831062488257885,
1911,1911,0.025718608871102333,
1912,1912,0.02620556578040123,
1913,1913,0.02716147154569626,
1914,1914,0.02735202945768833,
1915,1915,0.025161731988191605,
1916,1916,0.025598278269171715,
1917,1917,0.02491121180355549,
1918,1918,0.027778267860412598,
1919,1919,0.024883268401026726,
1920,1920,0.02556591108441353,
1921,1921,0.025894206017255783,
1922,1922,0.025529203936457634,
1923,1923,0.02791830152273178,
1924,1924,0.025890281423926353,
1925,1925,0.02582194097340107,
1926,1926,0.026121200993657112,
1927,1927,0.02545849233865738,
1928,1928,0.025481875985860825,
1929,1929,0.02713857591152191,
1930,1930,0.02597104012966156,
1931,1931,0.02657824568450451,
1932,1932,0.025211699306964874,
1933,1933,0.025712331756949425,
1934,1934,0.02641686610877514,
1935,1935,0.025434009730815887,
1936,1936,0.02591419406235218,
1937,1937,0.026421254500746727,
1938,1938,0.025270206853747368,
1939,1939,0.024236945435404778,
1940,1940,0.026736725121736526,
1941,1941,0.026034334674477577,
1942,1942,0.02649041824042797,
1943,1943,0.027467330917716026,
1944,1944,0.02579321898519993,
1945,1945,0.02684227004647255,
1946,1946,0.026772867888212204,
1947,1947,0.02565653994679451,
1948,1948,0.026647251099348068,
1949,1949,,0.025552332401275635
1949,1949,0.025552332401275635,
1950,1950,0.02563500590622425,
1951,1951,0.02628864161670208,
1952,1952,0.026565324515104294,
1953,1953,0.025396469980478287,
1954,1954,0.02639080211520195,
1955,1955,0.025826379656791687,
1956,1956,0.025639746338129044,
1957,1957,0.02213091030716896,
1958,1958,0.02577238157391548,
1959,1959,0.025665437802672386,
1960,1960,0.02272624894976616,
1961,1961,0.02514377236366272,
1962,1962,0.025707997381687164,
1963,1963,0.02707735262811184,
1964,1964,0.024459954351186752,
1965,1965,0.024711357429623604,
1966,1966,0.025594450533390045,
1967,1967,0.02540762536227703,
1968,1968,0.025210415944457054,
1969,1969,0.025659415870904922,
1970,1970,0.024559080600738525,
1971,1971,0.025730662047863007,
1972,1972,0.024715598672628403,
1973,1973,0.025739746168255806,
1974,1974,0.025245729833841324,
1975,1975,0.025559045374393463,
1976,1976,0.02608494460582733,
1977,1977,0.026602234691381454,
1978,1978,0.024316854774951935,
1979,1979,0.02584320306777954,
1980,1980,0.025659406557679176,
1981,1981,0.025396639481186867,
1982,1982,0.02566821314394474,
1983,1983,0.025481048971414566,
1984,1984,0.025707503780722618,
1985,1985,0.02571597322821617,
1986,1986,0.025250568985939026,
1987,1987,0.025526508688926697,
1988,1988,0.024432430043816566,
1989,1989,0.0262446328997612,
1990,1990,0.02740669436752796,
1991,1991,0.02498789317905903,
1992,1992,0.024501848965883255,
1993,1993,0.024192536249756813,
1994,1994,0.026754213497042656,
1995,1995,0.02598751336336136,
1996,1996,0.025603245943784714,
1997,1997,0.026506071910262108,
1998,1998,0.029463548213243484,
1999,1999,,0.025667384266853333
1999,1999,0.025667384266853333,
2000,2000,0.025458842515945435,
2001,2001,0.02621951326727867,
2002,2002,0.0247232336550951,
2003,2003,0.025156425312161446,
2004,2004,0.025420621037483215,
2005,2005,0.026392580941319466,
2006,2006,0.025614099577069283,
2007,2007,0.02448832429945469,
2008,2008,0.026244185864925385,
2009,2009,0.02595623768866062,
2010,2010,0.025005942210555077,
2011,2011,0.026422778144478798,
2012,2012,0.026505837216973305,
2013,2013,0.023385504260659218,
2014,2014,0.024740537628531456,
2015,2015,0.024982640519738197,
2016,2016,0.02411855198442936,
2017,2017,0.02486048825085163,
2018,2018,0.02524287812411785,
2019,2019,0.025211630389094353,
2020,2020,0.025623338297009468,
2021,2021,0.02601189911365509,
2022,2022,0.02481113374233246,
2023,2023,0.024874290451407433,
2024,2024,0.02587173879146576,
2025,2025,0.02594177797436714,
2026,2026,0.02593734674155712,
2027,2027,0.025811534374952316,
2028,2028,0.025245677679777145,
2029,2029,0.0247330479323864,
2030,2030,0.02556993067264557,
2031,2031,0.025083430111408234,
2032,2032,0.024580810219049454,
2033,2033,0.024909688159823418,
2034,2034,0.025877581909298897,
2035,2035,0.02515271119773388,
2036,2036,0.02481812983751297,
2037,2037,0.024837719276547432,
2038,2038,0.02402491308748722,
2039,2039,0.025391392409801483,
2040,2040,0.025249041616916656,
2041,2041,0.027600720524787903,
2042,2042,0.025224091485142708,
2043,2043,0.0273943692445755,
2044,2044,0.02548425830900669,
2045,2045,0.02562570944428444,
2046,2046,0.025712303817272186,
2047,2047,0.02534918300807476,
2048,2048,0.025419684126973152,
2049,2049,,0.025167100131511688
2049,2049,0.025167100131511688,
2050,2050,0.025262322276830673,
2051,2051,0.02490202710032463,
2052,2052,0.024665888398885727,
2053,2053,0.0240803062915802,
2054,2054,0.025252126157283783,
2055,2055,0.024341432377696037,
2056,2056,0.024410299956798553,
2057,2057,0.025834932923316956,
2058,2058,0.02564525604248047,
2059,2059,0.027056284248828888,
2060,2060,0.02549879066646099,
2061,2061,0.02476675994694233,
2062,2062,0.025561779737472534,
2063,2063,0.02600604109466076,
2064,2064,0.024868477135896683,
2065,2065,0.02480289153754711,
2066,2066,0.025410184636712074,
2067,2067,0.023747025057673454,
2068,2068,0.025644659996032715,
2069,2069,0.028710465878248215,
2070,2070,0.0255033727735281,
2071,2071,0.026104537770152092,
2072,2072,0.025431852787733078,
2073,2073,0.024541357532143593,
2074,2074,0.027089865878224373,
2075,2075,0.025883514434099197,
2076,2076,0.025967566296458244,
2077,2077,0.023941321298480034,
2078,2078,0.025313610211014748,
2079,2079,0.026580344885587692,
2080,2080,0.027513574808835983,
2081,2081,0.026619981974363327,
2082,2082,0.025685423985123634,
2083,2083,0.025406215339899063,
2084,2084,0.02604139968752861,
2085,2085,0.02485332265496254,
2086,2086,0.02438030205667019,
2087,2087,0.025615179911255836,
2088,2088,0.025539634749293327,
2089,2089,0.02493436075747013,
2090,2090,0.025057759135961533,
2091,2091,0.02523496188223362,
2092,2092,0.02590864524245262,
2093,2093,0.024888793006539345,
2094,2094,0.0257392730563879,
2095,2095,0.025363942608237267,
2096,2096,0.023804116994142532,
2097,2097,0.025317789986729622,
2098,2098,0.024775903671979904,
2099,2099,,0.0258614681661129
2099,2099,0.0258614681661129,
2100,2100,0.025362562388181686,
2101,2101,0.025054344907402992,
2102,2102,0.02514045126736164,
2103,2103,0.025113552808761597,
2104,2104,0.0243808776140213,
2105,2105,0.025113888084888458,
2106,2106,0.02616049535572529,
2107,2107,0.02516138181090355,
2108,2108,0.024725301191210747,
2109,2109,0.02515196055173874,
2110,2110,0.025562116876244545,
2111,2111,0.02520746923983097,
2112,2112,0.024731695652008057,
2113,2113,0.02576451189815998,
2114,2114,0.02523416094481945,
2115,2115,0.02754543162882328,
2116,2116,0.02494969591498375,
2117,2117,0.025700954720377922,
2118,2118,0.025759629905223846,
2119,2119,0.024816732853651047,
2120,2120,0.024404199793934822,
2121,2121,0.02475631609559059,
2122,2122,0.026998355984687805,
2123,2123,0.025671372190117836,
2124,2124,0.025039631873369217,
2125,2125,0.02558690495789051,
2126,2126,0.02528068982064724,
2127,2127,0.02493174746632576,
2128,2128,0.023347022011876106,
2129,2129,0.02492046169936657,
2130,2130,0.02575155533850193,
2131,2131,0.02533184178173542,
2132,2132,0.02401896007359028,
2133,2133,0.024810047820210457,
2134,2134,0.02543269284069538,
2135,2135,0.02507193014025688,
2136,2136,0.026047449558973312,
2137,2137,0.02472895197570324,
2138,2138,0.02497907727956772,
2139,2139,0.02471553534269333,
2140,2140,0.02449623867869377,
2141,2141,0.024710414931178093,
2142,2142,0.0255325585603714,
2143,2143,0.02632337063550949,
2144,2144,0.02402707189321518,
2145,2145,0.02509228140115738,
2146,2146,0.024665337055921555,
2147,2147,0.02532072365283966,
2148,2148,0.024643221870064735,
2149,2149,,0.023203730583190918
2149,2149,0.023203730583190918,
2150,2150,0.026534589007496834,
2151,2151,0.025419019162654877,
2152,2152,0.026417771354317665,
2153,2153,0.025503672659397125,
2154,2154,0.024469390511512756,
2155,2155,0.02549324929714203,
2156,2156,0.024616437032818794,
2157,2157,0.02561306767165661,
2158,2158,0.025657596066594124,
2159,2159,0.025929072871804237,
2160,2160,0.02553624100983143,
2161,2161,0.025171158835291862,
2162,2162,0.02430299110710621,
2163,2163,0.025560541078448296,
2164,2164,0.0255429707467556,
2165,2165,0.025470033288002014,
2166,2166,0.02488815411925316,
2167,2167,0.025192026048898697,
2168,2168,0.02542147785425186,
2169,2169,0.02382861264050007,
2170,2170,0.02442736178636551,
2171,2171,0.025523018091917038,
2172,2172,0.026076707988977432,
2173,2173,0.026169581338763237,
2174,2174,0.025355102494359016,
2175,2175,0.02528657764196396,
2176,2176,0.025759421288967133,
2177,2177,0.025446772575378418,
2178,2178,0.026422198861837387,
2179,2179,0.024925729259848595,
2180,2180,0.025637516751885414,
2181,2181,0.024643583223223686,
2182,2182,0.02486593835055828,
2183,2183,0.02539304457604885,
2184,2184,0.025021996349096298,
2185,2185,0.02536771073937416,
2186,2186,0.02619520202279091,
2187,2187,0.025061776861548424,
2188,2188,0.025164157152175903,
2189,2189,0.022297006100416183,
2190,2190,0.02470971830189228,
2191,2191,0.02527090162038803,
2192,2192,0.025213388726115227,
2193,2193,0.025261033326387405,
2194,2194,0.025073638185858727,
2195,2195,0.02491428703069687,
2196,2196,0.02494489960372448,
2197,2197,0.025068730115890503,
2198,2198,0.024551354348659515,
2199,2199,,0.024669907987117767
2199,2199,0.024669907987117767,
2200,2200,0.024120861664414406,
2201,2201,0.025402802973985672,
2202,2202,0.0231463760137558,
2203,2203,0.025710608810186386,
2204,2204,0.024177411571145058,
2205,2205,0.02531028352677822,
2206,2206,0.025027282536029816,
2207,2207,0.02374429441988468,
2208,2208,0.024756260216236115,
2209,2209,0.02512499876320362,
2210,2210,0.025005685165524483,
2211,2211,0.025176916271448135,
2212,2212,0.025141702964901924,
2213,2213,0.024728000164031982,
2214,2214,0.02447616681456566,
2215,2215,0.024599462747573853,
2216,2216,0.026413489133119583,
2217,2217,0.024847956374287605,
2218,2218,0.02494494803249836,
2219,2219,0.02507915534079075,
2220,2220,0.024346571415662766,
2221,2221,0.024504661560058594,
2222,2222,0.025880783796310425,
2223,2223,0.024885796010494232,
2224,2224,0.023644626140594482,
2225,2225,0.02397601120173931,
2226,2226,0.02494964189827442,
2227,2227,0.025592030957341194,
2228,2228,0.02500070631504059,
2229,2229,0.02484039030969143,
2230,2230,0.024509768933057785,
2231,2231,0.025212859734892845,
2232,2232,0.02414657361805439,
2233,2233,0.025175470858812332,
2234,2234,0.023972442373633385,
2235,2235,0.025278240442276,
2236,2236,0.02474592998623848,
2237,2237,0.02478201687335968,
2238,2238,0.02532390132546425,
2239,2239,0.024832801893353462,
2240,2240,0.025575771927833557,
2241,2241,0.026286214590072632,
2242,2242,0.024765102192759514,
2243,2243,0.024913309141993523,
2244,2244,0.024204421788454056,
2245,2245,0.024518679827451706,
2246,2246,0.023826628923416138,
2247,2247,0.025442255660891533,
2248,2248,0.026004642248153687,
2249,2249,,0.024571074172854424
2249,2249,0.024571074172854424,
2250,2250,0.026090510189533234,
2251,2251,0.024894950911402702,
2252,2252,0.025251494720578194,
2253,2253,0.02524038776755333,
2254,2254,0.025525052100419998,
2255,2255,0.024948008358478546,
2256,2256,0.025258345529437065,
2257,2257,0.024807404726743698,
2258,2258,0.024561703205108643,
2259,2259,0.025381827726960182,
2260,2260,0.025494325906038284,
2261,2261,0.02575979009270668,
2262,2262,0.025345761328935623,
2263,2263,0.025232842192053795,
2264,2264,0.02461167424917221,
2265,2265,0.024778617545962334,
2266,2266,0.02506023645401001,
2267,2267,0.024863753467798233,
2268,2268,0.025481032207608223,
2269,2269,0.02565358392894268,
2270,2270,0.02157190628349781,
2271,2271,0.025169219821691513,
2272,2272,0.025311894714832306,
2273,2273,0.025594940409064293,
2274,2274,0.024464761838316917,
2275,2275,0.025359677150845528,
2276,2276,0.025819776579737663,
2277,2277,0.02458050474524498,
2278,2278,0.025728553533554077,
2279,2279,0.024113591760396957,
2280,2280,0.024578159675002098,
2281,2281,0.02496534399688244,
2282,2282,0.02500794269144535,
2283,2283,0.025367870926856995,
2284,2284,0.02506979927420616,
2285,2285,0.025412416085600853,
2286,2286,0.02629375457763672,
2287,2287,0.025071430951356888,
2288,2288,0.026263922452926636,
2289,2289,0.02514077164232731,
2290,2290,0.024397723376750946,
2291,2291,0.024828070774674416,
2292,2292,0.025038819760084152,
2293,2293,0.025345124304294586,
2294,2294,0.023952068760991096,
2295,2295,0.02514711581170559,
2296,2296,0.024968301877379417,
2297,2297,0.024931523948907852,
2298,2298,0.02460617944598198,
2299,2299,,0.0248887799680233
2299,2299,0.0248887799680233,
2300,2300,0.024447819218039513,
2301,2301,0.02474052831530571,
2302,2302,0.025200750678777695,
2303,2303,0.023716367781162262,
2304,2304,0.024269143119454384,
2305,2305,0.02529369294643402,
2306,2306,0.024108020588755608,
2307,2307,0.02492869459092617,
2308,2308,0.02582179568707943,
2309,2309,0.024628737941384315,
2310,2310,0.02643272839486599,
2311,2311,0.024874752387404442,
2312,2312,0.024591049179434776,
2313,2313,0.02480274997651577,
2314,2314,0.02613328956067562,
2315,2315,0.02480660006403923,
2316,2316,0.024380741640925407,
2317,2317,0.027274688705801964,
2318,2318,0.023647572845220566,
2319,2319,0.024647293612360954,
2320,2320,0.02601080946624279,
2321,2321,0.023913130164146423,
2322,2322,0.02405380643904209,
2323,2323,0.024541223421692848,
2324,2324,0.023511644452810287,
2325,2325,0.025197135284543037,
2326,2326,0.026796765625476837,
2327,2327,0.02391451969742775,
2328,2328,0.024760469794273376,
2329,2329,0.024506332352757454,
2330,2330,0.024517318233847618,
2331,2331,0.024137770757079124,
2332,2332,0.02635306864976883,
2333,2333,0.024329930543899536,
2334,2334,0.023586833849549294,
2335,2335,0.024563748389482498,
2336,2336,0.02637976035475731,
2337,2337,0.025261949747800827,
2338,2338,0.02450222335755825,
2339,2339,0.02528316155076027,
2340,2340,0.024771960452198982,
2341,2341,0.024937627837061882,
2342,2342,0.024365000426769257,
2343,2343,0.024687962606549263,
2344,2344,0.02530643343925476,
2345,2345,0.024647824466228485,
2346,2346,0.024138031527400017,
2347,2347,0.023631548509001732,
2348,2348,0.02467825822532177,
2349,2349,,0.025540705770254135
2349,2349,0.025540705770254135,
2350,2350,0.024355415254831314,
2351,2351,0.024727676063776016,
2352,2352,0.02453245036303997,
2353,2353,0.024143308401107788,
2354,2354,0.024263760074973106,
2355,2355,0.024127693846821785,
2356,2356,0.024753935635089874,
2357,2357,0.023859580978751183,
2358,2358,0.025056881830096245,
2359,2359,0.02406328171491623,
2360,2360,0.024646513164043427,
2361,2361,0.024866493418812752,
2362,2362,0.02440548874437809,
2363,2363,0.023067429661750793,
2364,2364,0.024635210633277893,
2365,2365,0.02436199225485325,
2366,2366,0.025174159556627274,
2367,2367,0.02469710074365139,
2368,2368,0.024749960750341415,
2369,2369,0.02501179836690426,
2370,2370,0.02465163916349411,
2371,2371,0.024588461965322495,
2372,2372,0.02380455657839775,
2373,2373,0.02424275502562523,
2374,2374,0.02358831837773323,
2375,2375,0.0264182947576046,
2376,2376,0.02371116355061531,
2377,2377,0.027457205578684807,
2378,2378,0.024716321378946304,
2379,2379,0.02549566701054573,
2380,2380,0.024516556411981583,
2381,2381,0.025428401306271553,
2382,2382,0.024909095838665962,
2383,2383,0.023997396230697632,
2384,2384,0.024660462513566017,
2385,2385,0.024603823199868202,
2386,2386,0.024315474554896355,
2387,2387,0.024996761232614517,
2388,2388,0.02491576597094536,
2389,2389,0.024638107046484947,
2390,2390,0.02467447519302368,
2391,2391,0.024084942415356636,
2392,2392,0.02391943149268627,
2393,2393,0.024317273870110512,
2394,2394,0.02391408383846283,
2395,2395,0.023939184844493866,
2396,2396,0.02411828376352787,
2397,2397,0.02439863607287407,
2398,2398,0.024926936253905296,
2399,2399,,0.0242362841963768
2399,2399,0.0242362841963768,
2400,2400,0.025130996480584145,
2401,2401,0.02460714429616928,
2402,2402,0.02487027272582054,
2403,2403,0.024508042261004448,
2404,2404,0.024734847247600555,
2405,2405,0.024912072345614433,
2406,2406,0.02491901069879532,
2407,2407,0.024079835042357445,
2408,2408,0.023830067366361618,
2409,2409,0.02432401292026043,
2410,2410,0.025164222344756126,
2411,2411,0.023861203342676163,
2412,2412,0.024194804951548576,
2413,2413,0.024692069739103317,
2414,2414,0.023404166102409363,
2415,2415,0.024589087814092636,
2416,2416,0.025317363440990448,
2417,2417,0.02468656562268734,
2418,2418,0.02515098825097084,
2419,2419,0.025793571025133133,
2420,2420,0.024374887347221375,
2421,2421,0.02502596192061901,
2422,2422,0.024666789919137955,
2423,2423,0.024851800873875618,
2424,2424,0.023942578583955765,
2425,2425,0.023555351421236992,
2426,2426,0.02418683096766472,
2427,2427,0.02335883304476738,
2428,2428,0.02517300844192505,
2429,2429,0.0263383649289608,
2430,2430,0.025213977321982384,
2431,2431,0.02515218034386635,
2432,2432,0.022656451910734177,
2433,2433,0.024320892989635468,
2434,2434,0.024346349760890007,
2435,2435,0.024936402216553688,
2436,2436,0.025684721767902374,
2437,2437,0.024679670110344887,
2438,2438,0.02475464902818203,
2439,2439,0.02489643543958664,
2440,2440,0.024399952962994576,
2441,2441,0.02425125055015087,
2442,2442,0.024448614567518234,
2443,2443,0.025013290345668793,
2444,2444,0.02397107519209385,
2445,2445,0.02473534643650055,
2446,2446,0.024906989187002182,
2447,2447,0.02445012703537941,
2448,2448,0.025175364688038826,
2449,2449,,0.024200594052672386
2449,2449,0.024200594052672386,
2450,2450,0.024973774328827858,
2451,2451,0.025270167738199234,
2452,2452,0.024542074650526047,
2453,2453,0.024289865046739578,
2454,2454,0.023420827463269234,
2455,2455,0.024869073182344437,
2456,2456,0.02475661225616932,
2457,2457,0.024872392416000366,
2458,2458,0.0253232941031456,
2459,2459,0.024590425193309784,
2460,2460,0.024032296612858772,
2461,2461,0.024579253047704697,
2462,2462,0.023967474699020386,
2463,2463,0.023592282086610794,
2464,2464,0.02471213787794113,
2465,2465,0.023869551718235016,
2466,2466,0.02427162043750286,
2467,2467,0.024005411192774773,
2468,2468,0.02507700026035309,
2469,2469,0.024477558210492134,
2470,2470,0.02319953218102455,
2471,2471,0.023928964510560036,
2472,2472,0.024078497663140297,
2473,2473,0.02421160787343979,
2474,2474,0.024939537048339844,
2475,2475,0.022913988679647446,
2476,2476,0.024327579885721207,
2477,2477,0.025104722008109093,
2478,2478,0.02396523207426071,
2479,2479,0.02369951270520687,
2480,2480,0.024494251236319542,
2481,2481,0.024381021037697792,
2482,2482,0.02376224845647812,
2483,2483,0.02555430494248867,
2484,2484,0.024649519473314285,
2485,2485,0.024165701121091843,
2486,2486,0.024197924882173538,
2487,2487,0.024305731058120728,
2488,2488,0.023685647174715996,
2489,2489,0.02384244091808796,
2490,2490,0.02520386502146721,
2491,2491,0.024470167234539986,
2492,2492,0.024234335869550705,
2493,2493,0.024754300713539124,
2494,2494,0.0236965399235487,
2495,2495,0.02427050843834877,
2496,2496,0.02470196783542633,
2497,2497,0.023973047733306885,
2498,2498,0.025493700057268143,
2499,2499,,0.02448001503944397
2499,2499,0.02448001503944397,
2500,2500,0.02543969824910164,
2501,2501,0.023275230079889297,
2502,2502,0.024833641946315765,
2503,2503,0.023923736065626144,
2504,2504,0.025165310129523277,
2505,2505,0.02401035651564598,
2506,2506,0.024921193718910217,
2507,2507,0.023594127967953682,
2508,2508,0.024198612198233604,
2509,2509,0.024449104443192482,
2510,2510,0.025018082931637764,
2511,2511,0.02465883083641529,
2512,2512,0.024568386375904083,
2513,2513,0.02416335605084896,
2514,2514,0.025437060743570328,
2515,2515,0.024710634723305702,
2516,2516,0.024479655548930168,
2517,2517,0.024622468277812004,
2518,2518,0.024471132084727287,
2519,2519,0.02361316606402397,
2520,2520,0.023779211565852165,
2521,2521,0.024680394679307938,
2522,2522,0.024083560332655907,
2523,2523,0.024915970861911774,
2524,2524,0.02432299591600895,
2525,2525,0.02514193393290043,
2526,2526,0.024170510470867157,
2527,2527,0.024364426732063293,
2528,2528,0.024474097415804863,
2529,2529,0.024572249501943588,
2530,2530,0.02333025634288788,
2531,2531,0.024013565853238106,
2532,2532,0.023753775283694267,
2533,2533,0.023778919130563736,
2534,2534,0.025088714435696602,
2535,2535,0.025839470326900482,
2536,2536,0.025124551728367805,
2537,2537,0.024273663759231567,
2538,2538,0.025322232395410538,
2539,2539,0.02431817166507244,
2540,2540,0.02462443709373474,
2541,2541,0.02332657389342785,
2542,2542,0.024921223521232605,
2543,2543,0.025519119575619698,
2544,2544,0.02328474447131157,
2545,2545,0.026075487956404686,
2546,2546,0.024299869313836098,
2547,2547,0.024562278762459755,
2548,2548,0.024879876524209976,
2549,2549,,0.02380710281431675
2549,2549,0.02380710281431675,
2550,2550,0.024432942271232605,
2551,2551,0.025144485756754875,
2552,2552,0.023618485778570175,
2553,2553,0.023841021582484245,
2554,2554,0.025179557502269745,
2555,2555,0.024601388722658157,
2556,2556,0.025561189278960228,
2557,2557,0.022738473489880562,
2558,2558,0.023577282205224037,
2559,2559,0.024354901164770126,
2560,2560,0.02360561676323414,
2561,2561,0.02467280440032482,
2562,2562,0.024893512949347496,
2563,2563,0.02274402789771557,
2564,2564,0.02387317642569542,
2565,2565,0.02429802715778351,
2566,2566,0.024364160373806953,
2567,2567,0.023954514414072037,
2568,2568,0.024432633072137833,
2569,2569,0.023993011564016342,
2570,2570,0.024222152307629585,
2571,2571,0.024817558005452156,
2572,2572,0.0258636511862278,
2573,2573,0.024157773703336716,
2574,2574,0.025704430416226387,
2575,2575,0.024112805724143982,
2576,2576,0.023732628673315048,
2577,2577,0.02416914701461792,
2578,2578,0.02452061139047146,
2579,2579,0.02419562265276909,
2580,2580,0.024283885955810547,
2581,2581,0.022830335423350334,
2582,2582,0.02364898845553398,
2583,2583,0.02370973490178585,
2584,2584,0.025520067662000656,
2585,2585,0.024282312020659447,
2586,2586,0.023740749806165695,
2587,2587,0.02427799627184868,
2588,2588,0.023854935541749,
2589,2589,0.02362695150077343,
2590,2590,0.024316009134054184,
2591,2591,0.02439582534134388,
2592,2592,0.02374885417521,
2593,2593,0.02410741336643696,
2594,2594,0.02503872476518154,
2595,2595,0.024573320522904396,
2596,2596,0.022793451324105263,
2597,2597,0.02322537451982498,
2598,2598,0.023925773799419403,
2599,2599,,0.023480691015720367
2599,2599,0.023480691015720367,
2600,2600,0.024373529478907585,
2601,2601,0.022925376892089844,
2602,2602,0.02414514869451523,
2603,2603,0.024178648367524147,
2604,2604,0.024035267531871796,
2605,2605,0.024227090179920197,
2606,2606,0.02400733157992363,
2607,2607,0.023827634751796722,
2608,2608,0.023989001289010048,
2609,2609,0.02384289912879467,
2610,2610,0.024356191977858543,
2611,2611,0.025909926742315292,
2612,2612,0.023699531331658363,
2613,2613,0.02378152869641781,
2614,2614,0.02382512576878071,
2615,2615,0.025121420621871948,
2616,2616,0.023999037221074104,
2617,2617,0.023808876052498817,
2618,2618,0.024478908628225327,
2619,2619,0.024252615869045258,
2620,2620,0.02422087825834751,
2621,2621,0.024576084688305855,
2622,2622,0.02339966595172882,
2623,2623,0.023386305198073387,
2624,2624,0.024967355653643608,
2625,2625,0.023600542917847633,
2626,2626,0.02563108131289482,
2627,2627,0.023599078878760338,
2628,2628,0.024772552773356438,
2629,2629,0.024108482524752617,
2630,2630,0.02452687732875347,
2631,2631,0.025079190731048584,
2632,2632,0.022950109094381332,
2633,2633,0.024471985176205635,
2634,2634,0.023441504687070847,
2635,2635,0.023888947442173958,
2636,2636,0.024056853726506233,
2637,2637,0.02418316900730133,
2638,2638,0.024579951539635658,
2639,2639,0.0238494910299778,
2640,2640,0.02481328696012497,
2641,2641,0.02450077421963215,
2642,2642,0.02385098673403263,
2643,2643,0.024502795189619064,
2644,2644,0.023508602753281593,
2645,2645,0.02344684675335884,
2646,2646,0.023799538612365723,
2647,2647,0.024632858112454414,
2648,2648,0.02393900603055954,
2649,2649,,0.02332075871527195
2649,2649,0.02332075871527195,
2650,2650,0.02458559162914753,
2651,2651,0.023929210379719734,
2652,2652,0.02403545193374157,
2653,2653,0.023660287261009216,
2654,2654,0.022898010909557343,
2655,2655,0.024326199665665627,
2656,2656,0.022444482892751694,
2657,2657,0.0241906326264143,
2658,2658,0.024409353733062744,
2659,2659,0.024656252935528755,
2660,2660,0.023822197690606117,
2661,2661,0.02423737570643425,
2662,2662,0.024232571944594383,
2663,2663,0.024822887033224106,
2664,2664,0.024350877851247787,
2665,2665,0.024694930762052536,
2666,2666,0.02400519885122776,
2667,2667,0.02385573647916317,
2668,2668,0.02388126775622368,
2669,2669,0.024557484313845634,
2670,2670,0.024851202964782715,
2671,2671,0.025365520268678665,
2672,2672,0.023966459557414055,
2673,2673,0.023880086839199066,
2674,2674,0.024012871086597443,
2675,2675,0.024129828438162804,
2676,2676,0.0250609889626503,
2677,2677,0.025059867650270462,
2678,2678,0.024533018469810486,
2679,2679,0.02411692403256893,
2680,2680,0.024093039333820343,
2681,2681,0.023789601400494576,
2682,2682,0.02407967485487461,
2683,2683,0.023215889930725098,
2684,2684,0.023468777537345886,
2685,2685,0.024478988721966743,
2686,2686,0.02346048317849636,
2687,2687,0.023757649585604668,
2688,2688,0.02361600287258625,
2689,2689,0.0237253550440073,
2690,2690,0.025048604235053062,
2691,2691,0.025729604065418243,
2692,2692,0.024150148034095764,
2693,2693,0.024782681837677956,
2694,2694,0.024926472455263138,
2695,2695,0.025264959782361984,
2696,2696,0.02418779954314232,
2697,2697,0.023128725588321686,
2698,2698,0.023350557312369347,
2699,2699,,0.02419867366552353
2699,2699,0.02419867366552353,
2700,2700,0.024019580334424973,
2701,2701,0.024374550208449364,
2702,2702,0.023449143394827843,
2703,2703,0.025511162355542183,
2704,2704,0.02540363185107708,
2705,2705,0.02332466095685959,
2706,2706,0.022930186241865158,
2707,2707,0.023691147565841675,
2708,2708,0.02437688037753105,
2709,2709,0.0233363825827837,
2710,2710,0.02412235550582409,
2711,2711,0.02490619570016861,
2712,2712,0.024127595126628876,
2713,2713,0.023368144407868385,
2714,2714,0.024222075939178467,
2715,2715,0.02399754337966442,
2716,2716,0.024089490994811058,
2717,2717,0.023702161386609077,
2718,2718,0.02395031414926052,
2719,2719,0.023793088272213936,
2720,2720,0.02488383650779724,
2721,2721,0.02357223816215992,
2722,2722,0.02348184958100319,
2723,2723,0.023641489446163177,
2724,2724,0.024007754400372505,
2725,2725,0.02397075854241848,
2726,2726,0.02447514981031418,
2727,2727,0.02408444695174694,
2728,2728,0.024988997727632523,
2729,2729,0.02470296435058117,
2730,2730,0.02292047068476677,
2731,2731,0.024549465626478195,
2732,2732,0.023164743557572365,
2733,2733,0.02419506199657917,
2734,2734,0.024096444249153137,
2735,2735,0.023852087557315826,
2736,2736,0.024193689227104187,
2737,2737,0.02295866422355175,
2738,2738,0.02434343658387661,
2739,2739,0.023544082418084145,
2740,2740,0.02213636226952076,
2741,2741,0.02343307062983513,
2742,2742,0.02362028881907463,
2743,2743,0.024508317932486534,
2744,2744,0.024048104882240295,
2745,2745,0.02439074218273163,
2746,2746,0.02397703193128109,
2747,2747,0.024759968742728233,
2748,2748,0.023001866415143013,
2749,2749,,0.024561818689107895
2749,2749,0.024561818689107895,
2750,2750,0.025092093273997307,
2751,2751,0.023344943299889565,
2752,2752,0.02372732385993004,
2753,2753,0.023817691951990128,
2754,2754,0.025141708552837372,
2755,2755,0.02330358326435089,
2756,2756,0.0233120359480381,
2757,2757,0.0240036454051733,
2758,2758,0.024024365469813347,
2759,2759,0.023484766483306885,
2760,2760,0.025160791352391243,
2761,2761,0.023726969957351685,
2762,2762,0.023603003472089767,
2763,2763,0.02382773719727993,
2764,2764,0.02436082810163498,
2765,2765,0.022992024198174477,
2766,2766,0.024242252111434937,
2767,2767,0.023820647969841957,
2768,2768,0.024429021403193474,
2769,2769,0.022292599081993103,
2770,2770,0.023292209953069687,
2771,2771,0.024010639637708664,
2772,2772,0.024016324430704117,
2773,2773,0.023281525820493698,
2774,2774,0.023686163127422333,
2775,2775,0.023436030372977257,
2776,2776,0.024355947971343994,
2777,2777,0.024001765996217728,
2778,2778,0.025449659675359726,
2779,2779,0.023356886580586433,
2780,2780,0.024156073108315468,
2781,2781,0.025136983022093773,
2782,2782,0.024317581206560135,
2783,2783,0.023631324991583824,
2784,2784,0.023747021332383156,
2785,2785,0.024060914292931557,
2786,2786,0.022621171548962593,
2787,2787,0.02369464747607708,
2788,2788,0.023729544132947922,
2789,2789,0.023621270433068275,
2790,2790,0.02401789091527462,
2791,2791,0.02425803802907467,
2792,2792,0.024171382188796997,
2793,2793,0.023851431906223297,
2794,2794,0.023714525625109673,
2795,2795,0.0235050730407238,
2796,2796,0.024058451876044273,
2797,2797,0.02434236742556095,
2798,2798,0.023648640140891075,
2799,2799,,0.022278746590018272
2799,2799,0.022278746590018272,
2800,2800,0.02398328110575676,
2801,2801,0.023719290271401405,
2802,2802,0.024760594591498375,
2803,2803,0.024515260010957718,
2804,2804,0.02405732125043869,
2805,2805,0.023467708379030228,
2806,2806,0.02418701909482479,
2807,2807,0.024301476776599884,
2808,2808,0.02313128672540188,
2809,2809,0.024354789406061172,
2810,2810,0.022514645010232925,
2811,2811,0.02452669106423855,
2812,2812,0.02401464805006981,
2813,2813,0.023931127041578293,
2814,2814,0.02355150319635868,
2815,2815,0.02316918782889843,
2816,2816,0.02430666983127594,
2817,2817,0.022483251988887787,
2818,2818,0.023796843364834785,
2819,2819,0.023314939811825752,
2820,2820,0.023724574595689774,
2821,2821,0.023190386593341827,
2822,2822,0.023614395409822464,
2823,2823,0.023842979222536087,
2824,2824,0.02317463792860508,
2825,2825,0.024089762941002846,
2826,2826,0.023995380848646164,
2827,2827,0.024431178346276283,
2828,2828,0.024298205971717834,
2829,2829,0.02404623292386532,
2830,2830,0.02471322938799858,
2831,2831,0.02314111590385437,
2832,2832,0.024842144921422005,
2833,2833,0.023927658796310425,
2834,2834,0.022177433595061302,
2835,2835,0.0244221743196249,
2836,2836,0.023909056559205055,
2837,2837,0.0248662568628788,
2838,2838,0.024345574900507927,
2839,2839,0.02360425889492035,
2840,2840,0.02350200153887272,
2841,2841,0.022975696250796318,
2842,2842,0.024524882435798645,
2843,2843,0.023482438176870346,
2844,2844,0.024536415934562683,
2845,2845,0.022395119071006775,
2846,2846,0.024314044043421745,
2847,2847,0.024339167401194572,
2848,2848,0.023680733516812325,
2849,2849,,0.022981369867920876
2849,2849,0.022981369867920876,
2850,2850,0.023945506662130356,
2851,2851,0.023762743920087814,
2852,2852,0.02285672537982464,
2853,2853,0.02391956001520157,
2854,2854,0.022832391783595085,
2855,2855,0.02351153828203678,
2856,2856,0.022508302703499794,
2857,2857,0.023273713886737823,
2858,2858,0.022288523614406586,
2859,2859,0.022495759651064873,
2860,2860,0.02384015917778015,
2861,2861,0.025102073326706886,
2862,2862,0.023580240085721016,
2863,2863,0.022661037743091583,
2864,2864,0.02398993819952011,
2865,2865,0.023572053760290146,
2866,2866,0.024094680324196815,
2867,2867,0.023838067427277565,
2868,2868,0.023899486288428307,
2869,2869,0.02386048622429371,
2870,2870,0.023443857207894325,
2871,2871,0.02384955994784832,
2872,2872,0.023710016161203384,
2873,2873,0.024125801399350166,
2874,2874,0.022936444729566574,
2875,2875,0.02312481217086315,
2876,2876,0.023816896602511406,
2877,2877,0.024466905742883682,
2878,2878,0.023335378617048264,
2879,2879,0.02427382953464985,
2880,2880,0.02362975850701332,
2881,2881,0.022960949689149857,
2882,2882,0.024063274264335632,
2883,2883,0.023805363103747368,
2884,2884,0.023417387157678604,
2885,2885,0.023400740697979927,
2886,2886,0.022796444594860077,
2887,2887,0.023406613618135452,
2888,2888,0.02320670895278454,
2889,2889,0.023418918251991272,
2890,2890,0.02369360625743866,
2891,2891,0.02320481836795807,
2892,2892,0.02394823543727398,
2893,2893,0.02112429216504097,
2894,2894,0.024116242304444313,
2895,2895,0.024622267112135887,
2896,2896,0.024754591286182404,
2897,2897,0.024102821946144104,
2898,2898,0.023625696077942848,
2899,2899,,0.022935930639505386
2899,2899,0.022935930639505386,
2900,2900,0.02364542707800865,
2901,2901,0.022993512451648712,
2902,2902,0.02175138331949711,
2903,2903,0.024090087041258812,
2904,2904,0.0231822170317173,
2905,2905,0.023675406351685524,
2906,2906,0.025126677006483078,
2907,2907,0.02205248363316059,
2908,2908,0.02388276904821396,
2909,2909,0.023706000298261642,
2910,2910,0.025127647444605827,
2911,2911,0.023854466155171394,
2912,2912,0.02375500090420246,
2913,2913,0.02379637397825718,
2914,2914,0.02398269809782505,
2915,2915,0.024749573320150375,
2916,2916,0.0231824591755867,
2917,2917,0.024654321372509003,
2918,2918,0.023094650357961655,
2919,2919,0.023596324026584625,
2920,2920,0.023626836016774178,
2921,2921,0.02438654564321041,
2922,2922,0.023740693926811218,
2923,2923,0.02318939007818699,
2924,2924,0.024359529837965965,
2925,2925,0.022873423993587494,
2926,2926,0.023367568850517273,
2927,2927,0.0231463722884655,
2928,2928,0.023803051561117172,
2929,2929,0.023237189278006554,
2930,2930,0.02329147607088089,
2931,2931,0.02399394102394581,
2932,2932,0.023624401539564133,
2933,2933,0.024247907102108,
2934,2934,0.024153077974915504,
2935,2935,0.02378867194056511,
2936,2936,0.02348623424768448,
2937,2937,0.023703614249825478,
2938,2938,0.023069091141223907,
2939,2939,0.02363242395222187,
2940,2940,0.023893609642982483,
2941,2941,0.024140287190675735,
2942,2942,0.02305438369512558,
2943,2943,0.02302350476384163,
2944,2944,0.023598678410053253,
2945,2945,0.02484596148133278,
2946,2946,0.02393181249499321,
2947,2947,0.023773841559886932,
2948,2948,0.023739807307720184,
2949,2949,,0.02258242666721344
2949,2949,0.02258242666721344,
2950,2950,0.023805178701877594,
2951,2951,0.023107798770070076,
2952,2952,0.024370864033699036,
2953,2953,0.022780397906899452,
2954,2954,0.022948874160647392,
2955,2955,0.02444947138428688,
2956,2956,0.023600244894623756,
2957,2957,0.023708049207925797,
2958,2958,0.02305840700864792,
2959,2959,0.023006249219179153,
2960,2960,0.024407856166362762,
2961,2961,0.023198528215289116,
2962,2962,0.02496059611439705,
2963,2963,0.023789726197719574,
2964,2964,0.02412223629653454,
2965,2965,0.02403697744011879,
2966,2966,0.023206623271107674,
2967,2967,0.023871513083577156,
2968,2968,0.024621831253170967,
2969,2969,0.02387687936425209,
2970,2970,0.023904720321297646,
2971,2971,0.023432089015841484,
2972,2972,0.023866131901741028,
2973,2973,0.023924410343170166,
2974,2974,0.02395673096179962,
2975,2975,0.024028470739722252,
2976,2976,0.023846633732318878,
2977,2977,0.024900734424591064,
2978,2978,0.02335025556385517,
2979,2979,0.023662114515900612,
2980,2980,0.023347262293100357,
2981,2981,0.023687731474637985,
2982,2982,0.023452600464224815,
2983,2983,0.0239219032227993,
2984,2984,0.024666888639330864,
2985,2985,0.023715263232588768,
2986,2986,0.024063998833298683,
2987,2987,0.022822950035333633,
2988,2988,0.023781627416610718,
2989,2989,0.023938527330756187,
2990,2990,0.024368412792682648,
2991,2991,0.023830851539969444,
2992,2992,0.022645294666290283,
2993,2993,0.02342306263744831,
2994,2994,0.02307569608092308,
2995,2995,0.02450171485543251,
2996,2996,0.023099081590771675,
2997,2997,0.023873507976531982,
2998,2998,0.022491658106446266,
2999,2999,,0.023225411772727966
2999,2999,0.023225411772727966,
3000,3000,0.022889958694577217,
3001,3001,0.02310694009065628,
3002,3002,0.023820744827389717,
3003,3003,0.023713840171694756,
3004,3004,0.023993173614144325,
3005,3005,0.023554252460598946,
3006,3006,0.02291880175471306,
3007,3007,0.024747949093580246,
3008,3008,0.023925820365548134,
3009,3009,0.024077489972114563,
3010,3010,0.02375728450715542,
3011,3011,0.02361322194337845,
3012,3012,0.022963758558034897,
3013,3013,0.022906003519892693,
3014,3014,0.023363832384347916,
3015,3015,0.02361762523651123,
3016,3016,0.022898197174072266,
3017,3017,0.02371859736740589,
3018,3018,0.022791603580117226,
3019,3019,0.02501741424202919,
3020,3020,0.024349501356482506,
3021,3021,0.02448095940053463,
3022,3022,0.02473713830113411,
3023,3023,0.02318459004163742,
3024,3024,0.02507910504937172,
3025,3025,0.024799900129437447,
3026,3026,0.023285334929823875,
3027,3027,0.022714558988809586,
3028,3028,0.023876292631030083,
3029,3029,0.023518776521086693,
3030,3030,0.02330886945128441,
3031,3031,0.02365271933376789,
3032,3032,0.02344459481537342,
3033,3033,0.02320667915046215,
3034,3034,0.022960981354117393,
3035,3035,0.023403163999319077,
3036,3036,0.022964760661125183,
3037,3037,0.022864265367388725,
3038,3038,0.023259392008185387,
3039,3039,0.023833900690078735,
3040,3040,0.02359563484787941,
3041,3041,0.024079320952296257,
3042,3042,0.023187490180134773,
3043,3043,0.023703331127762794,
3044,3044,0.023677615448832512,
3045,3045,0.022337574511766434,
3046,3046,0.02406192012131214,
3047,3047,0.023270001634955406,
3048,3048,0.02342735417187214,
3049,3049,,0.023985454812645912
3049,3049,0.023985454812645912,
3050,3050,0.023506013676524162,
3051,3051,0.024271009489893913,
3052,3052,0.023003222420811653,
3053,3053,0.02308720164000988,
3054,3054,0.022921927273273468,
3055,3055,0.023616382852196693,
3056,3056,0.02365797385573387,
3057,3057,0.023869110271334648,
3058,3058,0.02369660511612892,
3059,3059,0.024612590670585632,
3060,3060,0.02275300770998001,
3061,3061,0.023257378488779068,
3062,3062,0.024034401401877403,
3063,3063,0.02456486038863659,
3064,3064,0.02345109172165394,
3065,3065,0.023265449330210686,
3066,3066,0.023216743022203445,
3067,3067,0.02352527715265751,
3068,3068,0.023679234087467194,
3069,3069,0.023369917646050453,
3070,3070,0.02531476691365242,
3071,3071,0.02329634502530098,
3072,3072,0.023609241470694542,
3073,3073,0.02366611734032631,
3074,3074,0.02239992655813694,
3075,3075,0.023313935846090317,
3076,3076,0.0231997761875391,
3077,3077,0.0219191312789917,
3078,3078,0.02281356044113636,
3079,3079,0.023195305839180946,
3080,3080,0.02316935732960701,
3081,3081,0.02348179742693901,
3082,3082,0.021830987185239792,
3083,3083,0.021874187514185905,
3084,3084,0.0247215423732996,
3085,3085,0.02345157228410244,
3086,3086,0.023815887048840523,
3087,3087,0.02416100911796093,
3088,3088,0.024457745254039764,
3089,3089,0.024324990808963776,
3090,3090,0.023407652974128723,
3091,3091,0.023700475692749023,
3092,3092,0.023785211145877838,
3093,3093,0.023983601480722427,
3094,3094,0.023195499554276466,
3095,3095,0.024521028622984886,
3096,3096,0.02292504906654358,
3097,3097,0.023234428837895393,
3098,3098,0.023486485704779625,
3099,3099,,0.023645246401429176
3099,3099,0.023645246401429176,
3100,3100,0.023207388818264008,
3101,3101,0.023636959493160248,
3102,3102,0.023662343621253967,
3103,3103,0.02389512024819851,
3104,3104,0.024273887276649475,
3105,3105,0.023393016308546066,
3106,3106,0.023382706567645073,
3107,3107,0.022969746962189674,
3108,3108,0.024281613528728485,
3109,3109,0.0239618718624115,
3110,3110,0.02307926118373871,
3111,3111,0.023251177743077278,
3112,3112,0.02367689274251461,
3113,3113,0.023679228499531746,
3114,3114,0.02377268299460411,
3115,3115,0.024280807003378868,
3116,3116,0.022796843200922012,
3117,3117,0.023210199549794197,
3118,3118,0.023406848311424255,
3119,3119,0.023871157318353653,
3120,3120,0.022581014782190323,
3121,3121,0.024182600900530815,
3122,3122,0.02325638383626938,
3123,3123,0.023657409474253654,
3124,3124,0.022200170904397964,
3125,3125,0.0233010146766901,
3126,3126,0.022813906893134117,
3127,3127,0.02389761433005333,
3128,3128,0.0234795194119215,
3129,3129,0.02308589220046997,
3130,3130,0.0242051649838686,
3131,3131,0.02309580147266388,
3132,3132,0.02405344694852829,
3133,3133,0.02352435514330864,
3134,3134,0.023265661671757698,
3135,3135,0.024267224594950676,
3136,3136,0.022406762465834618,
3137,3137,0.023529738187789917,
3138,3138,0.02544616349041462,
3139,3139,0.022441441193223,
3140,3140,0.022353846579790115,
3141,3141,0.02216813713312149,
3142,3142,0.023557862266898155,
3143,3143,0.024396419525146484,
3144,3144,0.024552710354328156,
3145,3145,0.022284066304564476,
3146,3146,0.023952951654791832,
3147,3147,0.023650135844945908,
3148,3148,0.02323969267308712,
3149,3149,,0.02320077456533909
3149,3149,0.02320077456533909,
3150,3150,0.02340289019048214,
3151,3151,0.024019891396164894,
3152,3152,0.023066310212016106,
3153,3153,0.023459501564502716,
3154,3154,0.023390257731080055,
3155,3155,0.023615244776010513,
3156,3156,0.023778872564435005,
3157,3157,0.023072099313139915,
3158,3158,0.023184720426797867,
3159,3159,0.02389424666762352,
3160,3160,0.023769687861204147,
3161,3161,0.023537080734968185,
3162,3162,0.024113770574331284,
3163,3163,0.022464297711849213,
3164,3164,0.02472720853984356,
3165,3165,0.022842463105916977,
3166,3166,0.023388538509607315,
3167,3167,0.02258910797536373,
3168,3168,0.02370767667889595,
3169,3169,0.022884760051965714,
3170,3170,0.023674484342336655,
3171,3171,0.023409664630889893,
3172,3172,0.023570118471980095,
3173,3173,0.024030625820159912,
3174,3174,0.022947272285819054,
3175,3175,0.02427423745393753,
3176,3176,0.024178367108106613,
3177,3177,0.023229548707604408,
3178,3178,0.02334473468363285,
3179,3179,0.02290736883878708,
3180,3180,0.022984527051448822,
3181,3181,0.02399691566824913,
3182,3182,0.023159610107541084,
3183,3183,0.023346170783042908,
3184,3184,0.023224519565701485,
3185,3185,0.02399800717830658,
3186,3186,0.024273797869682312,
3187,3187,0.023620588704943657,
3188,3188,0.023177502676844597,
3189,3189,0.02348543331027031,
3190,3190,0.02333584427833557,
3191,3191,0.02347618155181408,
3192,3192,0.023157861083745956,
3193,3193,0.023055173456668854,
3194,3194,0.02277614362537861,
3195,3195,0.022256765514612198,
3196,3196,0.02359539084136486,
3197,3197,0.02360680140554905,
3198,3198,0.023244718089699745,
3199,3199,,0.021920138970017433
3199,3199,0.021920138970017433,
3200,3200,0.021887602284550667,
3201,3201,0.022838521748781204,
3202,3202,0.02314881607890129,
3203,3203,0.02419549971818924,
3204,3204,0.024755215272307396,
3205,3205,0.022077159956097603,
3206,3206,0.022544387727975845,
3207,3207,0.023461421951651573,
3208,3208,0.023194892331957817,
3209,3209,0.023899823427200317,
3210,3210,0.024028515443205833,
3211,3211,0.023537641391158104,
3212,3212,0.02262982353568077,
3213,3213,0.02311522327363491,
3214,3214,0.02292483299970627,
3215,3215,0.022346151992678642,
3216,3216,0.02322610281407833,
3217,3217,0.024215074256062508,
3218,3218,0.02281186915934086,
3219,3219,0.023443380370736122,
3220,3220,0.024311387911438942,
3221,3221,0.022879183292388916,
3222,3222,0.023173300549387932,
3223,3223,0.02351747639477253,
3224,3224,0.022899117320775986,
3225,3225,0.022779449820518494,
3226,3226,0.023541022092103958,
3227,3227,0.023770248517394066,
3228,3228,0.02294272370636463,
3229,3229,0.023675300180912018,
3230,3230,0.023477675393223763,
3231,3231,0.02278996631503105,
3232,3232,0.0233283843845129,
3233,3233,0.025026172399520874,
3234,3234,0.02457445301115513,
3235,3235,0.023674793541431427,
3236,3236,0.02218763157725334,
3237,3237,0.023954853415489197,
3238,3238,0.02321420982480049,
3239,3239,0.022821705788373947,
3240,3240,0.023547600954771042,
3241,3241,0.023294512182474136,
3242,3242,0.023861290886998177,
3243,3243,0.023420197889208794,
3244,3244,0.023309016600251198,
3245,3245,0.024487247690558434,
3246,3246,0.02279135026037693,
3247,3247,0.023207062855362892,
3248,3248,0.023471059277653694,
3249,3249,,0.023476392030715942
3249,3249,0.023476392030715942,
3250,3250,0.023229820653796196,
3251,3251,0.025454038754105568,
3252,3252,0.023283058777451515,
3253,3253,0.022936129942536354,
3254,3254,0.023311905562877655,
3255,3255,0.02324880287051201,
3256,3256,0.023246197029948235,
3257,3257,0.022918788716197014,
3258,3258,0.02315300703048706,
3259,3259,0.022939328104257584,
3260,3260,0.023264536634087563,
3261,3261,0.02234300598502159,
3262,3262,0.022910116240382195,
3263,3263,0.024991687387228012,
3264,3264,0.02325517125427723,
3265,3265,0.023230697959661484,
3266,3266,0.022129274904727936,
3267,3267,0.02404976263642311,
3268,3268,0.02289429120719433,
3269,3269,0.02384337969124317,
3270,3270,0.023536168038845062,
3271,3271,0.02351710945367813,
3272,3272,0.023995891213417053,
3273,3273,0.0219577644020319,
3274,3274,0.022652678191661835,
3275,3275,0.02333531156182289,
3276,3276,0.024047303944826126,
3277,3277,0.022999707609415054,
3278,3278,0.023676495999097824,
3279,3279,0.023483769968152046,
3280,3280,0.02241976372897625,
3281,3281,0.02341611124575138,
3282,3282,0.02342258207499981,
3283,3283,0.02330569364130497,
3284,3284,0.021096523851156235,
3285,3285,0.023102892562747,
3286,3286,0.02341407537460327,
3287,3287,0.022613558918237686,
3288,3288,0.02355574257671833,
3289,3289,0.023924244567751884,
3290,3290,0.021414292976260185,
3291,3291,0.023331282660365105,
3292,3292,0.023220578208565712,
3293,3293,0.024287836626172066,
3294,3294,0.023603281006217003,
3295,3295,0.024025723338127136,
3296,3296,0.023418636992573738,
3297,3297,0.023271964862942696,
3298,3298,0.02308257669210434,
3299,3299,,0.02293221279978752
3299,3299,0.02293221279978752,
3300,3300,0.022849582135677338,
3301,3301,0.021715134382247925,
3302,3302,0.024103911593556404,
3303,3303,0.022630365565419197,
3304,3304,0.022840416058897972,
3305,3305,0.02316507324576378,
3306,3306,0.0234969612210989,
3307,3307,0.02235974743962288,
3308,3308,0.023629358038306236,
3309,3309,0.02364991419017315,
3310,3310,0.022703928872942924,
3311,3311,0.022399209439754486,
3312,3312,0.022640472277998924,
3313,3313,0.023442614823579788,
3314,3314,0.022760244086384773,
3315,3315,0.021849500015378,
3316,3316,0.021074658259749413,
3317,3317,0.02322356589138508,
3318,3318,0.02310824953019619,
3319,3319,0.023173553869128227,
3320,3320,0.023024676367640495,
3321,3321,0.0231336522847414,
3322,3322,0.022446874529123306,
3323,3323,0.023554524406790733,
3324,3324,0.023652710020542145,
3325,3325,0.023699602112174034,
3326,3326,0.02288288250565529,
3327,3327,0.023017518222332,
3328,3328,0.02353682741522789,
3329,3329,0.02337697334587574,
3330,3330,0.023683825507760048,
3331,3331,0.02266744337975979,
3332,3332,0.023794280365109444,
3333,3333,0.02314339205622673,
3334,3334,0.02307712659239769,
3335,3335,0.02375493012368679,
3336,3336,0.023640111088752747,
3337,3337,0.023853976279497147,
3338,3338,0.023965200409293175,
3339,3339,0.023396387696266174,
3340,3340,0.023761624470353127,
3341,3341,0.02387857437133789,
3342,3342,0.023054739460349083,
3343,3343,0.023687150329351425,
3344,3344,0.022714780643582344,
3345,3345,0.02107814885675907,
3346,3346,0.021459680050611496,
3347,3347,0.02390318363904953,
3348,3348,0.023276733234524727,
3349,3349,,0.024680262431502342
3349,3349,0.024680262431502342,
3350,3350,0.022356901317834854,
3351,3351,0.023181157186627388,
3352,3352,0.023519346490502357,
3353,3353,0.022633131593465805,
3354,3354,0.02338949404656887,
3355,3355,0.02384413778781891,
3356,3356,0.023047035560011864,
3357,3357,0.023468587547540665,
3358,3358,0.024394774809479713,
3359,3359,0.023332130163908005,
3360,3360,0.02322937548160553,
3361,3361,0.023302773013710976,
3362,3362,0.02234456315636635,
3363,3363,0.023456374183297157,
3364,3364,0.023036425933241844,
3365,3365,0.023422302678227425,
3366,3366,0.022978536784648895,
3367,3367,0.02185378037393093,
3368,3368,0.023049691691994667,
3369,3369,0.024016859009861946,
3370,3370,0.02331678569316864,
3371,3371,0.023114576935768127,
3372,3372,0.02400387078523636,
3373,3373,0.022484570741653442,
3374,3374,0.022748824208974838,
3375,3375,0.022762032225728035,
3376,3376,0.02291269041597843,
3377,3377,0.021953487768769264,
3378,3378,0.023530015721917152,
3379,3379,0.022939182817935944,
3380,3380,0.023552047088742256,
3381,3381,0.022740935906767845,
3382,3382,0.022535055875778198,
3383,3383,0.022312037646770477,
3384,3384,0.022777648642659187,
3385,3385,0.02290978655219078,
3386,3386,0.023487688973546028,
3387,3387,0.02409812994301319,
3388,3388,0.023542530834674835,
3389,3389,0.023219773545861244,
3390,3390,0.02325259894132614,
3391,3391,0.023788638412952423,
3392,3392,0.02304002270102501,
3393,3393,0.02276768535375595,
3394,3394,0.02287459559738636,
3395,3395,0.022811220958828926,
3396,3396,0.02149772085249424,
3397,3397,0.022701092064380646,
3398,3398,0.02353394217789173,
3399,3399,,0.023026516661047935
3399,3399,0.023026516661047935,
3400,3400,0.022809555754065514,
3401,3401,0.022464603185653687,
3402,3402,0.02292557805776596,
3403,3403,0.023046279326081276,
3404,3404,0.024540428072214127,
3405,3405,0.023350421339273453,
3406,3406,0.023524848744273186,
3407,3407,0.022736866027116776,
3408,3408,0.022473996505141258,
3409,3409,0.022359443828463554,
3410,3410,0.02176906354725361,
3411,3411,0.02386416308581829,
3412,3412,0.02348019741475582,
3413,3413,0.023120859637856483,
3414,3414,0.02190433070063591,
3415,3415,0.022639218717813492,
3416,3416,0.023096641525626183,
3417,3417,0.023172613233327866,
3418,3418,0.024373646825551987,
3419,3419,0.021897191181778908,
3420,3420,0.023102475330233574,
3421,3421,0.023488156497478485,
3422,3422,0.022063784301280975,
3423,3423,0.021895410493016243,
3424,3424,0.022929195314645767,
3425,3425,0.022917665541172028,
3426,3426,0.02311704307794571,
3427,3427,0.02302204631268978,
3428,3428,0.022358516231179237,
3429,3429,0.022148417308926582,
3430,3430,0.0230563897639513,
3431,3431,0.023403868079185486,
3432,3432,0.023445017635822296,
3433,3433,0.02339596301317215,
3434,3434,0.023767298087477684,
3435,3435,0.022774001583456993,
3436,3436,0.024024147540330887,
3437,3437,0.024251788854599,
3438,3438,0.022655518725514412,
3439,3439,0.02285599522292614,
3440,3440,0.022369688376784325,
3441,3441,0.022655677050352097,
3442,3442,0.02399102970957756,
3443,3443,0.023204509168863297,
3444,3444,0.02324099652469158,
3445,3445,0.023149272426962852,
3446,3446,0.022851960733532906,
3447,3447,0.02329344116151333,
3448,3448,0.023936185985803604,
3449,3449,,0.02310394123196602
3449,3449,0.02310394123196602,
3450,3450,0.022911647334694862,
3451,3451,0.023568127304315567,
3452,3452,0.022740213200449944,
3453,3453,0.021414944902062416,
3454,3454,0.022768894210457802,
3455,3455,0.02342619188129902,
3456,3456,0.022487767040729523,
3457,3457,0.022560931742191315,
3458,3458,0.023297077044844627,
3459,3459,0.023604542016983032,
3460,3460,0.023100417107343674,
3461,3461,0.022651754319667816,
3462,3462,0.022909406572580338,
3463,3463,0.023443570360541344,
3464,3464,0.02247941680252552,
3465,3465,0.022539323195815086,
3466,3466,0.022892311215400696,
3467,3467,0.023144446313381195,
3468,3468,0.02182627096772194,
3469,3469,0.02410826086997986,
3470,3470,0.023511428385972977,
3471,3471,0.023293377831578255,
3472,3472,0.02303704246878624,
3473,3473,0.021997245028614998,
3474,3474,0.02142808958888054,
3475,3475,0.02340622805058956,
3476,3476,0.023000746965408325,
3477,3477,0.021852048113942146,
3478,3478,0.022435907274484634,
3479,3479,0.023241505026817322,
3480,3480,0.022800428792834282,
3481,3481,0.022657454013824463,
3482,3482,0.023024532943964005,
3483,3483,0.023391714319586754,
3484,3484,0.0227653831243515,
3485,3485,0.02352384477853775,
3486,3486,0.023437567055225372,
3487,3487,0.023044493049383163,
3488,3488,0.022494889795780182,
3489,3489,0.02305564098060131,
3490,3490,0.022442268207669258,
3491,3491,0.022846363484859467,
3492,3492,0.021824730560183525,
3493,3493,0.02255369909107685,
3494,3494,0.022897841408848763,
3495,3495,0.02286071516573429,
3496,3496,0.022864457219839096,
3497,3497,0.02319229580461979,
3498,3498,0.02288537286221981,
3499,3499,,0.023347625508904457
3499,3499,0.023347625508904457,
3500,3500,0.02150633931159973,
3501,3501,0.023512456566095352,
3502,3502,0.02394312620162964,
3503,3503,0.023285234346985817,
3504,3504,0.024259239435195923,
3505,3505,0.02191668562591076,
3506,3506,0.02363629825413227,
3507,3507,0.023927608504891396,
3508,3508,0.022782444953918457,
3509,3509,0.02292337641119957,
3510,3510,0.023197781294584274,
3511,3511,0.02224680408835411,
3512,3512,0.022565459832549095,
3513,3513,0.022560566663742065,
3514,3514,0.02487906627357006,
3515,3515,0.022734427824616432,
3516,3516,0.022980190813541412,
3517,3517,0.022612733766436577,
3518,3518,0.0233442485332489,
3519,3519,0.022663500159978867,
3520,3520,0.022039128467440605,
3521,3521,0.02214587666094303,
3522,3522,0.023208387196063995,
3523,3523,0.02193359099328518,
3524,3524,0.02257772907614708,
3525,3525,0.022859737277030945,
3526,3526,0.02351215109229088,
3527,3527,0.022926513105630875,
3528,3528,0.02218274213373661,
3529,3529,0.022618170827627182,
3530,3530,0.023592256009578705,
3531,3531,0.02378881350159645,
3532,3532,0.021398665383458138,
3533,3533,0.022672098129987717,
3534,3534,0.02273784764111042,
3535,3535,0.02292701043188572,
3536,3536,0.021637536585330963,
3537,3537,0.022588161751627922,
3538,3538,0.02197655662894249,
3539,3539,0.023201806470751762,
3540,3540,0.023121844977140427,
3541,3541,0.021643314510583878,
3542,3542,0.023904167115688324,
3543,3543,0.024108925834298134,
3544,3544,0.023400824517011642,
3545,3545,0.0232242438942194,
3546,3546,0.02144435979425907,
3547,3547,0.02281135693192482,
3548,3548,0.022967709228396416,
3549,3549,,0.0212530680000782
3549,3549,0.0212530680000782,
3550,3550,0.022975146770477295,
3551,3551,0.02247297577559948,
3552,3552,0.02301197685301304,
3553,3553,0.022083763033151627,
3554,3554,0.023118088021874428,
3555,3555,0.02438635379076004,
3556,3556,0.023698389530181885,
3557,3557,0.02246936410665512,
3558,3558,0.023112090304493904,
3559,3559,0.02283696085214615,
3560,3560,0.02296934276819229,
3561,3561,0.022996461018919945,
3562,3562,0.02311299927532673,
3563,3563,0.022812465205788612,
3564,3564,0.02298806421458721,
3565,3565,0.022645378485322,
3566,3566,0.023461418226361275,
3567,3567,0.022856805473566055,
3568,3568,0.02261008322238922,
3569,3569,0.0232331994920969,
3570,3570,0.022856825962662697,
3571,3571,0.023187296465039253,
3572,3572,0.022752394899725914,
3573,3573,0.02251644805073738,
3574,3574,0.022104766219854355,
3575,3575,0.022819675505161285,
3576,3576,0.022602472454309464,
3577,3577,0.02256730943918228,
3578,3578,0.022907596081495285,
3579,3579,0.022746272385120392,
3580,3580,0.02235644869506359,
3581,3581,0.022460028529167175,
3582,3582,0.022741012275218964,
3583,3583,0.02259308286011219,
3584,3584,0.022473108023405075,
3585,3585,0.022517161443829536,
3586,3586,0.022172242403030396,
3587,3587,0.0229782834649086,
3588,3588,0.023316074162721634,
3589,3589,0.022158609703183174,
3590,3590,0.022402744740247726,
3591,3591,0.021732313558459282,
3592,3592,0.022524623200297356,
3593,3593,0.02284882217645645,
3594,3594,0.022953391075134277,
3595,3595,0.023700857535004616,
3596,3596,0.0234073493629694,
3597,3597,0.020262038335204124,
3598,3598,0.021962905302643776,
3599,3599,,0.02280453033745289
3599,3599,0.02280453033745289,
3600,3600,0.024363279342651367,
3601,3601,0.022350529208779335,
3602,3602,0.023078182712197304,
3603,3603,0.02205554023385048,
3604,3604,0.022709250450134277,
3605,3605,0.02363736741244793,
3606,3606,0.022665930911898613,
3607,3607,0.022170932963490486,
3608,3608,0.02241865172982216,
3609,3609,0.02335021086037159,
3610,3610,0.022563688457012177,
3611,3611,0.022806135937571526,
3612,3612,0.02316567674279213,
3613,3613,0.02214818075299263,
3614,3614,0.023732447996735573,
3615,3615,0.022295042872428894,
3616,3616,0.022811777889728546,
3617,3617,0.023162690922617912,
3618,3618,0.02347656525671482,
3619,3619,0.02277744561433792,
3620,3620,0.022756002843379974,
3621,3621,0.023004096001386642,
3622,3622,0.023684481158852577,
3623,3623,0.022698020562529564,
3624,3624,0.022848382592201233,
3625,3625,0.022821201011538506,
3626,3626,0.02340218424797058,
3627,3627,0.022150062024593353,
3628,3628,0.020893389359116554,
3629,3629,0.023269537836313248,
3630,3630,0.022975686937570572,
3631,3631,0.022919954732060432,
3632,3632,0.02201121486723423,
3633,3633,0.02352862060070038,
3634,3634,0.023855488747358322,
3635,3635,0.02273937314748764,
3636,3636,0.021927744150161743,
3637,3637,0.022574951872229576,
3638,3638,0.023089686408638954,
3639,3639,0.02251267433166504,
3640,3640,0.02230941317975521,
3641,3641,0.023072004318237305,
3642,3642,0.02303837426006794,
3643,3643,0.022650210186839104,
3644,3644,0.022503694519400597,
3645,3645,0.023086506873369217,
3646,3646,0.021749628707766533,
3647,3647,0.022708570584654808,
3648,3648,0.022580180317163467,
3649,3649,,0.02252919040620327
3649,3649,0.02252919040620327,
3650,3650,0.022854305803775787,
3651,3651,0.023155998438596725,
3652,3652,0.023185010999441147,
3653,3653,0.021472737193107605,
3654,3654,0.020166907459497452,
3655,3655,0.022577404975891113,
3656,3656,0.021952198818325996,
3657,3657,0.02275051549077034,
3658,3658,0.023353898897767067,
3659,3659,0.022777900099754333,
3660,3660,0.022869786247611046,
3661,3661,0.02188507467508316,
3662,3662,0.022711018100380898,
3663,3663,0.022625602781772614,
3664,3664,0.023225367069244385,
3665,3665,0.023349110037088394,
3666,3666,0.02256949432194233,
3667,3667,0.022512810304760933,
3668,3668,0.022640593349933624,
3669,3669,0.021874187514185905,
3670,3670,0.021257031708955765,
3671,3671,0.022653812542557716,
3672,3672,0.022548137232661247,
3673,3673,0.022718220949172974,
3674,3674,0.02316264994442463,
3675,3675,0.022318042814731598,
3676,3676,0.022989246994256973,
3677,3677,0.023254016414284706,
3678,3678,0.02255573309957981,
3679,3679,0.02243366651237011,
3680,3680,0.02155063860118389,
3681,3681,0.023145876824855804,
3682,3682,0.023155968636274338,
3683,3683,0.022363407537341118,
3684,3684,0.021835878491401672,
3685,3685,0.02266007475554943,
3686,3686,0.0216921828687191,
3687,3687,0.02262231893837452,
3688,3688,0.022622540593147278,
3689,3689,0.022171808406710625,
3690,3690,0.024287424981594086,
3691,3691,0.021012604236602783,
3692,3692,0.023077834397554398,
3693,3693,0.022217605262994766,
3694,3694,0.02297362871468067,
3695,3695,0.02282407134771347,
3696,3696,0.022561879828572273,
3697,3697,0.022537169978022575,
3698,3698,0.022904573008418083,
3699,3699,,0.022777963429689407
3699,3699,0.022777963429689407,
3700,3700,0.022121550515294075,
3701,3701,0.021428721025586128,
3702,3702,0.02277958393096924,
3703,3703,0.023089364171028137,
3704,3704,0.02271268516778946,
3705,3705,0.02304704859852791,
3706,3706,0.022170942276716232,
3707,3707,0.023408351466059685,
3708,3708,0.022670580074191093,
3709,3709,0.023455701768398285,
3710,3710,0.02104232832789421,
3711,3711,0.02331419661641121,
3712,3712,0.02288448065519333,
3713,3713,0.021783681586384773,
3714,3714,0.022692376747727394,
3715,3715,0.022791285067796707,
3716,3716,0.022632122039794922,
3717,3717,0.023509811609983444,
3718,3718,0.023383518680930138,
3719,3719,0.022295454517006874,
3720,3720,0.021298103034496307,
3721,3721,0.0230708085000515,
3722,3722,0.02331538498401642,
3723,3723,0.02449135109782219,
3724,3724,0.02296396717429161,
3725,3725,0.022729728370904922,
3726,3726,0.022566426545381546,
3727,3727,0.021212875843048096,
3728,3728,0.02289266139268875,
3729,3729,0.022738967090845108,
3730,3730,0.022455381229519844,
3731,3731,0.022049807012081146,
3732,3732,0.022691013291478157,
3733,3733,0.02274128794670105,
3734,3734,0.022478193044662476,
3735,3735,0.022796815261244774,
3736,3736,0.020722821354866028,
3737,3737,0.020826276391744614,
3738,3738,0.022940615192055702,
3739,3739,0.023457692936062813,
3740,3740,0.02229047752916813,
3741,3741,0.021164702251553535,
3742,3742,0.022487450391054153,
3743,3743,0.022887757048010826,
3744,3744,0.02437676303088665,
3745,3745,0.024186693131923676,
3746,3746,0.02265811152756214,
3747,3747,0.02270607091486454,
3748,3748,0.02267269976437092,
3749,3749,,0.021687224507331848
3749,3749,0.021687224507331848,
3750,3750,0.022887352854013443,
3751,3751,0.022980740293860435,
3752,3752,0.022081397473812103,
3753,3753,0.02305416204035282,
3754,3754,0.022519288584589958,
3755,3755,0.022023065015673637,
3756,3756,0.022345254197716713,
3757,3757,0.022611068561673164,
3758,3758,0.021422404795885086,
3759,3759,0.022244729101657867,
3760,3760,0.022924432530999184,
3761,3761,0.022710738703608513,
3762,3762,0.022929491475224495,
3763,3763,0.023260990157723427,
3764,3764,0.022567396983504295,
3765,3765,0.023020241409540176,
3766,3766,0.02234930358827114,
3767,3767,0.0220564603805542,
3768,3768,0.022759128361940384,
3769,3769,0.022396612912416458,
3770,3770,0.023100638762116432,
3771,3771,0.02248575910925865,
3772,3772,0.02346278913319111,
3773,3773,0.02316044457256794,
3774,3774,0.022989550605416298,
3775,3775,0.02293170988559723,
3776,3776,0.02255120687186718,
3777,3777,0.022219976410269737,
3778,3778,0.02245740033686161,
3779,3779,0.022481057792901993,
3780,3780,0.022008143365383148,
3781,3781,0.022077340632677078,
3782,3782,0.022799190133810043,
3783,3783,0.023704856634140015,
3784,3784,0.021603858098387718,
3785,3785,0.022343890741467476,
3786,3786,0.022491080686450005,
3787,3787,0.023051396012306213,
3788,3788,0.0220573041588068,
3789,3789,0.022389423102140427,
3790,3790,0.023076867684721947,
3791,3791,0.022469814866781235,
3792,3792,0.022587748244404793,
3793,3793,0.02218465879559517,
3794,3794,0.02300778590142727,
3795,3795,0.0222308449447155,
3796,3796,0.02267618663609028,
3797,3797,0.0218900665640831,
3798,3798,0.023682642728090286,
3799,3799,,0.022717462852597237
3799,3799,0.022717462852597237,
3800,3800,0.022095242515206337,
3801,3801,0.02246415801346302,
3802,3802,0.02284756302833557,
3803,3803,0.021418053656816483,
3804,3804,0.02196817845106125,
3805,3805,0.022755103185772896,
3806,3806,0.02263406477868557,
3807,3807,0.02275509014725685,
3808,3808,0.02388348989188671,
3809,3809,0.02148052491247654,
3810,3810,0.022616218775510788,
3811,3811,0.021614637225866318,
3812,3812,0.022374846041202545,
3813,3813,0.023356491699814796,
3814,3814,0.022750727832317352,
3815,3815,0.023126758635044098,
3816,3816,0.02248283661901951,
3817,3817,0.02226334623992443,
3818,3818,0.02222956344485283,
3819,3819,0.022781729698181152,
3820,3820,0.022241836413741112,
3821,3821,0.022595034912228584,
3822,3822,0.022518526762723923,
3823,3823,0.022150667384266853,
3824,3824,0.02201983891427517,
3825,3825,0.022480882704257965,
3826,3826,0.02213946543633938,
3827,3827,0.02309368923306465,
3828,3828,0.022311057895421982,
3829,3829,0.023071017116308212,
3830,3830,0.022318921983242035,
3831,3831,0.023339686915278435,
3832,3832,0.02380690723657608,
3833,3833,0.02193205989897251,
3834,3834,0.023749563843011856,
3835,3835,0.022402595728635788,
3836,3836,0.022540297359228134,
3837,3837,0.0226797666400671,
3838,3838,0.02217431180179119,
3839,3839,0.022061843425035477,
3840,3840,0.02175287716090679,
3841,3841,0.022095847874879837,
3842,3842,0.022761046886444092,
3843,3843,0.022209852933883667,
3844,3844,0.021922510117292404,
3845,3845,0.021966099739074707,
3846,3846,0.02265586145222187,
3847,3847,0.024868711829185486,
3848,3848,0.022542089223861694,
3849,3849,,0.02211497537791729
3849,3849,0.02211497537791729,
3850,3850,0.023414630442857742,
3851,3851,0.022137189283967018,
3852,3852,0.022364605218172073,
3853,3853,0.022670993581414223,
3854,3854,0.023411188274621964,
3855,3855,0.02333354949951172,
3856,3856,0.021469291299581528,
3857,3857,0.02198953367769718,
3858,3858,0.023181447759270668,
3859,3859,0.02226841077208519,
3860,3860,0.023084746673703194,
3861,3861,0.023270150646567345,
3862,3862,0.02165265753865242,
3863,3863,0.0219329372048378,
3864,3864,0.02287312038242817,
3865,3865,0.02265498973429203,
3866,3866,0.02398872748017311,
3867,3867,0.022284820675849915,
3868,3868,0.022433137521147728,
3869,3869,0.02172074280679226,
3870,3870,0.02255486324429512,
3871,3871,0.022913770750164986,
3872,3872,0.022592008113861084,
3873,3873,0.022644655779004097,
3874,3874,0.02257627248764038,
3875,3875,0.023118115961551666,
3876,3876,0.022992337122559547,
3877,3877,0.02138541452586651,
3878,3878,0.023024901747703552,
3879,3879,0.02201119437813759,
3880,3880,0.02199304662644863,
3881,3881,0.021775739267468452,
3882,3882,0.022133352234959602,
3883,3883,0.02181711420416832,
3884,3884,0.024211399257183075,
3885,3885,0.023024288937449455,
3886,3886,0.02190539427101612,
3887,3887,0.022320229560136795,
3888,3888,0.022032177075743675,
3889,3889,0.022423626855015755,
3890,3890,0.022604888305068016,
3891,3891,0.02201269008219242,
3892,3892,0.022227896377444267,
3893,3893,0.021359970793128014,
3894,3894,0.022764811292290688,
3895,3895,0.021777011454105377,
3896,3896,0.0218203067779541,
3897,3897,0.02262607403099537,
3898,3898,0.022804800420999527,
3899,3899,,0.023461494594812393
3899,3899,0.023461494594812393,
3900,3900,0.023074593394994736,
3901,3901,0.022640811279416084,
3902,3902,0.022240042686462402,
3903,3903,0.02345830574631691,
3904,3904,0.022969001904129982,
3905,3905,0.02216998301446438,
3906,3906,0.022388147190213203,
3907,3907,0.022699283435940742,
3908,3908,0.02256501093506813,
3909,3909,0.021929601207375526,
3910,3910,0.021989820525050163,
3911,3911,0.02299199439585209,
3912,3912,0.021600846201181412,
3913,3913,0.02123868092894554,
3914,3914,0.02252635546028614,
3915,3915,0.022105995565652847,
3916,3916,0.02394663356244564,
3917,3917,0.02228226698935032,
3918,3918,0.022230125963687897,
3919,3919,0.02355324476957321,
3920,3920,0.022468620911240578,
3921,3921,0.022407224401831627,
3922,3922,0.02202250435948372,
3923,3923,0.021807169541716576,
3924,3924,0.0217606108635664,
3925,3925,0.023358747363090515,
3926,3926,0.0225954819470644,
3927,3927,0.02237602137029171,
3928,3928,0.022307652980089188,
3929,3929,0.022390443831682205,
3930,3930,0.023130027577280998,
3931,3931,0.022335372865200043,
3932,3932,0.02271600440144539,
3933,3933,0.02137441188097,
3934,3934,0.0228115264326334,
3935,3935,0.022273756563663483,
3936,3936,0.022230759263038635,
3937,3937,0.0226129237562418,
3938,3938,0.02246682345867157,
3939,3939,0.022016063332557678,
3940,3940,0.02173912338912487,
3941,3941,0.022197280079126358,
3942,3942,0.022404469549655914,
3943,3943,0.022549975663423538,
3944,3944,0.02281433716416359,
3945,3945,0.021898001432418823,
3946,3946,0.022951971739530563,
3947,3947,0.02317117340862751,
3948,3948,0.0226012971252203,
3949,3949,,0.022542601451277733
3949,3949,0.022542601451277733,
3950,3950,0.022490158677101135,
3951,3951,0.02233315445482731,
3952,3952,0.023134484887123108,
3953,3953,0.022961625829339027,
3954,3954,0.023746248334646225,
3955,3955,0.021849071606993675,
3956,3956,0.022551238536834717,
3957,3957,0.02200213260948658,
3958,3958,0.022924670949578285,
3959,3959,0.023146092891693115,
3960,3960,0.022012844681739807,
3961,3961,0.022221283987164497,
3962,3962,0.0220282394438982,
3963,3963,0.021907053887844086,
3964,3964,0.022795798256993294,
3965,3965,0.022212781012058258,
3966,3966,0.02257251739501953,
3967,3967,0.022597139701247215,
3968,3968,0.023255905136466026,
3969,3969,0.02259913459420204,
3970,3970,0.022026004269719124,
3971,3971,0.02292821742594242,
3972,3972,0.022918211296200752,
3973,3973,0.02233203314244747,
3974,3974,0.02273421548306942,
3975,3975,0.021939383819699287,
3976,3976,0.024438416585326195,
3977,3977,0.022471187636256218,
3978,3978,0.022026587277650833,
3979,3979,0.02327178791165352,
3980,3980,0.023344341665506363,
3981,3981,0.021856237202882767,
3982,3982,0.022838179022073746,
3983,3983,0.022428592666983604,
3984,3984,0.022219467908143997,
3985,3985,0.022662829607725143,
3986,3986,0.02133011259138584,
3987,3987,0.022599635645747185,
3988,3988,0.02260485664010048,
3989,3989,0.022471986711025238,
3990,3990,0.02245197631418705,
3991,3991,0.02228793315589428,
3992,3992,0.021506309509277344,
3993,3993,0.02216206304728985,
3994,3994,0.021608922630548477,
3995,3995,0.02182687446475029,
3996,3996,0.022955995053052902,
3997,3997,0.02202647551894188,
3998,3998,0.022094601765275,
3999,3999,,0.024107858538627625
3999,3999,0.024107858538627625,
