epoch,step,train_loss_epoch,train_loss_step
0,0,0.44819608330726624,
1,1,0.3005233705043793,
2,2,0.2724958062171936,
3,3,0.21811221539974213,
4,4,0.19606660306453705,
5,5,0.20028139650821686,
6,6,0.16173769533634186,
7,7,0.20992347598075867,
8,8,0.20008744299411774,
9,9,0.14267659187316895,
10,10,0.14232993125915527,
11,11,0.1372736543416977,
12,12,0.12890377640724182,
13,13,0.12324894964694977,
14,14,0.12007047235965729,
15,15,0.1142946407198906,
16,16,0.11085990816354752,
17,17,0.11301345378160477,
18,18,0.10683601349592209,
19,19,0.09802930802106857,
20,20,0.10282132029533386,
21,21,0.09365241229534149,
22,22,0.09235050529241562,
23,23,0.09431207180023193,
24,24,0.08989634364843369,
25,25,0.09534750133752823,
26,26,0.09267425537109375,
27,27,0.08924917876720428,
28,28,0.08598446846008301,
29,29,0.08417867869138718,
30,30,0.07974205911159515,
31,31,0.08432541787624359,
32,32,0.09242485463619232,
33,33,0.07961027324199677,
34,34,0.08570744097232819,
35,35,0.07473529875278473,
36,36,0.07456847280263901,
37,37,0.07669886201620102,
38,38,0.0787111446261406,
39,39,0.07837345451116562,
40,40,0.0709492638707161,
41,41,0.0767832025885582,
42,42,0.07645363360643387,
43,43,0.0737525001168251,
44,44,0.07722637057304382,
45,45,0.07689230144023895,
46,46,0.07172395288944244,
47,47,0.07418221235275269,
48,48,0.07219494879245758,
49,49,,0.06563466787338257
49,49,0.06563466787338257,
50,50,0.06859439611434937,
51,51,0.07068265229463577,
52,52,0.06845815479755402,
53,53,0.06818215548992157,
54,54,0.06842406094074249,
55,55,0.07015427947044373,
56,56,0.06983064115047455,
57,57,0.07188531011343002,
58,58,0.07090152055025101,
59,59,0.07021257281303406,
60,60,0.0719824731349945,
61,61,0.0683966800570488,
62,62,0.06985905021429062,
63,63,0.06978264451026917,
64,64,0.07947225868701935,
65,65,0.06936047226190567,
66,66,0.06991355866193771,
67,67,0.06935539096593857,
68,68,0.06799859553575516,
69,69,0.06264323741197586,
70,70,0.0644543468952179,
71,71,0.07199002057313919,
72,72,0.06835018843412399,
73,73,0.06816773116588593,
74,74,0.06865877658128738,
75,75,0.0661781057715416,
76,76,0.06717168539762497,
77,77,0.06839212775230408,
78,78,0.06807412207126617,
79,79,0.06391803175210953,
80,80,0.0703856348991394,
81,81,0.06776642799377441,
82,82,0.06649087369441986,
83,83,0.06972959637641907,
84,84,0.06780163198709488,
85,85,0.06781045347452164,
86,86,0.06980631500482559,
87,87,0.06872407346963882,
88,88,0.06832543760538101,
89,89,0.06646667420864105,
90,90,0.06730654835700989,
91,91,0.06892754882574081,
92,92,0.06695456802845001,
93,93,0.06729809194803238,
94,94,0.06743675470352173,
95,95,0.06559628993272781,
96,96,0.06972241401672363,
97,97,0.06741940230131149,
98,98,0.06447185575962067,
99,99,,0.06882824003696442
99,99,0.06882824003696442,
100,100,0.0683017149567604,
101,101,0.06778791546821594,
102,102,0.07009307295084,
103,103,0.06665065139532089,
104,104,0.0673854798078537,
105,105,0.06531281769275665,
106,106,0.06462064385414124,
107,107,0.06619525700807571,
108,108,0.06592272967100143,
109,109,0.06478259712457657,
110,110,0.06389044225215912,
111,111,0.06466738134622574,
112,112,0.0645802766084671,
113,113,0.06463349610567093,
114,114,0.06574785709381104,
115,115,0.06575332581996918,
116,116,0.06390156596899033,
117,117,0.06700540333986282,
118,118,0.0648566484451294,
119,119,0.06562963128089905,
120,120,0.06521729379892349,
121,121,0.06813949346542358,
122,122,0.06424501538276672,
123,123,0.06461100280284882,
124,124,0.06282903254032135,
125,125,0.06438374519348145,
126,126,0.06399630755186081,
127,127,0.062148649245500565,
128,128,0.06306137889623642,
129,129,0.06451187282800674,
130,130,0.06742414832115173,
131,131,0.061080459505319595,
132,132,0.06151950731873512,
133,133,0.06322979927062988,
134,134,0.062405720353126526,
135,135,0.06014132499694824,
136,136,0.06330347061157227,
137,137,0.0618685819208622,
138,138,0.06387703865766525,
139,139,0.0644027516245842,
140,140,0.06188267841935158,
141,141,0.06089670583605766,
142,142,0.06126219034194946,
143,143,0.06221480295062065,
144,144,0.06439780443906784,
145,145,0.05889156088232994,
146,146,0.06117932125926018,
147,147,0.060693420469760895,
148,148,0.0590900219976902,
149,149,,0.060118623077869415
149,149,0.060118623077869415,
150,150,0.059856608510017395,
151,151,0.059947334229946136,
152,152,0.06453351676464081,
153,153,0.06227083131670952,
154,154,0.059704262763261795,
155,155,0.06150244176387787,
156,156,0.059899523854255676,
157,157,0.06008046865463257,
158,158,0.057966042309999466,
159,159,0.0596669539809227,
160,160,0.05775415524840355,
161,161,0.05912546068429947,
162,162,0.060273412615060806,
163,163,0.05857452377676964,
164,164,0.05890090763568878,
165,165,0.06376096606254578,
166,166,0.058774080127477646,
167,167,0.05776165425777435,
168,168,0.058198265731334686,
169,169,0.05803448334336281,
170,170,0.05994221940636635,
171,171,0.05715380236506462,
172,172,0.059097375720739365,
173,173,0.05771665275096893,
174,174,0.0580483116209507,
175,175,0.05767156928777695,
176,176,0.056208472698926926,
177,177,0.05822070315480232,
178,178,0.05807226523756981,
179,179,0.05742576718330383,
180,180,0.057190023362636566,
181,181,0.057610005140304565,
182,182,0.058278199285268784,
183,183,0.05835014209151268,
184,184,0.05488622933626175,
185,185,0.055846597999334335,
186,186,0.0568683035671711,
187,187,0.056179534643888474,
188,188,0.05609676241874695,
189,189,0.05430928245186806,
190,190,0.056511763483285904,
191,191,0.06073834002017975,
192,192,0.05579294264316559,
193,193,0.054751161485910416,
194,194,0.05404731258749962,
195,195,0.057293739169836044,
196,196,0.05563553795218468,
197,197,0.05475999414920807,
198,198,0.05450981482863426,
199,199,,0.054864902049303055
199,199,0.054864902049303055,
200,200,0.05637237802147865,
201,201,0.053818248212337494,
202,202,0.052261486649513245,
203,203,0.05447752773761749,
204,204,0.05529077723622322,
205,205,0.05431508645415306,
206,206,0.05505150929093361,
207,207,0.05455876141786575,
208,208,0.05440308153629303,
209,209,0.056200671941041946,
210,210,0.054117824882268906,
211,211,0.056878238916397095,
212,212,0.05370699614286423,
213,213,0.0547240749001503,
214,214,0.054283324629068375,
215,215,0.05422394350171089,
216,216,0.054687537252902985,
217,217,0.054509010165929794,
218,218,0.05377090349793434,
219,219,0.053795065730810165,
220,220,0.05325779691338539,
221,221,0.05292829871177673,
222,222,0.05477919802069664,
223,223,0.05541759729385376,
224,224,0.052505142986774445,
225,225,0.051607076078653336,
226,226,0.05273117497563362,
227,227,0.053238194435834885,
228,228,0.051281701773405075,
229,229,0.05164624750614166,
230,230,0.052569326013326645,
231,231,0.052581463009119034,
232,232,0.05252125486731529,
233,233,0.05108114331960678,
234,234,0.05129750072956085,
235,235,0.0521077960729599,
236,236,0.05223556607961655,
237,237,0.05220095068216324,
238,238,0.05198124423623085,
239,239,0.0569666251540184,
240,240,0.05297110229730606,
241,241,0.05371484160423279,
242,242,0.052039168775081635,
243,243,0.051654499024152756,
244,244,0.05194980278611183,
245,245,0.05129467695951462,
246,246,0.05196987837553024,
247,247,0.05244673788547516,
248,248,0.052173446863889694,
249,249,,0.0524342842400074
249,249,0.0524342842400074,
250,250,0.050181034952402115,
251,251,0.05075430870056152,
252,252,0.0526946522295475,
253,253,0.05088479816913605,
254,254,0.05214511603116989,
255,255,0.05121457949280739,
256,256,0.04973478615283966,
257,257,0.052779633551836014,
258,258,0.05102989450097084,
259,259,0.05015777796506882,
260,260,0.048651840537786484,
261,261,0.051321376115083694,
262,262,0.051455236971378326,
263,263,0.05190500617027283,
264,264,0.0515403151512146,
265,265,0.05201936513185501,
266,266,0.0500640906393528,
267,267,0.05141276866197586,
268,268,0.051775794476270676,
269,269,0.049291133880615234,
270,270,0.05033671110868454,
271,271,0.05148907005786896,
272,272,0.050623148679733276,
273,273,0.05040759965777397,
274,274,0.05065839737653732,
275,275,0.04848606139421463,
276,276,0.05200823396444321,
277,277,0.04973217099905014,
278,278,0.05181390792131424,
279,279,0.050035033375024796,
280,280,0.049916189163923264,
281,281,0.050238657742738724,
282,282,0.04913018271327019,
283,283,0.05015404894948006,
284,284,0.04979703575372696,
285,285,0.05047507584095001,
286,286,0.049858346581459045,
287,287,0.05016547814011574,
288,288,0.049434129148721695,
289,289,0.051002465188503265,
290,290,0.05154727026820183,
291,291,0.050135400146245956,
292,292,0.051349468529224396,
293,293,0.049498554319143295,
294,294,0.04912692680954933,
295,295,0.04958187788724899,
296,296,0.05257135257124901,
297,297,0.05050946772098541,
298,298,0.049623891711235046,
299,299,,0.04878777265548706
299,299,0.04878777265548706,
300,300,0.050192926079034805,
301,301,0.04994559660553932,
302,302,0.049440737813711166,
303,303,0.050058066844940186,
304,304,0.050376757979393005,
305,305,0.051460567861795425,
306,306,0.050686486065387726,
307,307,0.04941835626959801,
308,308,0.04931316897273064,
309,309,0.05001233518123627,
310,310,0.049812883138656616,
311,311,0.05096062272787094,
312,312,0.05035954341292381,
313,313,0.04951049014925957,
314,314,0.04954909160733223,
315,315,0.048863425850868225,
316,316,0.05010365694761276,
317,317,0.05092429369688034,
318,318,0.048802219331264496,
319,319,0.049603309482336044,
320,320,0.05052238702774048,
321,321,0.049586109817028046,
322,322,0.050682954490184784,
323,323,0.048712920397520065,
324,324,0.049658648669719696,
325,325,0.04713175818324089,
326,326,0.050276413559913635,
327,327,0.05084005743265152,
328,328,0.050059106200933456,
329,329,0.05024763196706772,
330,330,0.04979625716805458,
331,331,0.050181906670331955,
332,332,0.050541024655103683,
333,333,0.050381194800138474,
334,334,0.0467657633125782,
335,335,0.04907988756895065,
336,336,0.048757776618003845,
337,337,0.04994610697031021,
338,338,0.04921143874526024,
339,339,0.05117776617407799,
340,340,0.04891502112150192,
341,341,0.04932597652077675,
342,342,0.04902183264493942,
343,343,0.04972396045923233,
344,344,0.05060626193881035,
345,345,0.04981401562690735,
346,346,0.04956190288066864,
347,347,0.05044865608215332,
348,348,0.047751035541296005,
349,349,,0.049202241003513336
349,349,0.049202241003513336,
350,350,0.048896368592977524,
351,351,0.04842037335038185,
352,352,0.048357315361499786,
353,353,0.05230347067117691,
354,354,0.049857500940561295,
355,355,0.049776867032051086,
356,356,0.048670507967472076,
357,357,0.04738524556159973,
358,358,0.04809698089957237,
359,359,0.04897257313132286,
360,360,0.04931194707751274,
361,361,0.04920325055718422,
362,362,0.04915440455079079,
363,363,0.048670701682567596,
364,364,0.0493185855448246,
365,365,0.04827340692281723,
366,366,0.0478937141597271,
367,367,0.04953642562031746,
368,368,0.048900946974754333,
369,369,0.04933181777596474,
370,370,0.04952636733651161,
371,371,0.04833795130252838,
372,372,0.0513145886361599,
373,373,0.049527015537023544,
374,374,0.04698996618390083,
375,375,0.05259673669934273,
376,376,0.050062667578458786,
377,377,0.049570389091968536,
378,378,0.04930852726101875,
379,379,0.04873385652899742,
380,380,0.050039585679769516,
381,381,0.0489453487098217,
382,382,0.04903586581349373,
383,383,0.04869545251131058,
384,384,0.049674566835165024,
385,385,0.04887888953089714,
386,386,0.04981007054448128,
387,387,0.05030570924282074,
388,388,0.04798515513539314,
389,389,0.04957433417439461,
390,390,0.05090530216693878,
391,391,0.0485992394387722,
392,392,0.047426365315914154,
393,393,0.04932277649641037,
394,394,0.04912591725587845,
395,395,0.048332978039979935,
396,396,0.049634743481874466,
397,397,0.04850281774997711,
398,398,0.049745675176382065,
399,399,,0.04868375137448311
399,399,0.04868375137448311,
400,400,0.05056464299559593,
401,401,0.04947522655129433,
402,402,0.0488678440451622,
403,403,0.049788568168878555,
404,404,0.04935206100344658,
405,405,0.04865328595042229,
406,406,0.049534399062395096,
407,407,0.048277173191308975,
408,408,0.04847118631005287,
409,409,0.049162253737449646,
410,410,0.048767104744911194,
411,411,0.04915955290198326,
412,412,0.0487225204706192,
413,413,0.04934552311897278,
414,414,0.05064846947789192,
415,415,0.04881155863404274,
416,416,0.04825034737586975,
417,417,0.04809418320655823,
418,418,0.04804816097021103,
419,419,0.050347860902547836,
420,420,0.04651292786002159,
421,421,0.04843640327453613,
422,422,0.048962026834487915,
423,423,0.04955952614545822,
424,424,0.04902660846710205,
425,425,0.04974914714694023,
426,426,0.04870152845978737,
427,427,0.049137815833091736,
428,428,0.048671647906303406,
429,429,0.0488976314663887,
430,430,0.04977758601307869,
431,431,0.050419967621564865,
432,432,0.04931532219052315,
433,433,0.0492154024541378,
434,434,0.04851814731955528,
435,435,0.048889223486185074,
436,436,0.047921981662511826,
437,437,0.04888797178864479,
438,438,0.048399604856967926,
439,439,0.04847286641597748,
440,440,0.049043554812669754,
441,441,0.048415280878543854,
442,442,0.04749118909239769,
443,443,0.049707237631082535,
444,444,0.049852438271045685,
445,445,0.04818623885512352,
446,446,0.048494335263967514,
447,447,0.048921916633844376,
448,448,0.04719918966293335,
449,449,,0.04834356904029846
449,449,0.04834356904029846,
450,450,0.04863821715116501,
451,451,0.0488264337182045,
452,452,0.0486379899084568,
453,453,0.05057701840996742,
454,454,0.04797815531492233,
455,455,0.04944704473018646,
456,456,0.05025029182434082,
457,457,0.04916795343160629,
458,458,0.049600109457969666,
459,459,0.04986735060811043,
460,460,0.04885091260075569,
461,461,0.04814959317445755,
462,462,0.04866316169500351,
463,463,0.04885021969676018,
464,464,0.048772286623716354,
465,465,0.049833886325359344,
466,466,0.04934406653046608,
467,467,0.049258485436439514,
468,468,0.0487946942448616,
469,469,0.048730429261922836,
470,470,0.04785125330090523,
471,471,0.04824156314134598,
472,472,0.04905122146010399,
473,473,0.048619117587804794,
474,474,0.04824540764093399,
475,475,0.0480053536593914,
476,476,0.048472873866558075,
477,477,0.04907909035682678,
478,478,0.04554096236824989,
479,479,0.04958226904273033,
480,480,0.04951277747750282,
481,481,0.04889431968331337,
482,482,0.04832767695188522,
483,483,0.0487290695309639,
484,484,0.04858101159334183,
485,485,0.04825982451438904,
486,486,0.04746212437748909,
487,487,0.04957900941371918,
488,488,0.04889039695262909,
489,489,0.0501541942358017,
490,490,0.04836823046207428,
491,491,0.04723099619150162,
492,492,0.04769449681043625,
493,493,0.048759575933218,
494,494,0.04914185032248497,
495,495,0.048278920352458954,
496,496,0.046937983483076096,
497,497,0.04850851744413376,
498,498,0.04801088571548462,
499,499,,0.04910309985280037
499,499,0.04910309985280037,
500,500,0.047515738755464554,
501,501,0.04797578230500221,
502,502,0.04877154156565666,
503,503,0.04831487312912941,
504,504,0.0487736351788044,
505,505,0.04923872649669647,
506,506,0.04852119833230972,
507,507,0.04767384007573128,
508,508,0.048529233783483505,
509,509,0.04693034663796425,
510,510,0.04834730550646782,
511,511,0.04772989824414253,
512,512,0.04724808782339096,
513,513,0.04564773291349411,
514,514,0.04881853982806206,
515,515,0.04814186319708824,
516,516,0.049169424921274185,
517,517,0.046859532594680786,
518,518,0.04796799272298813,
519,519,0.048171237111091614,
520,520,0.047635771334171295,
521,521,0.046640440821647644,
522,522,0.046670228242874146,
523,523,0.047055646777153015,
524,524,0.047407813370227814,
525,525,0.04762861505150795,
526,526,0.04761776700615883,
527,527,0.04796292632818222,
528,528,0.045648518949747086,
529,529,0.04865604639053345,
530,530,0.0475584976375103,
531,531,0.04744108393788338,
532,532,0.0466240718960762,
533,533,0.04700307920575142,
534,534,0.0481107123196125,
535,535,0.045757927000522614,
536,536,0.0466562919318676,
537,537,0.047539956867694855,
538,538,0.04702737182378769,
539,539,0.046896133571863174,
540,540,0.047345712780952454,
541,541,0.04576081037521362,
542,542,0.047900136560201645,
543,543,0.04557483643293381,
544,544,0.04641905799508095,
545,545,0.04707949236035347,
546,546,0.043681662529706955,
547,547,0.04560017213225365,
548,548,0.04845014587044716,
549,549,,0.0461098849773407
549,549,0.0461098849773407,
550,550,0.04662589728832245,
551,551,0.044933050870895386,
552,552,0.04533468931913376,
553,553,0.0469602569937706,
554,554,0.0485486276447773,
555,555,0.04325750470161438,
556,556,0.04394850134849548,
557,557,0.04610572010278702,
558,558,0.04309387505054474,
559,559,0.04756930097937584,
560,560,0.043319959193468094,
561,561,0.04566854238510132,
562,562,0.046091578900814056,
563,563,0.04539213329553604,
564,564,0.04634513705968857,
565,565,0.04559101536870003,
566,566,0.04119996353983879,
567,567,0.04435030743479729,
568,568,0.04328332096338272,
569,569,0.047635819762945175,
570,570,0.046412140130996704,
571,571,0.045616067945957184,
572,572,0.04034705087542534,
573,573,0.03975183516740799,
574,574,0.041388045996427536,
575,575,0.03792266175150871,
576,576,0.04360535368323326,
577,577,0.04607849195599556,
578,578,0.03678479790687561,
579,579,0.04514680430293083,
580,580,0.038296137005090714,
581,581,0.04141158238053322,
582,582,0.03674854710698128,
583,583,0.039509791880846024,
584,584,0.036132458597421646,
585,585,0.03546736016869545,
586,586,0.04094643518328667,
587,587,0.03574430197477341,
588,588,0.03428057208657265,
589,589,0.03462525084614754,
590,590,0.034943800419569016,
591,591,0.03249289467930794,
592,592,0.0331793911755085,
593,593,0.03257882595062256,
594,594,0.031466543674468994,
595,595,0.030543839558959007,
596,596,0.031745605170726776,
597,597,0.030447376891970634,
598,598,0.029714388772845268,
599,599,,0.026864254847168922
599,599,0.026864254847168922,
600,600,0.029937105253338814,
601,601,0.035998206585645676,
602,602,0.027664395049214363,
603,603,0.029707666486501694,
604,604,0.02706785313785076,
605,605,0.026804257184267044,
606,606,0.02525235339999199,
607,607,0.026282623410224915,
608,608,0.03840433806180954,
609,609,0.037393562495708466,
610,610,0.027482736855745316,
611,611,0.025917429476976395,
612,612,0.02566276676952839,
613,613,0.028409378603100777,
614,614,0.028606927022337914,
615,615,0.027577785775065422,
616,616,0.02900545485317707,
617,617,0.026861893013119698,
618,618,0.026425544172525406,
619,619,0.024343904107809067,
620,620,0.02895100973546505,
621,621,0.02385081723332405,
622,622,0.022158747538924217,
623,623,0.02107999287545681,
624,624,0.025978241115808487,
625,625,0.02280760556459427,
626,626,0.022504203021526337,
627,627,0.02461085468530655,
628,628,0.02273622900247574,
629,629,0.022513726726174355,
630,630,0.02435884438455105,
631,631,0.020871885120868683,
632,632,0.03539317846298218,
633,633,0.020898237824440002,
634,634,0.02479446865618229,
635,635,0.023453259840607643,
636,636,0.02112862840294838,
637,637,0.01955474726855755,
638,638,0.021532408893108368,
639,639,0.022249622270464897,
640,640,0.025543859228491783,
641,641,0.022551581263542175,
642,642,0.020172936841845512,
643,643,0.02231217361986637,
644,644,0.0192787554115057,
645,645,0.02680906280875206,
646,646,0.020823229104280472,
647,647,0.024160368368029594,
648,648,0.031725816428661346,
649,649,,0.022436216473579407
649,649,0.022436216473579407,
650,650,0.021815555170178413,
651,651,0.021522274240851402,
652,652,0.021778233349323273,
653,653,0.022160924971103668,
654,654,0.022995462641119957,
655,655,0.02000647783279419,
656,656,0.02179517224431038,
657,657,0.021863538771867752,
658,658,0.018890485167503357,
659,659,0.020735101774334908,
660,660,0.02081003412604332,
661,661,0.020158149302005768,
662,662,0.022158347070217133,
663,663,0.02210053987801075,
664,664,0.020979275926947594,
665,665,0.019714007154107094,
666,666,0.020367946475744247,
667,667,0.03714998811483383,
668,668,0.02153077907860279,
669,669,0.02056763879954815,
670,670,0.02116614580154419,
671,671,0.02077416516840458,
672,672,0.019791333004832268,
673,673,0.019918292760849,
674,674,0.020042942836880684,
675,675,0.02047513611614704,
676,676,0.02095654606819153,
677,677,0.022608986124396324,
678,678,0.01940055564045906,
679,679,0.02023489959537983,
680,680,0.023290148004889488,
681,681,0.019495811313390732,
682,682,0.020579827949404716,
683,683,0.021571964025497437,
684,684,0.020628703758120537,
685,685,0.020444100722670555,
686,686,0.020889881998300552,
687,687,0.026045560836791992,
688,688,0.019951265305280685,
689,689,0.03021571971476078,
690,690,0.022028645500540733,
691,691,0.019937394186854362,
692,692,0.01890890672802925,
693,693,0.020309891551733017,
694,694,0.02177784964442253,
695,695,0.0198882594704628,
696,696,0.019674910232424736,
697,697,0.01885964348912239,
698,698,0.020932545885443687,
699,699,,0.020884566009044647
699,699,0.020884566009044647,
700,700,0.021039310842752457,
701,701,0.019518477842211723,
702,702,0.02001529186964035,
703,703,0.02329656481742859,
704,704,0.020811783149838448,
705,705,0.01951921358704567,
706,706,0.018166769295930862,
707,707,0.01734423078596592,
708,708,0.019180938601493835,
709,709,0.020139915868639946,
710,710,0.01950734853744507,
711,711,0.027730660513043404,
712,712,0.020899992436170578,
713,713,0.019651563838124275,
714,714,0.02014623023569584,
715,715,0.01722797192633152,
716,716,0.019095975905656815,
717,717,0.020301030948758125,
718,718,0.019598769024014473,
719,719,0.020396558567881584,
720,720,0.019402502104640007,
721,721,0.02054286003112793,
722,722,0.02075696736574173,
723,723,0.019005490466952324,
724,724,0.019908983260393143,
725,725,0.017171569168567657,
726,726,0.018377188593149185,
727,727,0.01947830244898796,
728,728,0.021393368020653725,
729,729,0.017750388011336327,
730,730,0.022358499467372894,
731,731,0.01860506273806095,
732,732,0.018407249823212624,
733,733,0.021357564255595207,
734,734,0.018908502534031868,
735,735,0.02022569440305233,
736,736,0.019846132025122643,
737,737,0.019095303490757942,
738,738,0.02420566789805889,
739,739,0.018620086833834648,
740,740,0.02016725204885006,
741,741,0.018047435209155083,
742,742,0.02266593649983406,
743,743,0.016400165855884552,
744,744,0.018953735008835793,
745,745,0.019037511199712753,
746,746,0.02048012614250183,
747,747,0.021071404218673706,
748,748,0.018438683822751045,
749,749,,0.01898457482457161
749,749,0.01898457482457161,
750,750,0.018827369436621666,
751,751,0.022848844528198242,
752,752,0.01892474852502346,
753,753,0.018986890092492104,
754,754,0.019157247617840767,
755,755,0.017789676785469055,
756,756,0.01902615837752819,
757,757,0.019132904708385468,
758,758,0.018618226051330566,
759,759,0.019220072776079178,
760,760,0.018583109602332115,
761,761,0.018527304753661156,
762,762,0.01800939068198204,
763,763,0.017232850193977356,
764,764,0.02304142154753208,
765,765,0.01810566894710064,
766,766,0.021476266905665398,
767,767,0.01936788484454155,
768,768,0.017365626990795135,
769,769,0.01728455163538456,
770,770,0.018887480720877647,
771,771,0.01810690574347973,
772,772,0.017718780785799026,
773,773,0.020557940006256104,
774,774,0.016865888610482216,
775,775,0.018888697028160095,
776,776,0.020395278930664062,
777,777,0.017559098079800606,
778,778,0.01864834874868393,
779,779,0.01853449083864689,
780,780,0.017779361456632614,
781,781,0.018762173131108284,
782,782,0.01935533620417118,
783,783,0.018112916499376297,
784,784,0.02114749886095524,
785,785,0.018072087317705154,
786,786,0.017444578930735588,
787,787,0.017116695642471313,
788,788,0.01920473948121071,
789,789,0.01728104241192341,
790,790,0.017213448882102966,
791,791,0.016713915392756462,
792,792,0.020052850246429443,
793,793,0.0176280178129673,
794,794,0.018558764830231667,
795,795,0.020840730518102646,
796,796,0.04129558056592941,
797,797,0.01702294684946537,
798,798,0.020231084898114204,
799,799,,0.021083666011691093
799,799,0.021083666011691093,
800,800,0.02308844029903412,
801,801,0.01718989759683609,
802,802,0.016315465793013573,
803,803,0.018731584772467613,
804,804,0.019640976563096046,
805,805,0.02034257911145687,
806,806,0.017792725935578346,
807,807,0.018768489360809326,
808,808,0.01817093789577484,
809,809,0.02372640371322632,
810,810,0.018295884132385254,
811,811,0.017532048746943474,
812,812,0.018129771575331688,
813,813,0.017680078744888306,
814,814,0.018437383696436882,
815,815,0.01944875344634056,
816,816,0.019501645117998123,
817,817,0.017132190987467766,
818,818,0.018452055752277374,
819,819,0.017820099368691444,
820,820,0.02284231223165989,
821,821,0.016685744747519493,
822,822,0.017299573868513107,
823,823,0.017099998891353607,
824,824,0.019508475437760353,
825,825,0.01788102276623249,
826,826,0.018194004893302917,
827,827,0.019509203732013702,
828,828,0.017957977950572968,
829,829,0.019092997536063194,
830,830,0.017176859080791473,
831,831,0.017429238185286522,
832,832,0.01748746819794178,
833,833,0.016462581232190132,
834,834,0.01725766807794571,
835,835,0.01860475167632103,
836,836,0.01860628090798855,
837,837,0.020618269219994545,
838,838,0.018366975709795952,
839,839,0.018936969339847565,
840,840,0.017964975908398628,
841,841,0.01722758263349533,
842,842,0.02025243081152439,
843,843,0.01676507294178009,
844,844,0.01810605078935623,
845,845,0.017329275608062744,
846,846,0.016732512041926384,
847,847,0.01693161018192768,
848,848,0.01718013361096382,
849,849,,0.015429239720106125
849,849,0.015429239720106125,
850,850,0.017420323565602303,
851,851,0.017608918249607086,
852,852,0.019762059673666954,
853,853,0.01623908430337906,
854,854,0.01674911379814148,
855,855,0.015178739093244076,
856,856,0.017785754054784775,
857,857,0.019510935992002487,
858,858,0.017376527190208435,
859,859,0.0222605112940073,
860,860,0.01979125663638115,
861,861,0.018310977146029472,
862,862,0.02034229040145874,
863,863,0.0186424870043993,
864,864,0.01555647049099207,
865,865,0.01667162775993347,
866,866,0.019785873591899872,
867,867,0.017183000221848488,
868,868,0.01654132641851902,
869,869,0.018825873732566833,
870,870,0.016760328784585,
871,871,0.017184020951390266,
872,872,0.01878664456307888,
873,873,0.017938073724508286,
874,874,0.01756437122821808,
875,875,0.017196616157889366,
876,876,0.01823999732732773,
877,877,0.01758486218750477,
878,878,0.01720276102423668,
879,879,0.016140632331371307,
880,880,0.01716160960495472,
881,881,0.01724059134721756,
882,882,0.017109176144003868,
883,883,0.016121825203299522,
884,884,0.015908151865005493,
885,885,0.017420150339603424,
886,886,0.01689593680202961,
887,887,0.018359890207648277,
888,888,0.017897116020321846,
889,889,0.017412206158041954,
890,890,0.02015063911676407,
891,891,0.01627548411488533,
892,892,0.016260448843240738,
893,893,0.017337625846266747,
894,894,0.017909595742821693,
895,895,0.017606448382139206,
896,896,0.018067214637994766,
897,897,0.019412200897932053,
898,898,0.017103247344493866,
899,899,,0.017563844099640846
899,899,0.017563844099640846,
900,900,0.015867561101913452,
901,901,0.016204403713345528,
902,902,0.016389012336730957,
903,903,0.016557950526475906,
904,904,0.017505010589957237,
905,905,0.018227698281407356,
906,906,0.01579231768846512,
907,907,0.01816209964454174,
908,908,0.01582648791372776,
909,909,0.018179714679718018,
910,910,0.020687025040388107,
911,911,0.018240585923194885,
912,912,0.01774073950946331,
913,913,0.017216181382536888,
914,914,0.016531547531485558,
915,915,0.01802721992135048,
916,916,0.01617201790213585,
917,917,0.017322340980172157,
918,918,0.017004497349262238,
919,919,0.017641089856624603,
920,920,0.015891820192337036,
921,921,0.01611361652612686,
922,922,0.016664765775203705,
923,923,0.01673121191561222,
924,924,0.018853729590773582,
925,925,0.01687692478299141,
926,926,0.016553537920117378,
927,927,0.017101146280765533,
928,928,0.01829630695283413,
929,929,0.015830405056476593,
930,930,0.01792837493121624,
931,931,0.01682438515126705,
932,932,0.016233274713158607,
933,933,0.01660090498626232,
934,934,0.016348280012607574,
935,935,0.016554677858948708,
936,936,0.01623469591140747,
937,937,0.017408711835741997,
938,938,0.01640734262764454,
939,939,0.01507988478988409,
940,940,0.01619679108262062,
941,941,0.01784447208046913,
942,942,0.016500478610396385,
943,943,0.016931947320699692,
944,944,0.01661909744143486,
945,945,0.01703491248190403,
946,946,0.02231055125594139,
947,947,0.0158021692186594,
948,948,0.02241232804954052,
949,949,,0.016652440652251244
949,949,0.016652440652251244,
950,950,0.017414402216672897,
951,951,0.016390735283493996,
952,952,0.01835140399634838,
953,953,0.01840026117861271,
954,954,0.018452269956469536,
955,955,0.016121957451105118,
956,956,0.016853157430887222,
957,957,0.01683993637561798,
958,958,0.01828601583838463,
959,959,0.01615133322775364,
960,960,0.01685331016778946,
961,961,0.016885265707969666,
962,962,0.016801945865154266,
963,963,0.016375800594687462,
964,964,0.016831491142511368,
965,965,0.01776929385960102,
966,966,0.01611112244427204,
967,967,0.016819067299365997,
968,968,0.017311571165919304,
969,969,0.01620209589600563,
970,970,0.016280723735690117,
971,971,0.016119735315442085,
972,972,0.017416896298527718,
973,973,0.017018167302012444,
974,974,0.015662074089050293,
975,975,0.016512654721736908,
976,976,0.017872681841254234,
977,977,0.016416247934103012,
978,978,0.018295979127287865,
979,979,0.01640254072844982,
980,980,0.0179121196269989,
981,981,0.016446569934487343,
982,982,0.016576960682868958,
983,983,0.016545087099075317,
984,984,0.016398152336478233,
985,985,0.016676345840096474,
986,986,0.017033779993653297,
987,987,0.01618632674217224,
988,988,0.01591651514172554,
989,989,0.01820710487663746,
990,990,0.017788730561733246,
991,991,0.016795987263321877,
992,992,0.01593051292002201,
993,993,0.01557449996471405,
994,994,0.016358112916350365,
995,995,0.01713678613305092,
996,996,0.014856324531137943,
997,997,0.016049643978476524,
998,998,0.019944049417972565,
999,999,,0.016013745218515396
999,999,0.016013745218515396,
1000,1000,0.015748901292681694,
1001,1001,0.01704527623951435,
1002,1002,0.014524671249091625,
1003,1003,0.01815464347600937,
1004,1004,0.016278211027383804,
1005,1005,0.014888517558574677,
1006,1006,0.017036383971571922,
1007,1007,0.0173796433955431,
1008,1008,0.015095192939043045,
1009,1009,0.016750598326325417,
1010,1010,0.015128974802792072,
1011,1011,0.015889884904026985,
1012,1012,0.016663989052176476,
1013,1013,0.016189903020858765,
1014,1014,0.01767800562083721,
1015,1015,0.016354506835341454,
1016,1016,0.01620149053633213,
1017,1017,0.015205091796815395,
1018,1018,0.015775073319673538,
1019,1019,0.01563781127333641,
1020,1020,0.0199838038533926,
1021,1021,0.015736209228634834,
1022,1022,0.018447231501340866,
1023,1023,0.014391699805855751,
1024,1024,0.017103808000683784,
1025,1025,0.01473428774625063,
1026,1026,0.015063169412314892,
1027,1027,0.018457090482115746,
1028,1028,0.015849938616156578,
1029,1029,0.016011476516723633,
1030,1030,0.013937706127762794,
1031,1031,0.01651051454246044,
1032,1032,0.015791652724146843,
1033,1033,0.017046499997377396,
1034,1034,0.017111042514443398,
1035,1035,0.015467271208763123,
1036,1036,0.016154052689671516,
1037,1037,0.0161553006619215,
1038,1038,0.015353341586887836,
1039,1039,0.014905443415045738,
1040,1040,0.01656048558652401,
1041,1041,0.037254128605127335,
1042,1042,0.015511183068156242,
1043,1043,0.016746854409575462,
1044,1044,0.016893547028303146,
1045,1045,0.020140355452895164,
1046,1046,0.01638788729906082,
1047,1047,0.01615864783525467,
1048,1048,0.016970722004771233,
1049,1049,,0.017902174964547157
1049,1049,0.017902174964547157,
1050,1050,0.014880136586725712,
1051,1051,0.016557203605771065,
1052,1052,0.01705039106309414,
1053,1053,0.016498738899827003,
1054,1054,0.01659998670220375,
1055,1055,0.018166271969676018,
1056,1056,0.015899933874607086,
1057,1057,0.01881013624370098,
1058,1058,0.017657162621617317,
1059,1059,0.015897762030363083,
1060,1060,0.015632284805178642,
1061,1061,0.014988088980317116,
1062,1062,0.01561261247843504,
1063,1063,0.015657663345336914,
1064,1064,0.01598316803574562,
1065,1065,0.020589759573340416,
1066,1066,0.016402024775743484,
1067,1067,0.016640489920973778,
1068,1068,0.01689915917813778,
1069,1069,0.01648441143333912,
1070,1070,0.01620497740805149,
1071,1071,0.016175588592886925,
1072,1072,0.01639620028436184,
1073,1073,0.017156556248664856,
1074,1074,0.016464807093143463,
1075,1075,0.016741255298256874,
1076,1076,0.01579681970179081,
1077,1077,0.01651226356625557,
1078,1078,0.014464759267866611,
1079,1079,0.015284707769751549,
1080,1080,0.01748022995889187,
1081,1081,0.0161281730979681,
1082,1082,0.017109882086515427,
1083,1083,0.015284650959074497,
1084,1084,0.015344877727329731,
1085,1085,0.01617669314146042,
1086,1086,0.016170023009181023,
1087,1087,0.015481475740671158,
1088,1088,0.015944384038448334,
1089,1089,0.01666409522294998,
1090,1090,0.016009056940674782,
1091,1091,0.017266741022467613,
1092,1092,0.01835591159760952,
1093,1093,0.016123883426189423,
1094,1094,0.01602160558104515,
1095,1095,0.016410505399107933,
1096,1096,0.01674707978963852,
1097,1097,0.01623542048037052,
1098,1098,0.015409544110298157,
1099,1099,,0.016864115372300148
1099,1099,0.016864115372300148,
1100,1100,0.014373003505170345,
1101,1101,0.015717947855591774,
1102,1102,0.01549846027046442,
1103,1103,0.015401368960738182,
1104,1104,0.015404353849589825,
1105,1105,0.015827426686882973,
1106,1106,0.016792237758636475,
1107,1107,0.016576923429965973,
1108,1108,0.01757202111184597,
1109,1109,0.01519171055406332,
1110,1110,0.015018779784440994,
1111,1111,0.013716303743422031,
1112,1112,0.016407644376158714,
1113,1113,0.016616223379969597,
1114,1114,0.016239844262599945,
1115,1115,0.01474787201732397,
1116,1116,0.015329699963331223,
1117,1117,0.015952466055750847,
1118,1118,0.015338487923145294,
1119,1119,0.015430155210196972,
1120,1120,0.017263716086745262,
1121,1121,0.014122390188276768,
1122,1122,0.014198940247297287,
1123,1123,0.0161445215344429,
1124,1124,0.01518979575484991,
1125,1125,0.015223540365695953,
1126,1126,0.016357965767383575,
1127,1127,0.01649473048746586,
1128,1128,0.015838542953133583,
1129,1129,0.015118474140763283,
1130,1130,0.01617828756570816,
1131,1131,0.015545523725450039,
1132,1132,0.015382642857730389,
1133,1133,0.01543298177421093,
1134,1134,0.015833506360650063,
1135,1135,0.014867677353322506,
1136,1136,0.014974226243793964,
1137,1137,0.01423644833266735,
1138,1138,0.015163463540375233,
1139,1139,0.014980628155171871,
1140,1140,0.015653666108846664,
1141,1141,0.01388133130967617,
1142,1142,0.01547935139387846,
1143,1143,0.016060130670666695,
1144,1144,0.014925999566912651,
1145,1145,0.014290834777057171,
1146,1146,0.016177140176296234,
1147,1147,0.015388809144496918,
1148,1148,0.015880858525633812,
1149,1149,,0.014743032865226269
1149,1149,0.014743032865226269,
1150,1150,0.015356257557868958,
1151,1151,0.015841063112020493,
1152,1152,0.015379516407847404,
1153,1153,0.015328850597143173,
1154,1154,0.015838447958230972,
1155,1155,0.01743612438440323,
1156,1156,0.01467407401651144,
1157,1157,0.014877291396260262,
1158,1158,0.015286917798221111,
1159,1159,0.01522882841527462,
1160,1160,0.015968741849064827,
1161,1161,0.015467921271920204,
1162,1162,0.014988966286182404,
1163,1163,0.03186262398958206,
1164,1164,0.01581558957695961,
1165,1165,0.016447946429252625,
1166,1166,0.016008736565709114,
1167,1167,0.015726912766695023,
1168,1168,0.015651671215891838,
1169,1169,0.013440384529531002,
1170,1170,0.015639588236808777,
1171,1171,0.014521844685077667,
1172,1172,0.01578035205602646,
1173,1173,0.015289497561752796,
1174,1174,0.01465393602848053,
1175,1175,0.016863159835338593,
1176,1176,0.015222514979541302,
1177,1177,0.015879672020673752,
1178,1178,0.014314090833067894,
1179,1179,0.014209100045263767,
1180,1180,0.015930617228150368,
1181,1181,0.014780471101403236,
1182,1182,0.01593400351703167,
1183,1183,0.01516795065253973,
1184,1184,0.015135041438043118,
1185,1185,0.015070752240717411,
1186,1186,0.017036039382219315,
1187,1187,0.01568007469177246,
1188,1188,0.013044469058513641,
1189,1189,0.015434387139976025,
1190,1190,0.014408343471586704,
1191,1191,0.014418520964682102,
1192,1192,0.01443304680287838,
1193,1193,0.01496242918074131,
1194,1194,0.015105051919817924,
1195,1195,0.014828326180577278,
1196,1196,0.014946183189749718,
1197,1197,0.01563701406121254,
1198,1198,0.016663381829857826,
1199,1199,,0.013781340792775154
1199,1199,0.013781340792775154,
1200,1200,0.014173389412462711,
1201,1201,0.015466921962797642,
1202,1202,0.015053403563797474,
1203,1203,0.015474449843168259,
1204,1204,0.014909744262695312,
1205,1205,0.014607359655201435,
1206,1206,0.016198912635445595,
1207,1207,0.014404895715415478,
1208,1208,0.01687624678015709,
1209,1209,0.014392302371561527,
1210,1210,0.015409907326102257,
1211,1211,0.01741001196205616,
1212,1212,0.015756705775856972,
1213,1213,0.014954343438148499,
1214,1214,0.015085039660334587,
1215,1215,0.015497243031859398,
1216,1216,0.017241792753338814,
1217,1217,0.028138957917690277,
1218,1218,0.015558972023427486,
1219,1219,0.014186381362378597,
1220,1220,0.01574813388288021,
1221,1221,0.01538015715777874,
1222,1222,0.014825941063463688,
1223,1223,0.016234545037150383,
1224,1224,0.013479233719408512,
1225,1225,0.015711205080151558,
1226,1226,0.01660594530403614,
1227,1227,0.015613752417266369,
1228,1228,0.015448620542883873,
1229,1229,0.016180401667952538,
1230,1230,0.015981536358594894,
1231,1231,0.014325421303510666,
1232,1232,0.014001143164932728,
1233,1233,0.01540992222726345,
1234,1234,0.014211379922926426,
1235,1235,0.014718584716320038,
1236,1236,0.0156535804271698,
1237,1237,0.014830798842012882,
1238,1238,0.015234183520078659,
1239,1239,0.014875569380819798,
1240,1240,0.015275087207555771,
1241,1241,0.01583922654390335,
1242,1242,0.01601068302989006,
1243,1243,0.014240303076803684,
1244,1244,0.014500553719699383,
1245,1245,0.015274876728653908,
1246,1246,0.015198428183794022,
1247,1247,0.015457051806151867,
1248,1248,0.015088677406311035,
1249,1249,,0.014997826889157295
1249,1249,0.014997826889157295,
1250,1250,0.014589371159672737,
1251,1251,0.015015492215752602,
1252,1252,0.014699554070830345,
1253,1253,0.013792322017252445,
1254,1254,0.016156241297721863,
1255,1255,0.01738712377846241,
1256,1256,0.015480456873774529,
1257,1257,0.014321597293019295,
1258,1258,0.014209500513970852,
1259,1259,0.01627601683139801,
1260,1260,0.0138805927708745,
1261,1261,0.014649259857833385,
1262,1262,0.015563872642815113,
1263,1263,0.01800698973238468,
1264,1264,0.014459347352385521,
1265,1265,0.01473108772188425,
1266,1266,0.015172905288636684,
1267,1267,0.015489478595554829,
1268,1268,0.014873810112476349,
1269,1269,0.014539528638124466,
1270,1270,0.01443793997168541,
1271,1271,0.014608008787035942,
1272,1272,0.01504162885248661,
1273,1273,0.01450131181627512,
1274,1274,0.014485739171504974,
1275,1275,0.016517171636223793,
1276,1276,0.013623086735606194,
1277,1277,0.01386361476033926,
1278,1278,0.013439513742923737,
1279,1279,0.014339523389935493,
1280,1280,0.015293270349502563,
1281,1281,0.01588718220591545,
1282,1282,0.016003930941224098,
1283,1283,0.014192339964210987,
1284,1284,0.015616687014698982,
1285,1285,0.014582371339201927,
1286,1286,0.015169917605817318,
1287,1287,0.02719138190150261,
1288,1288,0.015208849683403969,
1289,1289,0.016827980056405067,
1290,1290,0.015585667453706264,
1291,1291,0.01447806041687727,
1292,1292,0.01599413901567459,
1293,1293,0.014635302126407623,
1294,1294,0.015143428929150105,
1295,1295,0.01454939041286707,
1296,1296,0.014838339760899544,
1297,1297,0.018216785043478012,
1298,1298,0.014357898384332657,
1299,1299,,0.016882676631212234
1299,1299,0.016882676631212234,
1300,1300,0.014996686019003391,
1301,1301,0.014738989993929863,
1302,1302,0.015175203792750835,
1303,1303,0.014489599503576756,
1304,1304,0.013879130594432354,
1305,1305,0.0181509368121624,
1306,1306,0.014425552450120449,
1307,1307,0.014569825492799282,
1308,1308,0.014069117605686188,
1309,1309,0.023436816409230232,
1310,1310,0.01522781327366829,
1311,1311,0.01325236912816763,
1312,1312,0.015414797700941563,
1313,1313,0.014286759309470654,
1314,1314,0.015423467382788658,
1315,1315,0.01441477332264185,
1316,1316,0.014500999823212624,
1317,1317,0.014168305322527885,
1318,1318,0.014132947660982609,
1319,1319,0.016392238438129425,
1320,1320,0.01575099490582943,
1321,1321,0.014738648198544979,
1322,1322,0.015832120552659035,
1323,1323,0.014257975853979588,
1324,1324,0.016079718247056007,
1325,1325,0.017002373933792114,
1326,1326,0.014491033740341663,
1327,1327,0.015814805403351784,
1328,1328,0.01602761819958687,
1329,1329,0.016184739768505096,
1330,1330,0.014184830710291862,
1331,1331,0.01503758504986763,
1332,1332,0.016994770616292953,
1333,1333,0.01484573632478714,
1334,1334,0.014956703409552574,
1335,1335,0.017150532454252243,
1336,1336,0.014560448937118053,
1337,1337,0.014574684202671051,
1338,1338,0.013468231074512005,
1339,1339,0.016029993072152138,
1340,1340,0.014574565924704075,
1341,1341,0.014885506592690945,
1342,1342,0.01473200786858797,
1343,1343,0.015005317516624928,
1344,1344,0.015587356872856617,
1345,1345,0.01600535959005356,
1346,1346,0.015121587552130222,
1347,1347,0.015000896528363228,
1348,1348,0.014463010244071484,
1349,1349,,0.013774420134723186
1349,1349,0.013774420134723186,
1350,1350,0.013070140965282917,
1351,1351,0.014729103073477745,
1352,1352,0.013194786384701729,
1353,1353,0.013224865309894085,
1354,1354,0.015863636508584023,
1355,1355,0.014757031574845314,
1356,1356,0.014562264084815979,
1357,1357,0.014436357654631138,
1358,1358,0.01451194379478693,
1359,1359,0.014357146807014942,
1360,1360,0.014162314124405384,
1361,1361,0.014198419637978077,
1362,1362,0.01411277987062931,
1363,1363,0.014133088290691376,
1364,1364,0.014510741457343102,
1365,1365,0.013673254288733006,
1366,1366,0.014734571799635887,
1367,1367,0.015510477125644684,
1368,1368,0.01501188799738884,
1369,1369,0.01419970951974392,
1370,1370,0.017047695815563202,
1371,1371,0.012822087854146957,
1372,1372,0.014292670413851738,
1373,1373,0.015257377177476883,
1374,1374,0.014055398292839527,
1375,1375,0.014562329277396202,
1376,1376,0.014256985858082771,
1377,1377,0.014490245841443539,
1378,1378,0.013758127577602863,
1379,1379,0.014666787348687649,
1380,1380,0.014102187007665634,
1381,1381,0.014124215580523014,
1382,1382,0.01353216078132391,
1383,1383,0.015023443847894669,
1384,1384,0.015251870267093182,
1385,1385,0.014290778897702694,
1386,1386,0.013992234133183956,
1387,1387,0.014824124053120613,
1388,1388,0.015069345943629742,
1389,1389,0.01387690007686615,
1390,1390,0.015452736988663673,
1391,1391,0.014611485414206982,
1392,1392,0.01350131630897522,
1393,1393,0.014089260250329971,
1394,1394,0.013669614680111408,
1395,1395,0.01421398390084505,
1396,1396,0.014284896664321423,
1397,1397,0.01580716483294964,
1398,1398,0.015019096434116364,
1399,1399,,0.013104370795190334
1399,1399,0.013104370795190334,
1400,1400,0.014176355674862862,
1401,1401,0.014233232475817204,
1402,1402,0.014871259219944477,
1403,1403,0.015270150266587734,
1404,1404,0.014773287810385227,
1405,1405,0.014070632867515087,
1406,1406,0.01440980564802885,
1407,1407,0.015141697600483894,
1408,1408,0.0144487414509058,
1409,1409,0.015502081252634525,
1410,1410,0.013575742021203041,
1411,1411,0.01461052056401968,
1412,1412,0.014693126082420349,
1413,1413,0.01474482100456953,
1414,1414,0.014521199278533459,
1415,1415,0.013891616836190224,
1416,1416,0.015499206259846687,
1417,1417,0.014206930063664913,
1418,1418,0.01528613269329071,
1419,1419,0.014797008596360683,
1420,1420,0.013311279937624931,
1421,1421,0.01421439554542303,
1422,1422,0.013946820981800556,
1423,1423,0.01398658100515604,
1424,1424,0.01637689769268036,
1425,1425,0.013912764377892017,
1426,1426,0.014976968988776207,
1427,1427,0.014627810567617416,
1428,1428,0.015154736116528511,
1429,1429,0.015381088480353355,
1430,1430,0.014953137375414371,
1431,1431,0.013631908223032951,
1432,1432,0.01398556213825941,
1433,1433,0.01443719957023859,
1434,1434,0.01377449743449688,
1435,1435,0.013302654027938843,
1436,1436,0.012689579278230667,
1437,1437,0.01436586957424879,
1438,1438,0.015669608488678932,
1439,1439,0.014479240402579308,
1440,1440,0.01418047584593296,
1441,1441,0.01392323151230812,
1442,1442,0.013917604461312294,
1443,1443,0.014318438246846199,
1444,1444,0.013968463987112045,
1445,1445,0.013919294811785221,
1446,1446,0.014860523864626884,
1447,1447,0.014019378460943699,
1448,1448,0.013523437082767487,
1449,1449,,0.014198639430105686
1449,1449,0.014198639430105686,
1450,1450,0.013522912748157978,
1451,1451,0.014054969884455204,
1452,1452,0.015831945464015007,
1453,1453,0.013430977240204811,
1454,1454,0.013419580645859241,
1455,1455,0.014535169117152691,
1456,1456,0.015730012208223343,
1457,1457,0.014954051934182644,
1458,1458,0.013475864194333553,
1459,1459,0.01420082151889801,
1460,1460,0.012745584361255169,
1461,1461,0.013946627266705036,
1462,1462,0.01524420827627182,
1463,1463,0.014464876614511013,
1464,1464,0.015922848135232925,
1465,1465,0.013254519551992416,
1466,1466,0.014693371020257473,
1467,1467,0.014540156349539757,
1468,1468,0.013557477854192257,
1469,1469,0.0170033760368824,
1470,1470,0.013000201433897018,
1471,1471,0.014737294055521488,
1472,1472,0.014183497056365013,
1473,1473,0.014993621036410332,
1474,1474,0.014007232151925564,
1475,1475,0.014642436988651752,
1476,1476,0.013740629889070988,
1477,1477,0.014126894995570183,
1478,1478,0.021631915122270584,
1479,1479,0.013636746443808079,
1480,1480,0.013597152195870876,
1481,1481,0.01431473158299923,
1482,1482,0.014255370944738388,
1483,1483,0.013387166894972324,
1484,1484,0.013404962606728077,
1485,1485,0.013899356126785278,
1486,1486,0.014148088172078133,
1487,1487,0.0144564900547266,
1488,1488,0.014010031707584858,
1489,1489,0.012537498027086258,
1490,1490,0.014106381684541702,
1491,1491,0.01465018093585968,
1492,1492,0.01504525262862444,
1493,1493,0.012545314617455006,
1494,1494,0.014116620644927025,
1495,1495,0.013453532941639423,
1496,1496,0.014393441379070282,
1497,1497,0.013585777021944523,
1498,1498,0.013704806566238403,
1499,1499,,0.015265200287103653
1499,1499,0.015265200287103653,
1500,1500,0.013917184434831142,
1501,1501,0.014171521179378033,
1502,1502,0.019747182726860046,
1503,1503,0.012499320320785046,
1504,1504,0.014595624059438705,
1505,1505,0.0163586288690567,
1506,1506,0.013432622887194157,
1507,1507,0.013992049731314182,
1508,1508,0.014294185675680637,
1509,1509,0.014339722692966461,
1510,1510,0.013868287205696106,
1511,1511,0.01493910700082779,
1512,1512,0.013200821354985237,
1513,1513,0.013063093647360802,
1514,1514,0.012773280031979084,
1515,1515,0.01376124657690525,
1516,1516,0.015769993886351585,
1517,1517,0.014640001580119133,
1518,1518,0.013949517160654068,
1519,1519,0.01178609300404787,
1520,1520,0.014436127617955208,
1521,1521,0.013517295010387897,
1522,1522,0.013374323956668377,
1523,1523,0.01503032073378563,
1524,1524,0.014211070723831654,
1525,1525,0.014715542085468769,
1526,1526,0.012961162254214287,
1527,1527,0.01379732321947813,
1528,1528,0.013200054876506329,
1529,1529,0.01280774176120758,
1530,1530,0.018240617588162422,
1531,1531,0.013961897231638432,
1532,1532,0.013917718082666397,
1533,1533,0.01395686436444521,
1534,1534,0.013999221846461296,
1535,1535,0.01344100758433342,
1536,1536,0.013750537298619747,
1537,1537,0.01406804844737053,
1538,1538,0.01380482129752636,
1539,1539,0.012822351418435574,
1540,1540,0.013662443496286869,
1541,1541,0.014754179865121841,
1542,1542,0.013083274476230145,
1543,1543,0.01403998676687479,
1544,1544,0.014663758687675,
1545,1545,0.013609956949949265,
1546,1546,0.013569584116339684,
1547,1547,0.012959271669387817,
1548,1548,0.013581559993326664,
1549,1549,,0.014044308103621006
1549,1549,0.014044308103621006,
1550,1550,0.013533025979995728,
1551,1551,0.01377188228070736,
1552,1552,0.013462609611451626,
1553,1553,0.013608821667730808,
1554,1554,0.013494213111698627,
1555,1555,0.013584775850176811,
1556,1556,0.012500252574682236,
1557,1557,0.013719801791012287,
1558,1558,0.013434196822345257,
1559,1559,0.013260850682854652,
1560,1560,0.013369260355830193,
1561,1561,0.013924291357398033,
1562,1562,0.0135273989289999,
1563,1563,0.012919077649712563,
1564,1564,0.014374051243066788,
1565,1565,0.014178060926496983,
1566,1566,0.012473588809370995,
1567,1567,0.013393819332122803,
1568,1568,0.013966397382318974,
1569,1569,0.013664641417562962,
1570,1570,0.01330057717859745,
1571,1571,0.013167846947908401,
1572,1572,0.013968720100820065,
1573,1573,0.0130059365183115,
1574,1574,0.013145468197762966,
1575,1575,0.0168151892721653,
1576,1576,0.015007535926997662,
1577,1577,0.01426528301090002,
1578,1578,0.01407326478511095,
1579,1579,0.012553641572594643,
1580,1580,0.013284332118928432,
1581,1581,0.01391460932791233,
1582,1582,0.01274877693504095,
1583,1583,0.01285694818943739,
1584,1584,0.013422087766230106,
1585,1585,0.013276639394462109,
1586,1586,0.013646401464939117,
1587,1587,0.013938377611339092,
1588,1588,0.012650925666093826,
1589,1589,0.013672980479896069,
1590,1590,0.013905549421906471,
1591,1591,0.013332759961485863,
1592,1592,0.012887154705822468,
1593,1593,0.013248959556221962,
1594,1594,0.013707832433283329,
1595,1595,0.014463480561971664,
1596,1596,0.01364641822874546,
1597,1597,0.013365806080400944,
1598,1598,0.012555459514260292,
1599,1599,,0.013749297708272934
1599,1599,0.013749297708272934,
1600,1600,0.012455393560230732,
1601,1601,0.012630356475710869,
1602,1602,0.013168594799935818,
1603,1603,0.012584521435201168,
1604,1604,0.012273543514311314,
1605,1605,0.012515637092292309,
1606,1606,0.012142281047999859,
1607,1607,0.014810597524046898,
1608,1608,0.014149274677038193,
1609,1609,0.013956219889223576,
1610,1610,0.012751922942698002,
1611,1611,0.013505264185369015,
1612,1612,0.012039527297019958,
1613,1613,0.012755758129060268,
1614,1614,0.013370339758694172,
1615,1615,0.013142184354364872,
1616,1616,0.0139584606513381,
1617,1617,0.013536468148231506,
1618,1618,0.01278376579284668,
1619,1619,0.013118535280227661,
1620,1620,0.013531356118619442,
1621,1621,0.012951185926795006,
1622,1622,0.01281608734279871,
1623,1623,0.012387191876769066,
1624,1624,0.01346801407635212,
1625,1625,0.012416183017194271,
1626,1626,0.012941320426762104,
1627,1627,0.013455255888402462,
1628,1628,0.012909801676869392,
1629,1629,0.014826110564172268,
1630,1630,0.012740838341414928,
1631,1631,0.01379673182964325,
1632,1632,0.012744080275297165,
1633,1633,0.013474902138113976,
1634,1634,0.013692060485482216,
1635,1635,0.01251970138400793,
1636,1636,0.013484912924468517,
1637,1637,0.012915889732539654,
1638,1638,0.012707934714853764,
1639,1639,0.012694000266492367,
1640,1640,0.012352683581411839,
1641,1641,0.01257834117859602,
1642,1642,0.01289956085383892,
1643,1643,0.013116791844367981,
1644,1644,0.011980565264821053,
1645,1645,0.014649313874542713,
1646,1646,0.014801736921072006,
1647,1647,0.01288112998008728,
1648,1648,0.017802229151129723,
1649,1649,,0.01231078989803791
1649,1649,0.01231078989803791,
1650,1650,0.012554713524878025,
1651,1651,0.012436575256288052,
1652,1652,0.01374572329223156,
1653,1653,0.01152817253023386,
1654,1654,0.01212925836443901,
1655,1655,0.012394378893077374,
1656,1656,0.012907225638628006,
1657,1657,0.013420525938272476,
1658,1658,0.012848558835685253,
1659,1659,0.012815514579415321,
1660,1660,0.012999971397221088,
1661,1661,0.01260610856115818,
1662,1662,0.012376893311738968,
1663,1663,0.01282371673732996,
1664,1664,0.012376689352095127,
1665,1665,0.012382901273667812,
1666,1666,0.011581864207983017,
1667,1667,0.01247481070458889,
1668,1668,0.013617569580674171,
1669,1669,0.014675556682050228,
1670,1670,0.013198237866163254,
1671,1671,0.013505388051271439,
1672,1672,0.013326818123459816,
1673,1673,0.01250960398465395,
1674,1674,0.012019511312246323,
1675,1675,0.012533790431916714,
1676,1676,0.013322947546839714,
1677,1677,0.01362239196896553,
1678,1678,0.012844065204262733,
1679,1679,0.01268085278570652,
1680,1680,0.012161428108811378,
1681,1681,0.012742760591208935,
1682,1682,0.012750673107802868,
1683,1683,0.012361206114292145,
1684,1684,0.012324880808591843,
1685,1685,0.014240791089832783,
1686,1686,0.012759828008711338,
1687,1687,0.011512583121657372,
1688,1688,0.012769465334713459,
1689,1689,0.012389996089041233,
1690,1690,0.012614314444363117,
1691,1691,0.012697615660727024,
1692,1692,0.012418333441019058,
1693,1693,0.012225069105625153,
1694,1694,0.013845899142324924,
1695,1695,0.01291064452379942,
1696,1696,0.012561525218188763,
1697,1697,0.013694439083337784,
1698,1698,0.015135242603719234,
1699,1699,,0.01179931778460741
1699,1699,0.01179931778460741,
1700,1700,0.012302814051508904,
1701,1701,0.012347731739282608,
1702,1702,0.012364959344267845,
1703,1703,0.012939871288836002,
1704,1704,0.012388293631374836,
1705,1705,0.012912105768918991,
1706,1706,0.012155025266110897,
1707,1707,0.012364353984594345,
1708,1708,0.011460325680673122,
1709,1709,0.01270047016441822,
1710,1710,0.012365223839879036,
1711,1711,0.01305404119193554,
1712,1712,0.013090632855892181,
1713,1713,0.013304815627634525,
1714,1714,0.012140806764364243,
1715,1715,0.012298166751861572,
1716,1716,0.011635253205895424,
1717,1717,0.011859780177474022,
1718,1718,0.013163120485842228,
1719,1719,0.01327119767665863,
1720,1720,0.01198461465537548,
1721,1721,0.012953205965459347,
1722,1722,0.012575505301356316,
1723,1723,0.012626365758478642,
1724,1724,0.011751390993595123,
1725,1725,0.012900427915155888,
1726,1726,0.012117113918066025,
1727,1727,0.011858758516609669,
1728,1728,0.01162867434322834,
1729,1729,0.01164571288973093,
1730,1730,0.01079637836664915,
1731,1731,0.012153380550444126,
1732,1732,0.01287100464105606,
1733,1733,0.011977030895650387,
1734,1734,0.012013319879770279,
1735,1735,0.011090192943811417,
1736,1736,0.011319786310195923,
1737,1737,0.01109569612890482,
1738,1738,0.012291505001485348,
1739,1739,0.012061558663845062,
1740,1740,0.012671408243477345,
1741,1741,0.01173694059252739,
1742,1742,0.012297294102609158,
1743,1743,0.011938131414353848,
1744,1744,0.012228918261826038,
1745,1745,0.012410066090524197,
1746,1746,0.010959385894238949,
1747,1747,0.011088584549725056,
1748,1748,0.011994078755378723,
1749,1749,,0.01187806949019432
1749,1749,0.01187806949019432,
1750,1750,0.012804620899260044,
1751,1751,0.012186918407678604,
1752,1752,0.011348210275173187,
1753,1753,0.012246374040842056,
1754,1754,0.012315248139202595,
1755,1755,0.01268802210688591,
1756,1756,0.012486718595027924,
1757,1757,0.012067344039678574,
1758,1758,0.012045836076140404,
1759,1759,0.01256650872528553,
1760,1760,0.011400477029383183,
1761,1761,0.011753099039196968,
1762,1762,0.011955383233726025,
1763,1763,0.011854604817926884,
1764,1764,0.012172332964837551,
1765,1765,0.01199004054069519,
1766,1766,0.012644798494875431,
1767,1767,0.011977353133261204,
1768,1768,0.014302532188594341,
1769,1769,0.012376315891742706,
1770,1770,0.012261809781193733,
1771,1771,0.011958909220993519,
1772,1772,0.0125042125582695,
1773,1773,0.012808402068912983,
1774,1774,0.011596804484724998,
1775,1775,0.012628484517335892,
1776,1776,0.01235212478786707,
1777,1777,0.012151080183684826,
1778,1778,0.012464485131204128,
1779,1779,0.01249842718243599,
1780,1780,0.01245969533920288,
1781,1781,0.012305865064263344,
1782,1782,0.01267324760556221,
1783,1783,0.012636600062251091,
1784,1784,0.012255153618752956,
1785,1785,0.011432536877691746,
1786,1786,0.011680626310408115,
1787,1787,0.011804630048573017,
1788,1788,0.012244563549757004,
1789,1789,0.011299246922135353,
1790,1790,0.012021354399621487,
1791,1791,0.012404300272464752,
1792,1792,0.011365311220288277,
1793,1793,0.012309136800467968,
1794,1794,0.012058974243700504,
1795,1795,0.012631463818252087,
1796,1796,0.012116968631744385,
1797,1797,0.011276287026703358,
1798,1798,0.011468424461781979,
1799,1799,,0.01179294940084219
1799,1799,0.01179294940084219,
1800,1800,0.012278703972697258,
1801,1801,0.012626608833670616,
1802,1802,0.012349356897175312,
1803,1803,0.011829974129796028,
1804,1804,0.011345784179866314,
1805,1805,0.011727714911103249,
1806,1806,0.011382094584405422,
1807,1807,0.01189693808555603,
1808,1808,0.012395118363201618,
1809,1809,0.01327444612979889,
1810,1810,0.011967401951551437,
1811,1811,0.011260638944804668,
1812,1812,0.012157969176769257,
1813,1813,0.010580659843981266,
1814,1814,0.010901440866291523,
1815,1815,0.010703959502279758,
1816,1816,0.012860205955803394,
1817,1817,0.011723614297807217,
1818,1818,0.013344503939151764,
1819,1819,0.011687451973557472,
1820,1820,0.012503327801823616,
1821,1821,0.012706185691058636,
1822,1822,0.012144225649535656,
1823,1823,0.01172826997935772,
1824,1824,0.012557338923215866,
1825,1825,0.012286191806197166,
1826,1826,0.01094160694628954,
1827,1827,0.012662339955568314,
1828,1828,0.011820696294307709,
1829,1829,0.012248395010828972,
1830,1830,0.011070556938648224,
1831,1831,0.01196032389998436,
1832,1832,0.01081275474280119,
1833,1833,0.012229254469275475,
1834,1834,0.01115417294204235,
1835,1835,0.011883202940225601,
1836,1836,0.011736726388335228,
1837,1837,0.011349352076649666,
1838,1838,0.012005393393337727,
1839,1839,0.011602111160755157,
1840,1840,0.013010160066187382,
1841,1841,0.011527566239237785,
1842,1842,0.011615007184445858,
1843,1843,0.011425384320318699,
1844,1844,0.011471929028630257,
1845,1845,0.016120051965117455,
1846,1846,0.01176855992525816,
1847,1847,0.013818061910569668,
1848,1848,0.011725434102118015,
1849,1849,,0.01173249538987875
1849,1849,0.01173249538987875,
1850,1850,0.012151841074228287,
1851,1851,0.011772123165428638,
1852,1852,0.010747252963483334,
1853,1853,0.012435699813067913,
1854,1854,0.012576652690768242,
1855,1855,0.012632426805794239,
1856,1856,0.011923708952963352,
1857,1857,0.011390537954866886,
1858,1858,0.01155543327331543,
1859,1859,0.011308726854622364,
1860,1860,0.012128916569054127,
1861,1861,0.012298651039600372,
1862,1862,0.011110007762908936,
1863,1863,0.011825190857052803,
1864,1864,0.012308793142437935,
1865,1865,0.0116822998970747,
1866,1866,0.012274915352463722,
1867,1867,0.013190156780183315,
1868,1868,0.01149526797235012,
1869,1869,0.012383135966956615,
1870,1870,0.012688854709267616,
1871,1871,0.013497867621481419,
1872,1872,0.012530366890132427,
1873,1873,0.012597079388797283,
1874,1874,0.012052152305841446,
1875,1875,0.012661014683544636,
1876,1876,0.012005933560431004,
1877,1877,0.011953352019190788,
1878,1878,0.011069932021200657,
1879,1879,0.012359286658465862,
1880,1880,0.012698731385171413,
1881,1881,0.011807536706328392,
1882,1882,0.012547139078378677,
1883,1883,0.013003185391426086,
1884,1884,0.012375568971037865,
1885,1885,0.011608445085585117,
1886,1886,0.011248694732785225,
1887,1887,0.011855710297822952,
1888,1888,0.012100247666239738,
1889,1889,0.011400948278605938,
1890,1890,0.011955681256949902,
1891,1891,0.0118979187682271,
1892,1892,0.01230381429195404,
1893,1893,0.0112871453166008,
1894,1894,0.011488379910588264,
1895,1895,0.011485627852380276,
1896,1896,0.012298370711505413,
1897,1897,0.012401172891259193,
1898,1898,0.013340518809854984,
1899,1899,,0.01273450069129467
1899,1899,0.01273450069129467,
1900,1900,0.012045382522046566,
1901,1901,0.011583815328776836,
1902,1902,0.012850991450250149,
1903,1903,0.012214242480695248,
1904,1904,0.011799069121479988,
1905,1905,0.011326558887958527,
1906,1906,0.009997757151722908,
1907,1907,0.010955874808132648,
1908,1908,0.011837675236165524,
1909,1909,0.011962944641709328,
1910,1910,0.010868689976632595,
1911,1911,0.011586405336856842,
1912,1912,0.011635486036539078,
1913,1913,0.013288600370287895,
1914,1914,0.011580162681639194,
1915,1915,0.011244905181229115,
1916,1916,0.01210222952067852,
1917,1917,0.012301243841648102,
1918,1918,0.012642251327633858,
1919,1919,0.01196643803268671,
1920,1920,0.012231618165969849,
1921,1921,0.011632438749074936,
1922,1922,0.012183044105768204,
1923,1923,0.011875255964696407,
1924,1924,0.011792071163654327,
1925,1925,0.011738595552742481,
1926,1926,0.01240143645554781,
1927,1927,0.011807382106781006,
1928,1928,0.011427917517721653,
1929,1929,0.012072666548192501,
1930,1930,0.011806541122496128,
1931,1931,0.011926831677556038,
1932,1932,0.011951758526265621,
1933,1933,0.011692516505718231,
1934,1934,0.012499043717980385,
1935,1935,0.011447206139564514,
1936,1936,0.012687861919403076,
1937,1937,0.012749675661325455,
1938,1938,0.012233826331794262,
1939,1939,0.011914481408894062,
1940,1940,0.011941508390009403,
1941,1941,0.011319148354232311,
1942,1942,0.011022789403796196,
1943,1943,0.01250197272747755,
1944,1944,0.01086954865604639,
1945,1945,0.01202757190912962,
1946,1946,0.01200888678431511,
1947,1947,0.011978666298091412,
1948,1948,0.011121544986963272,
1949,1949,,0.011956902220845222
1949,1949,0.011956902220845222,
1950,1950,0.01158356573432684,
1951,1951,0.011560349725186825,
1952,1952,0.010796355083584785,
1953,1953,0.014281059615314007,
1954,1954,0.012255759909749031,
1955,1955,0.011884212493896484,
1956,1956,0.011269466951489449,
1957,1957,0.010631066747009754,
1958,1958,0.011822343803942204,
1959,1959,0.011441467329859734,
1960,1960,0.011215027421712875,
1961,1961,0.011717804707586765,
1962,1962,0.01165021862834692,
1963,1963,0.011500190012156963,
1964,1964,0.01084565557539463,
1965,1965,0.010793573223054409,
1966,1966,0.011149703525006771,
1967,1967,0.01220157090574503,
1968,1968,0.01263528224080801,
1969,1969,0.01050535961985588,
1970,1970,0.011767399497330189,
1971,1971,0.011178664863109589,
1972,1972,0.011976153589785099,
1973,1973,0.011433085426688194,
1974,1974,0.011798480525612831,
1975,1975,0.012042983435094357,
1976,1976,0.01171354204416275,
1977,1977,0.01203685998916626,
1978,1978,0.010806100443005562,
1979,1979,0.011028778739273548,
1980,1980,0.011503683403134346,
1981,1981,0.01197113562375307,
1982,1982,0.01073643658310175,
1983,1983,0.01288588810712099,
1984,1984,0.011139428243041039,
1985,1985,0.012641382403671741,
1986,1986,0.010925138369202614,
1987,1987,0.011269433423876762,
1988,1988,0.011314966715872288,
1989,1989,0.011849799193441868,
1990,1990,0.011785918846726418,
1991,1991,0.011621342040598392,
1992,1992,0.0120106665417552,
1993,1993,0.012031754478812218,
1994,1994,0.012815296649932861,
1995,1995,0.01165376603603363,
1996,1996,0.011588281020522118,
1997,1997,0.010878738947212696,
1998,1998,0.011782093904912472,
1999,1999,,0.011777976527810097
1999,1999,0.011777976527810097,
2000,2000,0.011730174534022808,
2001,2001,0.012029246427118778,
2002,2002,0.01126689650118351,
2003,2003,0.011723462492227554,
2004,2004,0.011679943650960922,
2005,2005,0.010764396749436855,
2006,2006,0.01123629231005907,
2007,2007,0.011770997196435928,
2008,2008,0.01199648529291153,
2009,2009,0.011326538398861885,
2010,2010,0.01145333331078291,
2011,2011,0.011415485292673111,
2012,2012,0.012208026833832264,
2013,2013,0.011561769992113113,
2014,2014,0.011442742310464382,
2015,2015,0.011862563900649548,
2016,2016,0.011451827362179756,
2017,2017,0.01171870343387127,
2018,2018,0.011725255288183689,
2019,2019,0.011738356202840805,
2020,2020,0.011639649979770184,
2021,2021,0.01217988133430481,
2022,2022,0.01146786380559206,
2023,2023,0.011048652231693268,
2024,2024,0.011827663518488407,
2025,2025,0.01094853039830923,
2026,2026,0.011342780664563179,
2027,2027,0.011252859607338905,
2028,2028,0.012149177491664886,
2029,2029,0.011652122251689434,
2030,2030,0.012280827388167381,
2031,2031,0.011716317385435104,
2032,2032,0.01132261287420988,
2033,2033,0.011721372604370117,
2034,2034,0.011228403076529503,
2035,2035,0.011092844419181347,
2036,2036,0.011290227063000202,
2037,2037,0.012396209873259068,
2038,2038,0.011863800697028637,
2039,2039,0.01058921217918396,
2040,2040,0.011988306418061256,
2041,2041,0.011000984348356724,
2042,2042,0.011291798204183578,
2043,2043,0.011310507543385029,
2044,2044,0.01175914891064167,
2045,2045,0.011426597833633423,
2046,2046,0.010890685953199863,
2047,2047,0.011932210065424442,
2048,2048,0.011181974783539772,
2049,2049,,0.011605419218540192
2049,2049,0.011605419218540192,
2050,2050,0.011734110303223133,
2051,2051,0.011992846615612507,
2052,2052,0.011365288868546486,
2053,2053,0.011559455655515194,
2054,2054,0.011959896422922611,
2055,2055,0.01115442719310522,
2056,2056,0.011432893574237823,
2057,2057,0.011205475777387619,
2058,2058,0.013338224962353706,
2059,2059,0.011084130965173244,
2060,2060,0.011268957518041134,
2061,2061,0.010271781124174595,
2062,2062,0.010658204555511475,
2063,2063,0.010634137317538261,
2064,2064,0.011010797694325447,
2065,2065,0.011025232262909412,
2066,2066,0.012511772103607655,
2067,2067,0.011621126905083656,
2068,2068,0.011071443557739258,
2069,2069,0.010938821360468864,
2070,2070,0.011452405713498592,
2071,2071,0.011735827662050724,
2072,2072,0.0112688597291708,
2073,2073,0.01170001458376646,
2074,2074,0.011532933451235294,
2075,2075,0.011551416479051113,
2076,2076,0.011824843473732471,
2077,2077,0.010861212387681007,
2078,2078,0.011423497460782528,
2079,2079,0.01224867720156908,
2080,2080,0.011817073449492455,
2081,2081,0.010704576037824154,
2082,2082,0.011387179605662823,
2083,2083,0.011635072529315948,
2084,2084,0.01144982036203146,
2085,2085,0.012820996344089508,
2086,2086,0.010622388683259487,
2087,2087,0.011737118475139141,
2088,2088,0.011372656561434269,
2089,2089,0.011020396836102009,
2090,2090,0.012075462378561497,
2091,2091,0.011780786328017712,
2092,2092,0.011005887761712074,
2093,2093,0.011189918965101242,
2094,2094,0.011361422017216682,
2095,2095,0.010914810933172703,
2096,2096,0.011596840806305408,
2097,2097,0.01132757868617773,
2098,2098,0.012068076990544796,
2099,2099,,0.011313808150589466
2099,2099,0.011313808150589466,
2100,2100,0.011616569943726063,
2101,2101,0.010113210417330265,
2102,2102,0.012323728762567043,
2103,2103,0.011502144858241081,
2104,2104,0.011191759258508682,
2105,2105,0.011055564507842064,
2106,2106,0.011490955017507076,
2107,2107,0.012301880866289139,
2108,2108,0.011645100079476833,
2109,2109,0.01119165774434805,
2110,2110,0.011485118418931961,
2111,2111,0.0099967485293746,
2112,2112,0.011783445253968239,
2113,2113,0.012381000444293022,
2114,2114,0.010459436103701591,
2115,2115,0.011707057245075703,
2116,2116,0.010390670038759708,
2117,2117,0.011116609908640385,
2118,2118,0.01210774015635252,
2119,2119,0.011348173022270203,
2120,2120,0.01331386063247919,
2121,2121,0.011349181644618511,
2122,2122,0.011299550533294678,
2123,2123,0.011823291890323162,
2124,2124,0.012551544234156609,
2125,2125,0.011389137245714664,
2126,2126,0.011467044241726398,
2127,2127,0.01151599083095789,
2128,2128,0.011714087799191475,
2129,2129,0.011337455362081528,
2130,2130,0.011734248138964176,
2131,2131,0.012330722063779831,
2132,2132,0.012063123285770416,
2133,2133,0.010829037055373192,
2134,2134,0.011612728238105774,
2135,2135,0.01093929074704647,
2136,2136,0.011377599090337753,
2137,2137,0.012358510866761208,
2138,2138,0.01153777539730072,
2139,2139,0.010486495681107044,
2140,2140,0.01133634801954031,
2141,2141,0.011546488851308823,
2142,2142,0.012538665905594826,
2143,2143,0.01171118300408125,
2144,2144,0.011838500387966633,
2145,2145,0.011655929498374462,
2146,2146,0.012265467084944248,
2147,2147,0.011659064330160618,
2148,2148,0.011535163968801498,
2149,2149,,0.010905329138040543
2149,2149,0.010905329138040543,
2150,2150,0.011556352488696575,
2151,2151,0.011730021797120571,
2152,2152,0.011438571847975254,
2153,2153,0.011942403391003609,
2154,2154,0.011779805645346642,
2155,2155,0.011565002612769604,
2156,2156,0.011931839399039745,
2157,2157,0.012021486647427082,
2158,2158,0.012011240236461163,
2159,2159,0.011955362744629383,
2160,2160,0.012107857502996922,
2161,2161,0.011438490822911263,
2162,2162,0.01157797034829855,
2163,2163,0.011593327857553959,
2164,2164,0.011425194330513477,
2165,2165,0.011593196541070938,
2166,2166,0.013345036655664444,
2167,2167,0.012171252630650997,
2168,2168,0.011351662687957287,
2169,2169,0.010737997479736805,
2170,2170,0.011830858886241913,
2171,2171,0.01280092354863882,
2172,2172,0.012418222613632679,
2173,2173,0.012116962112486362,
2174,2174,0.01098788995295763,
2175,2175,0.011438150890171528,
2176,2176,0.011353638023138046,
2177,2177,0.011215286329388618,
2178,2178,0.01134185679256916,
2179,2179,0.011599576100707054,
2180,2180,0.009904352948069572,
2181,2181,0.011172384954988956,
2182,2182,0.012050984427332878,
2183,2183,0.012020559050142765,
2184,2184,0.010515174828469753,
2185,2185,0.01271358598023653,
2186,2186,0.011337483301758766,
2187,2187,0.011397081427276134,
2188,2188,0.011678075417876244,
2189,2189,0.011105104349553585,
2190,2190,0.011400839313864708,
2191,2191,0.011627714149653912,
2192,2192,0.01173070352524519,
2193,2193,0.011352146975696087,
2194,2194,0.011965314857661724,
2195,2195,0.011124438606202602,
2196,2196,0.011948870494961739,
2197,2197,0.011304142884910107,
2198,2198,0.0100208455696702,
2199,2199,,0.011346152983605862
2199,2199,0.011346152983605862,
2200,2200,0.01047157496213913,
2201,2201,0.011287600733339787,
2202,2202,0.011381302960216999,
2203,2203,0.011552812531590462,
2204,2204,0.011463617905974388,
2205,2205,0.011720001697540283,
2206,2206,0.011269154958426952,
2207,2207,0.011624575592577457,
2208,2208,0.010633238591253757,
2209,2209,0.011860703118145466,
2210,2210,0.010591870173811913,
2211,2211,0.010745355859398842,
2212,2212,0.011712376959621906,
2213,2213,0.01195946428924799,
2214,2214,0.011544358916580677,
2215,2215,0.011002704501152039,
2216,2216,0.011453134007751942,
2217,2217,0.010807930491864681,
2218,2218,0.011586695909500122,
2219,2219,0.011684413999319077,
2220,2220,0.013077190145850182,
2221,2221,0.010997450910508633,
2222,2222,0.0110072772949934,
2223,2223,0.0114200534299016,
2224,2224,0.011298651807010174,
2225,2225,0.011100256815552711,
2226,2226,0.01160094328224659,
2227,2227,0.012074081227183342,
2228,2228,0.011410905979573727,
2229,2229,0.011649501509964466,
2230,2230,0.01156364381313324,
2231,2231,0.011329179629683495,
2232,2232,0.010722131468355656,
2233,2233,0.012149162590503693,
2234,2234,0.011349460110068321,
2235,2235,0.011857850477099419,
2236,2236,0.01076771691441536,
2237,2237,0.011934805661439896,
2238,2238,0.010930187068879604,
2239,2239,0.01132294163107872,
2240,2240,0.011976370587944984,
2241,2241,0.01142260804772377,
2242,2242,0.010536524467170238,
2243,2243,0.01025262288749218,
2244,2244,0.01174172107130289,
2245,2245,0.010812198743224144,
2246,2246,0.011646016500890255,
2247,2247,0.012965591624379158,
2248,2248,0.01161576621234417,
2249,2249,,0.011635269969701767
2249,2249,0.011635269969701767,
2250,2250,0.01138284895569086,
2251,2251,0.011063325218856335,
2252,2252,0.011467796750366688,
2253,2253,0.01183066051453352,
2254,2254,0.010830684565007687,
2255,2255,0.010615088976919651,
2256,2256,0.012211423367261887,
2257,2257,0.011606005020439625,
2258,2258,0.010783561505377293,
2259,2259,0.011503803543746471,
2260,2260,0.01052856259047985,
2261,2261,0.01128341630101204,
2262,2262,0.011094795539975166,
2263,2263,0.011658702045679092,
2264,2264,0.010187765583395958,
2265,2265,0.011857444420456886,
2266,2266,0.01182660274207592,
2267,2267,0.011381705291569233,
2268,2268,0.011664297431707382,
2269,2269,0.010444870218634605,
2270,2270,0.011459192261099815,
2271,2271,0.010814053937792778,
2272,2272,0.012032289057970047,
2273,2273,0.010847763158380985,
2274,2274,0.011990114115178585,
2275,2275,0.011447065509855747,
2276,2276,0.011307121254503727,
2277,2277,0.011835962533950806,
2278,2278,0.011262661777436733,
2279,2279,0.01089040283113718,
2280,2280,0.010995803400874138,
2281,2281,0.011236903257668018,
2282,2282,0.010733695700764656,
2283,2283,0.010371997021138668,
2284,2284,0.0113418223336339,
2285,2285,0.01040143333375454,
2286,2286,0.011074264533817768,
2287,2287,0.012081769295036793,
2288,2288,0.011418093927204609,
2289,2289,0.010054809972643852,
2290,2290,0.011000687256455421,
2291,2291,0.011392705142498016,
2292,2292,0.011695832945406437,
2293,2293,0.011219535022974014,
2294,2294,0.011515885591506958,
2295,2295,0.01125440001487732,
2296,2296,0.011276193894445896,
2297,2297,0.011349891312420368,
2298,2298,0.011337114498019218,
2299,2299,,0.010784981772303581
2299,2299,0.010784981772303581,
2300,2300,0.011309479363262653,
2301,2301,0.011784173548221588,
2302,2302,0.0113278953358531,
2303,2303,0.011057893745601177,
2304,2304,0.010605545714497566,
2305,2305,0.010804646648466587,
2306,2306,0.011342021636664867,
2307,2307,0.010726246982812881,
2308,2308,0.011431851424276829,
2309,2309,0.011365432292222977,
2310,2310,0.011863849125802517,
2311,2311,0.010038764216005802,
2312,2312,0.010331004858016968,
2313,2313,0.01083136536180973,
2314,2314,0.011016038246452808,
2315,2315,0.01181558147072792,
2316,2316,0.010750653222203255,
2317,2317,0.010350839234888554,
2318,2318,0.010738036595284939,
2319,2319,0.0099011966958642,
2320,2320,0.012172462418675423,
2321,2321,0.009907439351081848,
2322,2322,0.011286917142570019,
2323,2323,0.010422704741358757,
2324,2324,0.011717286892235279,
2325,2325,0.010847855359315872,
2326,2326,0.010822595097124577,
2327,2327,0.011358275078237057,
2328,2328,0.010840443894267082,
2329,2329,0.01109666284173727,
2330,2330,0.010137693025171757,
2331,2331,0.01155382115393877,
2332,2332,0.010851571336388588,
2333,2333,0.011538111604750156,
2334,2334,0.010896380990743637,
2335,2335,0.011387337930500507,
2336,2336,0.011035704985260963,
2337,2337,0.010836220346391201,
2338,2338,0.011210422962903976,
2339,2339,0.011315898038446903,
2340,2340,0.011502839624881744,
2341,2341,0.010844909586012363,
2342,2342,0.011297660879790783,
2343,2343,0.012005732394754887,
2344,2344,0.010517124086618423,
2345,2345,0.011709213256835938,
2346,2346,0.01161447074264288,
2347,2347,0.011326864361763,
2348,2348,0.011250805109739304,
2349,2349,,0.010903950780630112
2349,2349,0.010903950780630112,
2350,2350,0.010736902244389057,
2351,2351,0.011158104985952377,
2352,2352,0.011467980220913887,
2353,2353,0.012417164631187916,
2354,2354,0.01135283149778843,
2355,2355,0.01109684631228447,
2356,2356,0.010915291495621204,
2357,2357,0.010420789010822773,
2358,2358,0.01120571605861187,
2359,2359,0.01123404037207365,
2360,2360,0.011563687585294247,
2361,2361,0.010675393044948578,
2362,2362,0.011151115410029888,
2363,2363,0.010848774574697018,
2364,2364,0.011563030071556568,
2365,2365,0.011338635347783566,
2366,2366,0.011210024356842041,
2367,2367,0.011116200126707554,
2368,2368,0.011059967800974846,
2369,2369,0.011314867995679379,
2370,2370,0.011604330502450466,
2371,2371,0.012843526899814606,
2372,2372,0.011089242994785309,
2373,2373,0.012218065559864044,
2374,2374,0.011301969178020954,
2375,2375,0.010795309208333492,
2376,2376,0.010478339157998562,
2377,2377,0.011384762823581696,
2378,2378,0.010917151346802711,
2379,2379,0.010404749773442745,
2380,2380,0.012180738151073456,
2381,2381,0.010320235043764114,
2382,2382,0.011513080447912216,
2383,2383,0.012151451781392097,
2384,2384,0.010914335027337074,
2385,2385,0.010858268477022648,
2386,2386,0.011410905979573727,
2387,2387,0.011462993919849396,
2388,2388,0.01028345339000225,
2389,2389,0.010138634592294693,
2390,2390,0.011167256161570549,
2391,2391,0.01108937244862318,
2392,2392,0.011505447328090668,
2393,2393,0.011187748983502388,
2394,2394,0.01177085842937231,
2395,2395,0.010690977796912193,
2396,2396,0.011393132619559765,
2397,2397,0.01144448108971119,
2398,2398,0.011277743615210056,
2399,2399,,0.01133239921182394
2399,2399,0.01133239921182394,
2400,2400,0.011884074658155441,
2401,2401,0.010808720253407955,
2402,2402,0.011292560957372189,
2403,2403,0.012256055139005184,
2404,2404,0.011230471543967724,
2405,2405,0.010936829261481762,
2406,2406,0.010147077031433582,
2407,2407,0.011250291019678116,
2408,2408,0.010957933962345123,
2409,2409,0.01083176676183939,
2410,2410,0.010964266955852509,
2411,2411,0.011526115238666534,
2412,2412,0.011152854189276695,
2413,2413,0.011212585493922234,
2414,2414,0.011754702776670456,
2415,2415,0.012034468352794647,
2416,2416,0.01103129331022501,
2417,2417,0.011358372867107391,
2418,2418,0.011704145930707455,
2419,2419,0.011157872155308723,
2420,2420,0.009958114475011826,
2421,2421,0.011334751732647419,
2422,2422,0.011061823926866055,
2423,2423,0.011668040417134762,
2424,2424,0.01118188351392746,
2425,2425,0.01060011237859726,
2426,2426,0.011156226508319378,
2427,2427,0.010560735128819942,
2428,2428,0.010447900742292404,
2429,2429,0.011453265324234962,
2430,2430,0.010305897332727909,
2431,2431,0.01142499502748251,
2432,2432,0.010820038616657257,
2433,2433,0.010411393828690052,
2434,2434,0.011354533955454826,
2435,2435,0.011021490208804607,
2436,2436,0.010134185664355755,
2437,2437,0.012348822318017483,
2438,2438,0.010926257818937302,
2439,2439,0.010379739105701447,
2440,2440,0.011100662872195244,
2441,2441,0.011283762753009796,
2442,2442,0.011168618686497211,
2443,2443,0.01124382484704256,
2444,2444,0.010549267753958702,
2445,2445,0.010584402829408646,
2446,2446,0.011222303844988346,
2447,2447,0.011301206424832344,
2448,2448,0.011641832068562508,
2449,2449,,0.010879562236368656
2449,2449,0.010879562236368656,
2450,2450,0.010808832943439484,
2451,2451,0.011647320352494717,
2452,2452,0.010017620399594307,
2453,2453,0.011095955036580563,
2454,2454,0.010969707742333412,
2455,2455,0.011169642210006714,
2456,2456,0.011433089151978493,
2457,2457,0.010250752791762352,
2458,2458,0.010026369243860245,
2459,2459,0.011393778026103973,
2460,2460,0.009855249896645546,
2461,2461,0.009836576879024506,
2462,2462,0.010674979537725449,
2463,2463,0.011122314259409904,
2464,2464,0.0108905965462327,
2465,2465,0.011536136269569397,
2466,2466,0.01063771452754736,
2467,2467,0.01116275880485773,
2468,2468,0.01104206033051014,
2469,2469,0.010658083483576775,
2470,2470,0.011244669556617737,
2471,2471,0.011381670832633972,
2472,2472,0.010053975507616997,
2473,2473,0.011408702470362186,
2474,2474,0.010787714272737503,
2475,2475,0.01080070436000824,
2476,2476,0.011247646994888783,
2477,2477,0.010995786637067795,
2478,2478,0.01098351739346981,
2479,2479,0.011205530725419521,
2480,2480,0.012058529071509838,
2481,2481,0.011225845664739609,
2482,2482,0.01129444595426321,
2483,2483,0.010826741345226765,
2484,2484,0.010650891810655594,
2485,2485,0.010186661966145039,
2486,2486,0.0100231459364295,
2487,2487,0.010902801528573036,
2488,2488,0.011923586949706078,
2489,2489,0.010311752557754517,
2490,2490,0.010903114452958107,
2491,2491,0.010802344419062138,
2492,2492,0.01089472882449627,
2493,2493,0.010393488220870495,
2494,2494,0.010886558331549168,
2495,2495,0.01191028580069542,
2496,2496,0.01077255979180336,
2497,2497,0.010565199889242649,
2498,2498,0.011175926774740219,
2499,2499,,0.011186421848833561
2499,2499,0.011186421848833561,
2500,2500,0.011785682290792465,
2501,2501,0.01095924898982048,
2502,2502,0.011115806177258492,
2503,2503,0.011295506730675697,
2504,2504,0.011098855175077915,
2505,2505,0.011309491470456123,
2506,2506,0.010557652451097965,
2507,2507,0.011165730655193329,
2508,2508,0.010321367532014847,
2509,2509,0.011188867501914501,
2510,2510,0.010670593939721584,
2511,2511,0.011658696457743645,
2512,2512,0.010255865752696991,
2513,2513,0.010551189072430134,
2514,2514,0.010927519761025906,
2515,2515,0.01092539168894291,
2516,2516,0.011469507589936256,
2517,2517,0.01067217905074358,
2518,2518,0.01065945252776146,
2519,2519,0.01031933631747961,
2520,2520,0.01081568468362093,
2521,2521,0.010818730108439922,
2522,2522,0.01105976291000843,
2523,2523,0.011217818595468998,
2524,2524,0.012411962263286114,
2525,2525,0.0101351672783494,
2526,2526,0.01135383639484644,
2527,2527,0.010300684720277786,
2528,2528,0.010803847573697567,
2529,2529,0.01050377544015646,
2530,2530,0.01161249540746212,
2531,2531,0.011719435453414917,
2532,2532,0.011525125242769718,
2533,2533,0.010471652261912823,
2534,2534,0.010692691430449486,
2535,2535,0.010488584637641907,
2536,2536,0.01128093060106039,
2537,2537,0.010301034897565842,
2538,2538,0.011277847923338413,
2539,2539,0.010668663308024406,
2540,2540,0.010686459951102734,
2541,2541,0.011734656058251858,
2542,2542,0.010960997082293034,
2543,2543,0.010787191800773144,
2544,2544,0.010955064557492733,
2545,2545,0.01039363443851471,
2546,2546,0.010707149282097816,
2547,2547,0.011167455464601517,
2548,2548,0.011792871169745922,
2549,2549,,0.011038529686629772
2549,2549,0.011038529686629772,
2550,2550,0.011205296963453293,
2551,2551,0.011186446063220501,
2552,2552,0.010575199499726295,
2553,2553,0.010704709216952324,
2554,2554,0.011592703871428967,
2555,2555,0.010916774161159992,
2556,2556,0.010822374373674393,
2557,2557,0.011112754233181477,
2558,2558,0.01186013501137495,
2559,2559,0.010902907699346542,
2560,2560,0.010945037007331848,
2561,2561,0.01026819460093975,
2562,2562,0.010584265924990177,
2563,2563,0.009387055411934853,
2564,2564,0.011029879562556744,
2565,2565,0.01120421290397644,
2566,2566,0.011348401196300983,
2567,2567,0.010928414762020111,
2568,2568,0.009948833845555782,
2569,2569,0.011240103282034397,
2570,2570,0.011155623011291027,
2571,2571,0.010656344704329967,
2572,2572,0.011269377544522285,
2573,2573,0.011673579923808575,
2574,2574,0.011203551664948463,
2575,2575,0.010850350372493267,
2576,2576,0.010659018531441689,
2577,2577,0.010268304497003555,
2578,2578,0.010850024409592152,
2579,2579,0.010516369715332985,
2580,2580,0.011202393099665642,
2581,2581,0.010917538776993752,
2582,2582,0.010456498712301254,
2583,2583,0.010800867341458797,
2584,2584,0.011122951284050941,
2585,2585,0.011094370856881142,
2586,2586,0.010904470458626747,
2587,2587,0.011376299895346165,
2588,2588,0.01098505686968565,
2589,2589,0.010718034580349922,
2590,2590,0.010062637738883495,
2591,2591,0.010767577216029167,
2592,2592,0.010802644304931164,
2593,2593,0.011766316369175911,
2594,2594,0.011043723672628403,
2595,2595,0.010900014080107212,
2596,2596,0.011602135375142097,
2597,2597,0.011107037775218487,
2598,2598,0.010730128735303879,
2599,2599,,0.010470257140696049
2599,2599,0.010470257140696049,
2600,2600,0.010991496965289116,
2601,2601,0.010772636160254478,
2602,2602,0.010351254604756832,
2603,2603,0.01102954801172018,
2604,2604,0.011500472202897072,
2605,2605,0.011082133278250694,
2606,2606,0.011444726958870888,
2607,2607,0.011692426167428493,
2608,2608,0.01115868054330349,
2609,2609,0.01009688712656498,
2610,2610,0.011694164015352726,
2611,2611,0.01107443030923605,
2612,2612,0.012111064977943897,
2613,2613,0.01158984936773777,
2614,2614,0.009730789810419083,
2615,2615,0.01012430153787136,
2616,2616,0.011142137460410595,
2617,2617,0.011921566911041737,
2618,2618,0.010159514844417572,
2619,2619,0.010666932910680771,
2620,2620,0.011007771827280521,
2621,2621,0.011136401444673538,
2622,2622,0.010474070906639099,
2623,2623,0.011030301451683044,
2624,2624,0.011284842155873775,
2625,2625,0.010561718605458736,
2626,2626,0.010820633731782436,
2627,2627,0.01129226479679346,
2628,2628,0.010543880984187126,
2629,2629,0.010872636921703815,
2630,2630,0.011373142711818218,
2631,2631,0.010621162131428719,
2632,2632,0.011175019666552544,
2633,2633,0.010858305729925632,
2634,2634,0.011074461042881012,
2635,2635,0.010199329815804958,
2636,2636,0.011175437830388546,
2637,2637,0.010820926167070866,
2638,2638,0.01120136957615614,
2639,2639,0.011248349212110043,
2640,2640,0.010898170061409473,
2641,2641,0.011051681824028492,
2642,2642,0.010892864316701889,
2643,2643,0.011702786199748516,
2644,2644,0.010667873546481133,
2645,2645,0.011583677493035793,
2646,2646,0.011561528779566288,
2647,2647,0.011132809333503246,
2648,2648,0.01057679858058691,
2649,2649,,0.01117157842963934
2649,2649,0.01117157842963934,
2650,2650,0.01101414579898119,
2651,2651,0.01160529162734747,
2652,2652,0.01130390353500843,
2653,2653,0.010993676260113716,
2654,2654,0.010913372971117496,
2655,2655,0.010891828685998917,
2656,2656,0.010530983097851276,
2657,2657,0.010247927159070969,
2658,2658,0.010309459641575813,
2659,2659,0.011217758990824223,
2660,2660,0.010377525351941586,
2661,2661,0.01021843682974577,
2662,2662,0.011167879216372967,
2663,2663,0.010759293101727962,
2664,2664,0.010971172712743282,
2665,2665,0.010863596573472023,
2666,2666,0.01063455082476139,
2667,2667,0.010605476796627045,
2668,2668,0.010840337723493576,
2669,2669,0.010363750159740448,
2670,2670,0.010290349833667278,
2671,2671,0.010312622413039207,
2672,2672,0.009983842261135578,
2673,2673,0.010754337534308434,
2674,2674,0.010858066380023956,
2675,2675,0.01083887368440628,
2676,2676,0.010276470333337784,
2677,2677,0.010964544489979744,
2678,2678,0.011028546839952469,
2679,2679,0.011096213012933731,
2680,2680,0.011773107573390007,
2681,2681,0.010189466178417206,
2682,2682,0.0105841513723135,
2683,2683,0.010121152736246586,
2684,2684,0.00968368723988533,
2685,2685,0.010651994496583939,
2686,2686,0.010313199833035469,
2687,2687,0.010327682830393314,
2688,2688,0.010198819451034069,
2689,2689,0.010739230550825596,
2690,2690,0.011537083424627781,
2691,2691,0.010833860374987125,
2692,2692,0.010856368578970432,
2693,2693,0.011003456078469753,
2694,2694,0.010382742621004581,
2695,2695,0.011509641073644161,
2696,2696,0.011778765358030796,
2697,2697,0.010395326651632786,
2698,2698,0.010472102090716362,
2699,2699,,0.01055623684078455
2699,2699,0.01055623684078455,
2700,2700,0.011517751961946487,
2701,2701,0.01073991134762764,
2702,2702,0.010695341043174267,
2703,2703,0.010492680594325066,
2704,2704,0.010980675928294659,
2705,2705,0.01024074386805296,
2706,2706,0.01098310761153698,
2707,2707,0.010630919598042965,
2708,2708,0.010735257528722286,
2709,2709,0.010970842093229294,
2710,2710,0.010350536555051804,
2711,2711,0.010825874283909798,
2712,2712,0.010423487052321434,
2713,2713,0.010851278901100159,
2714,2714,0.011421824805438519,
2715,2715,0.010637808591127396,
2716,2716,0.010723828338086605,
2717,2717,0.011130684055387974,
2718,2718,0.010644042864441872,
2719,2719,0.010597814805805683,
2720,2720,0.01068905834108591,
2721,2721,0.010899548418819904,
2722,2722,0.010241207666695118,
2723,2723,0.010397353209555149,
2724,2724,0.010324579663574696,
2725,2725,0.011921730823814869,
2726,2726,0.011312691494822502,
2727,2727,0.011087405495345592,
2728,2728,0.011759846471250057,
2729,2729,0.010978685691952705,
2730,2730,0.010084258392453194,
2731,2731,0.00999240018427372,
2732,2732,0.010668231174349785,
2733,2733,0.010683726519346237,
2734,2734,0.011071051470935345,
2735,2735,0.011297914199531078,
2736,2736,0.011596986092627048,
2737,2737,0.010635516606271267,
2738,2738,0.010830673389136791,
2739,2739,0.01009415090084076,
2740,2740,0.010766752064228058,
2741,2741,0.010321756824851036,
2742,2742,0.009651989676058292,
2743,2743,0.010742711834609509,
2744,2744,0.01152996625751257,
2745,2745,0.010675031691789627,
2746,2746,0.009103069081902504,
2747,2747,0.01117184478789568,
2748,2748,0.011354946531355381,
2749,2749,,0.01106195617467165
2749,2749,0.01106195617467165,
2750,2750,0.010205399245023727,
2751,2751,0.010128917172551155,
2752,2752,0.010830274783074856,
2753,2753,0.010243657045066357,
2754,2754,0.009962402284145355,
2755,2755,0.010665868408977985,
2756,2756,0.010694962926208973,
2757,2757,0.010404878295958042,
2758,2758,0.010537438094615936,
2759,2759,0.010441071353852749,
2760,2760,0.010773539543151855,
2761,2761,0.010741041041910648,
2762,2762,0.00961328949779272,
2763,2763,0.010663670487701893,
2764,2764,0.011946136131882668,
2765,2765,0.01059740036725998,
2766,2766,0.010750305838882923,
2767,2767,0.011299523524940014,
2768,2768,0.010640150867402554,
2769,2769,0.009391524828970432,
2770,2770,0.010555348359048367,
2771,2771,0.010794014669954777,
2772,2772,0.011890585534274578,
2773,2773,0.011719325557351112,
2774,2774,0.010127200745046139,
2775,2775,0.010814075358211994,
2776,2776,0.011012965813279152,
2777,2777,0.01098659448325634,
2778,2778,0.010345680639147758,
2779,2779,0.010835390537977219,
2780,2780,0.010519043542444706,
2781,2781,0.010442495346069336,
2782,2782,0.010531692765653133,
2783,2783,0.010771332308650017,
2784,2784,0.009246052242815495,
2785,2785,0.010419649071991444,
2786,2786,0.010416010394692421,
2787,2787,0.010671506635844707,
2788,2788,0.01078719086945057,
2789,2789,0.010558775626122952,
2790,2790,0.010765118524432182,
2791,2791,0.010795620270073414,
2792,2792,0.010460099205374718,
2793,2793,0.010557757690548897,
2794,2794,0.01097377110272646,
2795,2795,0.010488965548574924,
2796,2796,0.011120123788714409,
2797,2797,0.010979656130075455,
2798,2798,0.010104105807840824,
2799,2799,,0.010025258176028728
2799,2799,0.010025258176028728,
2800,2800,0.009748526848852634,
2801,2801,0.010856962762773037,
2802,2802,0.010799368843436241,
2803,2803,0.009974652901291847,
2804,2804,0.010856414213776588,
2805,2805,0.010563770309090614,
2806,2806,0.010516460053622723,
2807,2807,0.010488108731806278,
2808,2808,0.010700985789299011,
2809,2809,0.011332937516272068,
2810,2810,0.00937651377171278,
2811,2811,0.010208872146904469,
2812,2812,0.010048278607428074,
2813,2813,0.010558562353253365,
2814,2814,0.011341966688632965,
2815,2815,0.011020943522453308,
2816,2816,0.010534307919442654,
2817,2817,0.010593906976282597,
2818,2818,0.00965246930718422,
2819,2819,0.010173246264457703,
2820,2820,0.009911734610795975,
2821,2821,0.010511573404073715,
2822,2822,0.01081825140863657,
2823,2823,0.009930060245096684,
2824,2824,0.010590260848402977,
2825,2825,0.010729774832725525,
2826,2826,0.00997945573180914,
2827,2827,0.010726866312325,
2828,2828,0.010623283684253693,
2829,2829,0.010536020621657372,
2830,2830,0.010230639018118382,
2831,2831,0.010218899697065353,
2832,2832,0.011323397047817707,
2833,2833,0.010345669463276863,
2834,2834,0.010663343593478203,
2835,2835,0.011145566590130329,
2836,2836,0.010075743310153484,
2837,2837,0.010428652167320251,
2838,2838,0.010826504789292812,
2839,2839,0.010041195899248123,
2840,2840,0.010962187312543392,
2841,2841,0.010468937456607819,
2842,2842,0.010785541497170925,
2843,2843,0.010776863433420658,
2844,2844,0.010242936201393604,
2845,2845,0.011598209850490093,
2846,2846,0.010665273293852806,
2847,2847,0.00995461456477642,
2848,2848,0.010640913620591164,
2849,2849,,0.010948332957923412
2849,2849,0.010948332957923412,
2850,2850,0.010616371408104897,
2851,2851,0.01046031154692173,
2852,2852,0.010541665367782116,
2853,2853,0.010873624123632908,
2854,2854,0.009899144992232323,
2855,2855,0.01085465308278799,
2856,2856,0.010400081984698772,
2857,2857,0.011445901356637478,
2858,2858,0.010422508232295513,
2859,2859,0.010304439812898636,
2860,2860,0.010559510439634323,
2861,2861,0.010633658617734909,
2862,2862,0.010949213989078999,
2863,2863,0.01020444929599762,
2864,2864,0.010224816389381886,
2865,2865,0.010527166537940502,
2866,2866,0.010598057880997658,
2867,2867,0.01013952773064375,
2868,2868,0.010258955880999565,
2869,2869,0.010145916603505611,
2870,2870,0.010004064999520779,
2871,2871,0.010617857798933983,
2872,2872,0.009928501211106777,
2873,2873,0.011083514429628849,
2874,2874,0.010038389824330807,
2875,2875,0.0113039156422019,
2876,2876,0.010230840183794498,
2877,2877,0.010609587654471397,
2878,2878,0.01071203500032425,
2879,2879,0.010553107596933842,
2880,2880,0.010900982655584812,
2881,2881,0.011006403714418411,
2882,2882,0.010750102810561657,
2883,2883,0.009546110406517982,
2884,2884,0.010339652188122272,
2885,2885,0.010543311946094036,
2886,2886,0.010294175706803799,
2887,2887,0.01139173936098814,
2888,2888,0.010612712241709232,
2889,2889,0.010974015109241009,
2890,2890,0.010578193701803684,
2891,2891,0.01100174430757761,
2892,2892,0.010564606636762619,
2893,2893,0.010404670611023903,
2894,2894,0.01053206529468298,
2895,2895,0.010369288735091686,
2896,2896,0.01044853962957859,
2897,2897,0.009985283017158508,
2898,2898,0.010753772221505642,
2899,2899,,0.009510925970971584
2899,2899,0.009510925970971584,
2900,2900,0.009957228787243366,
2901,2901,0.010725697502493858,
2902,2902,0.010479263961315155,
2903,2903,0.010745212435722351,
2904,2904,0.009991486556828022,
2905,2905,0.00970020517706871,
2906,2906,0.009808690287172794,
2907,2907,0.011116239242255688,
2908,2908,0.01061856746673584,
2909,2909,0.011084474623203278,
2910,2910,0.010756435804069042,
2911,2911,0.01111871562898159,
2912,2912,0.010734371840953827,
2913,2913,0.010740281082689762,
2914,2914,0.01044650562107563,
2915,2915,0.011029219254851341,
2916,2916,0.01067610178142786,
2917,2917,0.010794105008244514,
2918,2918,0.010286918841302395,
2919,2919,0.009593924507498741,
2920,2920,0.010568233206868172,
2921,2921,0.01027236320078373,
2922,2922,0.010849794372916222,
2923,2923,0.010483914986252785,
2924,2924,0.010630475357174873,
2925,2925,0.009923197329044342,
2926,2926,0.0105400076135993,
2927,2927,0.010155025869607925,
2928,2928,0.011388166807591915,
2929,2929,0.010927139781415462,
2930,2930,0.011021718382835388,
2931,2931,0.011036081239581108,
2932,2932,0.01075168140232563,
2933,2933,0.010217449627816677,
2934,2934,0.009012372232973576,
2935,2935,0.010157975368201733,
2936,2936,0.010259426198899746,
2937,2937,0.010380769148468971,
2938,2938,0.01037807296961546,
2939,2939,0.009810480289161205,
2940,2940,0.009943557903170586,
2941,2941,0.010687143541872501,
2942,2942,0.010749658569693565,
2943,2943,0.010598489083349705,
2944,2944,0.010489682666957378,
2945,2945,0.0111667700111866,
2946,2946,0.010710039176046848,
2947,2947,0.01054662000387907,
2948,2948,0.011233390308916569,
2949,2949,,0.009452969767153263
2949,2949,0.009452969767153263,
2950,2950,0.011005629785358906,
2951,2951,0.0104151526466012,
2952,2952,0.010420248843729496,
2953,2953,0.0097957206889987,
2954,2954,0.010911344550549984,
2955,2955,0.010851679369807243,
2956,2956,0.009606599807739258,
2957,2957,0.010787123814225197,
2958,2958,0.009990479797124863,
2959,2959,0.010717189870774746,
2960,2960,0.010584118776023388,
2961,2961,0.010255583561956882,
2962,2962,0.01035851240158081,
2963,2963,0.010592793114483356,
2964,2964,0.01044799666851759,
2965,2965,0.010555321350693703,
2966,2966,0.010824925266206264,
2967,2967,0.010375803336501122,
2968,2968,0.010508454404771328,
2969,2969,0.010141206905245781,
2970,2970,0.010918907821178436,
2971,2971,0.010669631883502007,
2972,2972,0.010591172613203526,
2973,2973,0.01112283207476139,
2974,2974,0.010632638819515705,
2975,2975,0.010484311729669571,
2976,2976,0.009648002684116364,
2977,2977,0.010657638311386108,
2978,2978,0.010155088268220425,
2979,2979,0.010031066834926605,
2980,2980,0.010469217784702778,
2981,2981,0.010369611904025078,
2982,2982,0.009959232993423939,
2983,2983,0.010352245531976223,
2984,2984,0.010647383518517017,
2985,2985,0.011386623606085777,
2986,2986,0.010339881293475628,
2987,2987,0.01076368149369955,
2988,2988,0.010430905036628246,
2989,2989,0.010858858935534954,
2990,2990,0.009126593358814716,
2991,2991,0.012303704395890236,
2992,2992,0.01031985878944397,
2993,2993,0.010848669335246086,
2994,2994,0.01059430930763483,
2995,2995,0.010475178249180317,
2996,2996,0.010821590200066566,
2997,2997,0.010903457179665565,
2998,2998,0.009308304637670517,
2999,2999,,0.011308497749269009
2999,2999,0.011308497749269009,
3000,3000,0.009844841435551643,
3001,3001,0.01049275603145361,
3002,3002,0.010490023531019688,
3003,3003,0.01069770846515894,
3004,3004,0.011037537828087807,
3005,3005,0.010603740811347961,
3006,3006,0.01023578830063343,
3007,3007,0.010273179039359093,
3008,3008,0.01069317851215601,
3009,3009,0.010832475498318672,
3010,3010,0.01099016610532999,
3011,3011,0.01069660671055317,
3012,3012,0.010490970686078072,
3013,3013,0.010544035583734512,
3014,3014,0.010935433208942413,
3015,3015,0.010229907929897308,
3016,3016,0.010315326042473316,
3017,3017,0.009524660184979439,
3018,3018,0.011212838813662529,
3019,3019,0.010439254343509674,
3020,3020,0.010378449223935604,
3021,3021,0.009620780125260353,
3022,3022,0.011123624630272388,
3023,3023,0.010211673565208912,
3024,3024,0.010528015904128551,
3025,3025,0.009955737739801407,
3026,3026,0.010321149602532387,
3027,3027,0.009929247200489044,
3028,3028,0.010417036712169647,
3029,3029,0.010409976355731487,
3030,3030,0.010121291503310204,
3031,3031,0.010680257342755795,
3032,3032,0.010574666783213615,
3033,3033,0.010566582903265953,
3034,3034,0.01052487175911665,
3035,3035,0.01036285050213337,
3036,3036,0.00993588287383318,
3037,3037,0.011012679897248745,
3038,3038,0.010810647159814835,
3039,3039,0.01081196591258049,
3040,3040,0.010679027996957302,
3041,3041,0.01060076616704464,
3042,3042,0.009764296002686024,
3043,3043,0.010238857008516788,
3044,3044,0.010440101847052574,
3045,3045,0.009973631240427494,
3046,3046,0.009818731807172298,
3047,3047,0.011116543784737587,
3048,3048,0.010005190968513489,
3049,3049,,0.010928547941148281
3049,3049,0.010928547941148281,
3050,3050,0.010461797937750816,
3051,3051,0.010064708068966866,
3052,3052,0.010313074104487896,
3053,3053,0.011000188067555428,
3054,3054,0.009916607290506363,
3055,3055,0.0102852713316679,
3056,3056,0.010376596823334694,
3057,3057,0.010567372664809227,
3058,3058,0.010094565339386463,
3059,3059,0.010042608715593815,
3060,3060,0.012636062689125538,
3061,3061,0.009949112311005592,
3062,3062,0.010526366531848907,
3063,3063,0.0107750678434968,
3064,3064,0.009645145386457443,
3065,3065,0.009848165325820446,
3066,3066,0.010071844793856144,
3067,3067,0.009682386182248592,
3068,3068,0.00999267678707838,
3069,3069,0.011010783724486828,
3070,3070,0.010782009921967983,
3071,3071,0.01046860683709383,
3072,3072,0.011104530654847622,
3073,3073,0.010225282050669193,
3074,3074,0.009743540547788143,
3075,3075,0.01087513379752636,
3076,3076,0.010979863815009594,
3077,3077,0.010348915122449398,
3078,3078,0.010561664588749409,
3079,3079,0.010447331704199314,
3080,3080,0.010352916084229946,
3081,3081,0.009659201838076115,
3082,3082,0.010572822764515877,
3083,3083,0.01056261733174324,
3084,3084,0.010342898778617382,
3085,3085,0.010690591298043728,
3086,3086,0.009604250080883503,
3087,3087,0.010840103961527348,
3088,3088,0.01029592752456665,
3089,3089,0.010498426854610443,
3090,3090,0.01078563928604126,
3091,3091,0.010424556210637093,
3092,3092,0.008820908144116402,
3093,3093,0.010139839723706245,
3094,3094,0.010697879828512669,
3095,3095,0.01073838584125042,
3096,3096,0.009670531377196312,
3097,3097,0.010863274335861206,
3098,3098,0.010233820416033268,
3099,3099,,0.010338611900806427
3099,3099,0.010338611900806427,
3100,3100,0.010477593168616295,
3101,3101,0.010850155726075172,
3102,3102,0.01058895606547594,
3103,3103,0.010759245604276657,
3104,3104,0.010093929246068,
3105,3105,0.011070179753005505,
3106,3106,0.010127534158527851,
3107,3107,0.010777571238577366,
3108,3108,0.010178587399423122,
3109,3109,0.010316533036530018,
3110,3110,0.010510284453630447,
3111,3111,0.011444604024291039,
3112,3112,0.010394449345767498,
3113,3113,0.010848760604858398,
3114,3114,0.011053605005145073,
3115,3115,0.010515281930565834,
3116,3116,0.01038369257003069,
3117,3117,0.010013889521360397,
3118,3118,0.010814310982823372,
3119,3119,0.010310297831892967,
3120,3120,0.01011419016867876,
3121,3121,0.010162604972720146,
3122,3122,0.010349951684474945,
3123,3123,0.010251526720821857,
3124,3124,0.010154906660318375,
3125,3125,0.009493229910731316,
3126,3126,0.010642919689416885,
3127,3127,0.010456731542944908,
3128,3128,0.01048579066991806,
3129,3129,0.010253692977130413,
3130,3130,0.010734186507761478,
3131,3131,0.009975273162126541,
3132,3132,0.01065233163535595,
3133,3133,0.009586174972355366,
3134,3134,0.009833475574851036,
3135,3135,0.010829655453562737,
3136,3136,0.009541473351418972,
3137,3137,0.010695348493754864,
3138,3138,0.009002350270748138,
3139,3139,0.010474090464413166,
3140,3140,0.010185278952121735,
3141,3141,0.009736007079482079,
3142,3142,0.010610067285597324,
3143,3143,0.010297280736267567,
3144,3144,0.009832170791924,
3145,3145,0.010219772346317768,
3146,3146,0.010767062194645405,
3147,3147,0.010256882756948471,
3148,3148,0.010500344447791576,
3149,3149,,0.009539928287267685
3149,3149,0.009539928287267685,
3150,3150,0.009533243253827095,
3151,3151,0.009395003318786621,
3152,3152,0.011277785524725914,
3153,3153,0.010202253237366676,
3154,3154,0.009923569858074188,
3155,3155,0.009383616968989372,
3156,3156,0.010288159362971783,
3157,3157,0.010417972691357136,
3158,3158,0.010283862240612507,
3159,3159,0.010345915332436562,
3160,3160,0.010435529984533787,
3161,3161,0.010296883061528206,
3162,3162,0.009626118466258049,
3163,3163,0.010682748630642891,
3164,3164,0.010394105687737465,
3165,3165,0.010261639021337032,
3166,3166,0.01039110030978918,
3167,3167,0.0102619593963027,
3168,3168,0.009758434258401394,
3169,3169,0.01042614970356226,
3170,3170,0.010367142036557198,
3171,3171,0.009753245860338211,
3172,3172,0.010997498407959938,
3173,3173,0.010837017558515072,
3174,3174,0.010384655557572842,
3175,3175,0.010294853709638119,
3176,3176,0.010310519486665726,
3177,3177,0.010351779870688915,
3178,3178,0.009678258560597897,
3179,3179,0.010481882840394974,
3180,3180,0.01009577326476574,
3181,3181,0.010311828926205635,
3182,3182,0.009750663302838802,
3183,3183,0.01037051435559988,
3184,3184,0.010069727897644043,
3185,3185,0.01003559585660696,
3186,3186,0.010449967347085476,
3187,3187,0.01086249016225338,
3188,3188,0.009335711598396301,
3189,3189,0.010649794712662697,
3190,3190,0.010467144660651684,
3191,3191,0.010240809060633183,
3192,3192,0.010659981518983841,
3193,3193,0.010667403228580952,
3194,3194,0.010437610559165478,
3195,3195,0.009976059198379517,
3196,3196,0.010154332965612411,
3197,3197,0.010323425754904747,
3198,3198,0.012056770734488964,
3199,3199,,0.010432190261781216
3199,3199,0.010432190261781216,
3200,3200,0.011054307222366333,
3201,3201,0.009621290490031242,
3202,3202,0.00922003760933876,
3203,3203,0.010322037152945995,
3204,3204,0.01036435179412365,
3205,3205,0.010128356516361237,
3206,3206,0.009601835161447525,
3207,3207,0.010391267947852612,
3208,3208,0.01025663036853075,
3209,3209,0.009930741041898727,
3210,3210,0.01005497109144926,
3211,3211,0.010631218552589417,
3212,3212,0.010829790495336056,
3213,3213,0.01016540452837944,
3214,3214,0.010710298083722591,
3215,3215,0.009406935423612595,
3216,3216,0.00986990612000227,
3217,3217,0.00996564980596304,
3218,3218,0.011048377491533756,
3219,3219,0.010461661033332348,
3220,3220,0.010263342410326004,
3221,3221,0.010023758746683598,
3222,3222,0.010540737770497799,
3223,3223,0.010221260599792004,
3224,3224,0.00941125862300396,
3225,3225,0.010429094545543194,
3226,3226,0.009908115491271019,
3227,3227,0.010061724111437798,
3228,3228,0.011069263331592083,
3229,3229,0.009676175191998482,
3230,3230,0.01021020021289587,
3231,3231,0.010815163142979145,
3232,3232,0.010026840493083,
3233,3233,0.009542643092572689,
3234,3234,0.010656487196683884,
3235,3235,0.011198343709111214,
3236,3236,0.010421255603432655,
3237,3237,0.011354930698871613,
3238,3238,0.009926489554345608,
3239,3239,0.0105598671361804,
3240,3240,0.01039890293031931,
3241,3241,0.010838395915925503,
3242,3242,0.010098946280777454,
3243,3243,0.010318981483578682,
3244,3244,0.008104228414595127,
3245,3245,0.009993970394134521,
3246,3246,0.01009440142661333,
3247,3247,0.010244673117995262,
3248,3248,0.01179890800267458,
3249,3249,,0.00988362543284893
3249,3249,0.00988362543284893,
3250,3250,0.010378057137131691,
3251,3251,0.009851273149251938,
3252,3252,0.009467879310250282,
3253,3253,0.010709496214985847,
3254,3254,0.008477873168885708,
3255,3255,0.010218916460871696,
3256,3256,0.009347479790449142,
3257,3257,0.010003338567912579,
3258,3258,0.010887552052736282,
3259,3259,0.010555209591984749,
3260,3260,0.0104592926800251,
3261,3261,0.009962585754692554,
3262,3262,0.01122688502073288,
3263,3263,0.009950521402060986,
3264,3264,0.011238958686590195,
3265,3265,0.009770382195711136,
3266,3266,0.009421102702617645,
3267,3267,0.009993386454880238,
3268,3268,0.010544643737375736,
3269,3269,0.010177220217883587,
3270,3270,0.01102751586586237,
3271,3271,0.009968673810362816,
3272,3272,0.010599256493151188,
3273,3273,0.010358396917581558,
3274,3274,0.01001193467527628,
3275,3275,0.010053901933133602,
3276,3276,0.01011854037642479,
3277,3277,0.010507210157811642,
3278,3278,0.01022203080356121,
3279,3279,0.009986501187086105,
3280,3280,0.01032215915620327,
3281,3281,0.010520528070628643,
3282,3282,0.010261842980980873,
3283,3283,0.01033015362918377,
3284,3284,0.01004517637193203,
3285,3285,0.010297687724232674,
3286,3286,0.010183488950133324,
3287,3287,0.01012219488620758,
3288,3288,0.010742906481027603,
3289,3289,0.009803109802305698,
3290,3290,0.010142353363335133,
3291,3291,0.010126139037311077,
3292,3292,0.009664185345172882,
3293,3293,0.008932862430810928,
3294,3294,0.010155029594898224,
3295,3295,0.009199900552630424,
3296,3296,0.01026778481900692,
3297,3297,0.010667792521417141,
3298,3298,0.010038831271231174,
3299,3299,,0.010067397728562355
3299,3299,0.010067397728562355,
3300,3300,0.009898676536977291,
3301,3301,0.01033499464392662,
3302,3302,0.010225578211247921,
3303,3303,0.009964462369680405,
3304,3304,0.009590120986104012,
3305,3305,0.009459683671593666,
3306,3306,0.009369960986077785,
3307,3307,0.0101168816909194,
3308,3308,0.009539281018078327,
3309,3309,0.010441272519528866,
3310,3310,0.010407980531454086,
3311,3311,0.010820855386555195,
3312,3312,0.009762811474502087,
3313,3313,0.010275710374116898,
3314,3314,0.010601877234876156,
3315,3315,0.010309198871254921,
3316,3316,0.010061150416731834,
3317,3317,0.010107551701366901,
3318,3318,0.010000113397836685,
3319,3319,0.0093181561678648,
3320,3320,0.0091318991035223,
3321,3321,0.01023591123521328,
3322,3322,0.009853281080722809,
3323,3323,0.01097807101905346,
3324,3324,0.010232457891106606,
3325,3325,0.010133326053619385,
3326,3326,0.010226096026599407,
3327,3327,0.010726326145231724,
3328,3328,0.010007329285144806,
3329,3329,0.010454255156219006,
3330,3330,0.00947596412152052,
3331,3331,0.010074970312416553,
3332,3332,0.010568328201770782,
3333,3333,0.010218874551355839,
3334,3334,0.010403661988675594,
3335,3335,0.00977663416415453,
3336,3336,0.009788346476852894,
3337,3337,0.010288226418197155,
3338,3338,0.010842668823897839,
3339,3339,0.010135128162801266,
3340,3340,0.009301734156906605,
3341,3341,0.010238309390842915,
3342,3342,0.010053007863461971,
3343,3343,0.01065936591476202,
3344,3344,0.010916145518422127,
3345,3345,0.009959704242646694,
3346,3346,0.009963669814169407,
3347,3347,0.009191056713461876,
3348,3348,0.00992725882679224,
3349,3349,,0.01002589799463749
3349,3349,0.01002589799463749,
3350,3350,0.010179825127124786,
3351,3351,0.00895819254219532,
3352,3352,0.010926074348390102,
3353,3353,0.009982848539948463,
3354,3354,0.01061752438545227,
3355,3355,0.010150388814508915,
3356,3356,0.009578525088727474,
3357,3357,0.010866270400583744,
3358,3358,0.010480323806405067,
3359,3359,0.010362365283071995,
3360,3360,0.010163507424294949,
3361,3361,0.010091842152178288,
3362,3362,0.010216668248176575,
3363,3363,0.01154203899204731,
3364,3364,0.009773832745850086,
3365,3365,0.009841026738286018,
3366,3366,0.009824421256780624,
3367,3367,0.009951974265277386,
3368,3368,0.01056850515305996,
3369,3369,0.010762955993413925,
3370,3370,0.010507417842745781,
3371,3371,0.009350994601845741,
3372,3372,0.009886043146252632,
3373,3373,0.01006251759827137,
3374,3374,0.010684812441468239,
3375,3375,0.0098637780174613,
3376,3376,0.010045133531093597,
3377,3377,0.010334369726479053,
3378,3378,0.010372192598879337,
3379,3379,0.010036688297986984,
3380,3380,0.010135909542441368,
3381,3381,0.009847435168921947,
3382,3382,0.009745491668581963,
3383,3383,0.009980697184801102,
3384,3384,0.009496467188000679,
3385,3385,0.01006813533604145,
3386,3386,0.01049683429300785,
3387,3387,0.00998989213258028,
3388,3388,0.00936826691031456,
3389,3389,0.010130428709089756,
3390,3390,0.010201403871178627,
3391,3391,0.010760213248431683,
3392,3392,0.010399069637060165,
3393,3393,0.01016161311417818,
3394,3394,0.009814255870878696,
3395,3395,0.010241665877401829,
3396,3396,0.00997339840978384,
3397,3397,0.010327811352908611,
3398,3398,0.010261975228786469,
3399,3399,,0.01040069293230772
3399,3399,0.01040069293230772,
3400,3400,0.010121086612343788,
3401,3401,0.01106768287718296,
3402,3402,0.010138246230781078,
3403,3403,0.009858919307589531,
3404,3404,0.01000280398875475,
3405,3405,0.00911058858036995,
3406,3406,0.010196730494499207,
3407,3407,0.009645405225455761,
3408,3408,0.009808219037950039,
3409,3409,0.010097447782754898,
3410,3410,0.01013045571744442,
3411,3411,0.010565979406237602,
3412,3412,0.00899414625018835,
3413,3413,0.010174207389354706,
3414,3414,0.011031861416995525,
3415,3415,0.010443903505802155,
3416,3416,0.009953981265425682,
3417,3417,0.01049999613314867,
3418,3418,0.009912228211760521,
3419,3419,0.009850850328803062,
3420,3420,0.01027287170290947,
3421,3421,0.010637189261615276,
3422,3422,0.009592599235475063,
3423,3423,0.010000479407608509,
3424,3424,0.009949972853064537,
3425,3425,0.00983397662639618,
3426,3426,0.010043821297585964,
3427,3427,0.009857811965048313,
3428,3428,0.009962484240531921,
3429,3429,0.00973736122250557,
3430,3430,0.01059040054678917,
3431,3431,0.010180731303989887,
3432,3432,0.010305131785571575,
3433,3433,0.010051663964986801,
3434,3434,0.01014365442097187,
3435,3435,0.010405361652374268,
3436,3436,0.009217808954417706,
3437,3437,0.00975192990154028,
3438,3438,0.009555482305586338,
3439,3439,0.009720436297357082,
3440,3440,0.010412872768938541,
3441,3441,0.010575559921562672,
3442,3442,0.011460435576736927,
3443,3443,0.009869768284261227,
3444,3444,0.01005641371011734,
3445,3445,0.010412866249680519,
3446,3446,0.0100407088175416,
3447,3447,0.00937544647604227,
3448,3448,0.010219176299870014,
3449,3449,,0.010316837579011917
3449,3449,0.010316837579011917,
3450,3450,0.009994893334805965,
3451,3451,0.010208114981651306,
3452,3452,0.01027629617601633,
3453,3453,0.009342550300061703,
3454,3454,0.009828534908592701,
3455,3455,0.010359643027186394,
3456,3456,0.010411425493657589,
3457,3457,0.010338704101741314,
3458,3458,0.010257888585329056,
3459,3459,0.010217832401394844,
3460,3460,0.009405151009559631,
3461,3461,0.010229014791548252,
3462,3462,0.009721411392092705,
3463,3463,0.010877245105803013,
3464,3464,0.0101791275665164,
3465,3465,0.00981445424258709,
3466,3466,0.010343968868255615,
3467,3467,0.010223031975328922,
3468,3468,0.010086207650601864,
3469,3469,0.010327881202101707,
3470,3470,0.010410459712147713,
3471,3471,0.010921740904450417,
3472,3472,0.009713413193821907,
3473,3473,0.010076254606246948,
3474,3474,0.009337851777672768,
3475,3475,0.010092978365719318,
3476,3476,0.010236606933176517,
3477,3477,0.009957495145499706,
3478,3478,0.010873906314373016,
3479,3479,0.00992575939744711,
3480,3480,0.009631792083382607,
3481,3481,0.011085299775004387,
3482,3482,0.00997606385499239,
3483,3483,0.010287223383784294,
3484,3484,0.011802077293395996,
3485,3485,0.011517016217112541,
3486,3486,0.010395933873951435,
3487,3487,0.010094832628965378,
3488,3488,0.009974691085517406,
3489,3489,0.010204028338193893,
3490,3490,0.01010201871395111,
3491,3491,0.010589266195893288,
3492,3492,0.01005598995834589,
3493,3493,0.010227998718619347,
3494,3494,0.010691249743103981,
3495,3495,0.009655995294451714,
3496,3496,0.009877742268145084,
3497,3497,0.010006854310631752,
3498,3498,0.010114230215549469,
3499,3499,,0.010712787508964539
3499,3499,0.010712787508964539,
3500,3500,0.010356266051530838,
3501,3501,0.010905276983976364,
3502,3502,0.010044688358902931,
3503,3503,0.010543214157223701,
3504,3504,0.01016640942543745,
3505,3505,0.009580599144101143,
3506,3506,0.009387127123773098,
3507,3507,0.010578792542219162,
3508,3508,0.00955055933445692,
3509,3509,0.010671628639101982,
3510,3510,0.010377061553299427,
3511,3511,0.010498975403606892,
3512,3512,0.011107728816568851,
3513,3513,0.010360868647694588,
3514,3514,0.009896412491798401,
3515,3515,0.009192750789225101,
3516,3516,0.010173522867262363,
3517,3517,0.010193059220910072,
3518,3518,0.01012463215738535,
3519,3519,0.009959379211068153,
3520,3520,0.009803789667785168,
3521,3521,0.010578783228993416,
3522,3522,0.00935149285942316,
3523,3523,0.010057495906949043,
3524,3524,0.009998862631618977,
3525,3525,0.01067645289003849,
3526,3526,0.010192708112299442,
3527,3527,0.010227257385849953,
3528,3528,0.01005261205136776,
3529,3529,0.010097774676978588,
3530,3530,0.010411882773041725,
3531,3531,0.009648052975535393,
3532,3532,0.009972119703888893,
3533,3533,0.010537135414779186,
3534,3534,0.010132945142686367,
3535,3535,0.010472260415554047,
3536,3536,0.010034509003162384,
3537,3537,0.009204387664794922,
3538,3538,0.010222279466688633,
3539,3539,0.009681688621640205,
3540,3540,0.010265653021633625,
3541,3541,0.009916936047375202,
3542,3542,0.01023334264755249,
3543,3543,0.010341409593820572,
3544,3544,0.010332487523555756,
3545,3545,0.00983359757810831,
3546,3546,0.010285645723342896,
3547,3547,0.009383304975926876,
3548,3548,0.01022725086659193,
3549,3549,,0.010881968773901463
3549,3549,0.010881968773901463,
3550,3550,0.010667596012353897,
3551,3551,0.010111454874277115,
3552,3552,0.010248733684420586,
3553,3553,0.010332833975553513,
3554,3554,0.010007760487496853,
3555,3555,0.010545601136982441,
3556,3556,0.010357501916587353,
3557,3557,0.009587758220732212,
3558,3558,0.009698811918497086,
3559,3559,0.010696147568523884,
3560,3560,0.010056587867438793,
3561,3561,0.010111107490956783,
3562,3562,0.010109796188771725,
3563,3563,0.010613552294671535,
3564,3564,0.010127207264304161,
3565,3565,0.010267572477459908,
3566,3566,0.010860544629395008,
3567,3567,0.010318579152226448,
3568,3568,0.010672552511096,
3569,3569,0.010145791806280613,
3570,3570,0.010089944116771221,
3571,3571,0.010407340712845325,
3572,3572,0.010144452564418316,
3573,3573,0.00995220523327589,
3574,3574,0.009244205430150032,
3575,3575,0.010401422157883644,
3576,3576,0.009928913787007332,
3577,3577,0.010509884916245937,
3578,3578,0.010493292473256588,
3579,3579,0.009858004748821259,
3580,3580,0.009760222397744656,
3581,3581,0.009987933561205864,
3582,3582,0.009856191463768482,
3583,3583,0.009556486271321774,
3584,3584,0.009663507342338562,
3585,3585,0.010165168903768063,
3586,3586,0.010248832404613495,
3587,3587,0.009956670925021172,
3588,3588,0.009973855689167976,
3589,3589,0.010063372552394867,
3590,3590,0.011086734011769295,
3591,3591,0.009339905343949795,
3592,3592,0.010158573277294636,
3593,3593,0.009712978266179562,
3594,3594,0.010180892422795296,
3595,3595,0.009957639500498772,
3596,3596,0.00985470600426197,
3597,3597,0.009212431497871876,
3598,3598,0.009132505394518375,
3599,3599,,0.011292289942502975
3599,3599,0.011292289942502975,
3600,3600,0.009217323735356331,
3601,3601,0.010413900017738342,
3602,3602,0.009413773193955421,
3603,3603,0.010279392823576927,
3604,3604,0.009940771386027336,
3605,3605,0.010268163867294788,
3606,3606,0.010517813265323639,
3607,3607,0.010227825492620468,
3608,3608,0.010688387788832188,
3609,3609,0.009598232805728912,
3610,3610,0.010075739584863186,
3611,3611,0.010174399241805077,
3612,3612,0.009861470200121403,
3613,3613,0.010023178532719612,
3614,3614,0.010014566592872143,
3615,3615,0.010263978503644466,
3616,3616,0.009675879031419754,
3617,3617,0.010317336767911911,
3618,3618,0.009663603268563747,
3619,3619,0.010203822515904903,
3620,3620,0.010333817452192307,
3621,3621,0.011404290795326233,
3622,3622,0.009899269789457321,
3623,3623,0.009541338309645653,
3624,3624,0.010079845786094666,
3625,3625,0.010221211239695549,
3626,3626,0.010237825103104115,
3627,3627,0.009664091281592846,
3628,3628,0.009945286437869072,
3629,3629,0.010384519584476948,
3630,3630,0.009515197016298771,
3631,3631,0.010057478211820126,
3632,3632,0.010187754407525063,
3633,3633,0.010894693434238434,
3634,3634,0.010103058069944382,
3635,3635,0.010030705481767654,
3636,3636,0.010147648863494396,
3637,3637,0.009994854219257832,
3638,3638,0.009929864667356014,
3639,3639,0.009849446825683117,
3640,3640,0.010157163254916668,
3641,3641,0.010002614930272102,
3642,3642,0.01020944956690073,
3643,3643,0.01042598020285368,
3644,3644,0.010841450653970242,
3645,3645,0.011792968027293682,
3646,3646,0.009976595640182495,
3647,3647,0.01023084856569767,
3648,3648,0.010133885778486729,
3649,3649,,0.010394156910479069
3649,3649,0.010394156910479069,
3650,3650,0.009611351415514946,
3651,3651,0.00977513287216425,
3652,3652,0.010408089496195316,
3653,3653,0.009839331731200218,
3654,3654,0.010110488161444664,
3655,3655,0.009262116625905037,
3656,3656,0.01013741735368967,
3657,3657,0.009579157456755638,
3658,3658,0.009228629060089588,
3659,3659,0.010025344789028168,
3660,3660,0.010132338851690292,
3661,3661,0.009934870526194572,
3662,3662,0.01040624175220728,
3663,3663,0.009837660938501358,
3664,3664,0.009051266126334667,
3665,3665,0.009861869737505913,
3666,3666,0.009759938344359398,
3667,3667,0.010151668451726437,
3668,3668,0.01017006579786539,
3669,3669,0.009537067264318466,
3670,3670,0.01035552378743887,
3671,3671,0.010448911227285862,
3672,3672,0.009782698005437851,
3673,3673,0.010117043741047382,
3674,3674,0.010184524580836296,
3675,3675,0.009770062752068043,
3676,3676,0.010177417658269405,
3677,3677,0.01013651117682457,
3678,3678,0.010049620643258095,
3679,3679,0.010107924230396748,
3680,3680,0.009420173242688179,
3681,3681,0.009932974353432655,
3682,3682,0.009856928139925003,
3683,3683,0.009323906153440475,
3684,3684,0.009970251470804214,
3685,3685,0.010268471203744411,
3686,3686,0.009354080073535442,
3687,3687,0.008072840049862862,
3688,3688,0.01005184929817915,
3689,3689,0.008927464485168457,
3690,3690,0.010039343498647213,
3691,3691,0.009419922716915607,
3692,3692,0.010112719610333443,
3693,3693,0.009793363511562347,
3694,3694,0.01015523448586464,
3695,3695,0.008754885755479336,
3696,3696,0.010191540233790874,
3697,3697,0.009409352205693722,
3698,3698,0.00996436458081007,
3699,3699,,0.009616203606128693
3699,3699,0.009616203606128693,
3700,3700,0.00995153933763504,
3701,3701,0.009678181260824203,
3702,3702,0.010545735247433186,
3703,3703,0.010291055776178837,
3704,3704,0.009743099100887775,
3705,3705,0.01000458188354969,
3706,3706,0.009812192991375923,
3707,3707,0.010149255394935608,
3708,3708,0.01032897736877203,
3709,3709,0.009470509365200996,
3710,3710,0.01088025327771902,
3711,3711,0.009809396229684353,
3712,3712,0.009932741522789001,
3713,3713,0.010087478905916214,
3714,3714,0.009675025939941406,
3715,3715,0.01082721445709467,
3716,3716,0.010392887517809868,
3717,3717,0.010476093739271164,
3718,3718,0.009442168287932873,
3719,3719,0.009293407201766968,
3720,3720,0.009637227281928062,
3721,3721,0.009808498434722424,
3722,3722,0.010048947297036648,
3723,3723,0.009871149435639381,
3724,3724,0.009684416465461254,
3725,3725,0.010372154414653778,
3726,3726,0.009757136926054955,
3727,3727,0.009530765004456043,
3728,3728,0.01027490571141243,
3729,3729,0.009391517378389835,
3730,3730,0.009354677982628345,
3731,3731,0.009835135191679,
3732,3732,0.009899561293423176,
3733,3733,0.010399379767477512,
3734,3734,0.008834228850901127,
3735,3735,0.010150790214538574,
3736,3736,0.010284130461513996,
3737,3737,0.009526916779577732,
3738,3738,0.009821664541959763,
3739,3739,0.009183630347251892,
3740,3740,0.010985368862748146,
3741,3741,0.01027747057378292,
3742,3742,0.009946136735379696,
3743,3743,0.00971517525613308,
3744,3744,0.009014269337058067,
3745,3745,0.009553201496601105,
3746,3746,0.009612593799829483,
3747,3747,0.01082694809883833,
3748,3748,0.010408410802483559,
3749,3749,,0.009849038906395435
3749,3749,0.009849038906395435,
3750,3750,0.009292347356677055,
3751,3751,0.00972459651529789,
3752,3752,0.01016384456306696,
3753,3753,0.0094365943223238,
3754,3754,0.010946238413453102,
3755,3755,0.009910737164318562,
3756,3756,0.010144722647964954,
3757,3757,0.009794918820261955,
3758,3758,0.010145657695829868,
3759,3759,0.009930197149515152,
3760,3760,0.009978912770748138,
3761,3761,0.010097275488078594,
3762,3762,0.010175705887377262,
3763,3763,0.009569790214300156,
3764,3764,0.010175065137445927,
3765,3765,0.009406158700585365,
3766,3766,0.009406227618455887,
3767,3767,0.009961233474314213,
3768,3768,0.01102095190435648,
3769,3769,0.01037849672138691,
3770,3770,0.009968372993171215,
3771,3771,0.01075817458331585,
3772,3772,0.01056605763733387,
3773,3773,0.00981326587498188,
3774,3774,0.009352079592645168,
3775,3775,0.010055210441350937,
3776,3776,0.010653153993189335,
3777,3777,0.009340873919427395,
3778,3778,0.009959341958165169,
3779,3779,0.01002256665378809,
3780,3780,0.011532285250723362,
3781,3781,0.010331590659916401,
3782,3782,0.009560839273035526,
3783,3783,0.009924373589456081,
3784,3784,0.009992850944399834,
3785,3785,0.009441820904612541,
3786,3786,0.01027132198214531,
3787,3787,0.010013438761234283,
3788,3788,0.010321713984012604,
3789,3789,0.010491054505109787,
3790,3790,0.010036507621407509,
3791,3791,0.009160395711660385,
3792,3792,0.009760728105902672,
3793,3793,0.010329165495932102,
3794,3794,0.00958872027695179,
3795,3795,0.01038352306932211,
3796,3796,0.011208631098270416,
3797,3797,0.010444065555930138,
3798,3798,0.010155074298381805,
3799,3799,,0.00957164540886879
3799,3799,0.00957164540886879,
3800,3800,0.010247484780848026,
3801,3801,0.01007071789354086,
3802,3802,0.010257559828460217,
3803,3803,0.010163343511521816,
3804,3804,0.009795509278774261,
3805,3805,0.010298407636582851,
3806,3806,0.01050419732928276,
3807,3807,0.010057536885142326,
3808,3808,0.009141959249973297,
3809,3809,0.010619938373565674,
3810,3810,0.009016809985041618,
3811,3811,0.010979380458593369,
3812,3812,0.008831681683659554,
3813,3813,0.01015989389270544,
3814,3814,0.01048891432583332,
3815,3815,0.010625568218529224,
3816,3816,0.010564139112830162,
3817,3817,0.010966747999191284,
3818,3818,0.011139349080622196,
3819,3819,0.00986963976174593,
3820,3820,0.01023085881024599,
3821,3821,0.009950928390026093,
3822,3822,0.009762546978890896,
3823,3823,0.010020085610449314,
3824,3824,0.010722500272095203,
3825,3825,0.009905016981065273,
3826,3826,0.010108117945492268,
3827,3827,0.009500337764620781,
3828,3828,0.0094484006986022,
3829,3829,0.010057369247078896,
3830,3830,0.009816834703087807,
3831,3831,0.010594123974442482,
3832,3832,0.010026848874986172,
3833,3833,0.010342148132622242,
3834,3834,0.009559567086398602,
3835,3835,0.009686444886028767,
3836,3836,0.009513183496892452,
3837,3837,0.010847802273929119,
3838,3838,0.010075473226606846,
3839,3839,0.009513079188764095,
3840,3840,0.009409998543560505,
3841,3841,0.010154134593904018,
3842,3842,0.008897839114069939,
3843,3843,0.00988105870783329,
3844,3844,0.010132706724107265,
3845,3845,0.010350978933274746,
3846,3846,0.009906666353344917,
3847,3847,0.010636725462973118,
3848,3848,0.009513304568827152,
3849,3849,,0.009930907748639584
3849,3849,0.009930907748639584,
3850,3850,0.009509903378784657,
3851,3851,0.010579229332506657,
3852,3852,0.009494245983660221,
3853,3853,0.01112827192991972,
3854,3854,0.009818928316235542,
3855,3855,0.009281176142394543,
3856,3856,0.010050020180642605,
3857,3857,0.009963583201169968,
3858,3858,0.011196319013834,
3859,3859,0.010050457902252674,
3860,3860,0.009182100184261799,
3861,3861,0.009049440734088421,
3862,3862,0.00984976626932621,
3863,3863,0.009845360182225704,
3864,3864,0.009661441668868065,
3865,3865,0.009840389713644981,
3866,3866,0.009903802536427975,
3867,3867,0.010223301127552986,
3868,3868,0.009586704894900322,
3869,3869,0.009636584669351578,
3870,3870,0.00977636594325304,
3871,3871,0.0094601446762681,
3872,3872,0.010178901255130768,
3873,3873,0.009826191700994968,
3874,3874,0.010224162600934505,
3875,3875,0.009614489041268826,
3876,3876,0.009958634153008461,
3877,3877,0.010347939096391201,
3878,3878,0.009349276311695576,
3879,3879,0.009851510636508465,
3880,3880,0.010141738690435886,
3881,3881,0.010014506988227367,
3882,3882,0.010067497380077839,
3883,3883,0.00966863427311182,
3884,3884,0.00865885429084301,
3885,3885,0.009262287057936192,
3886,3886,0.00970464013516903,
3887,3887,0.009159047156572342,
3888,3888,0.010069255717098713,
3889,3889,0.009788455441594124,
3890,3890,0.009748047217726707,
3891,3891,0.009001745842397213,
3892,3892,0.009968816302716732,
3893,3893,0.009904233738780022,
3894,3894,0.009900273755192757,
3895,3895,0.010256845504045486,
3896,3896,0.009783461689949036,
3897,3897,0.009277061559259892,
3898,3898,0.009825979359447956,
3899,3899,,0.010029544122517109
3899,3899,0.010029544122517109,
3900,3900,0.00985792651772499,
3901,3901,0.0090432558208704,
3902,3902,0.010223492980003357,
3903,3903,0.009762045927345753,
3904,3904,0.009683368727564812,
3905,3905,0.010098174214363098,
3906,3906,0.008913555182516575,
3907,3907,0.01004120148718357,
3908,3908,0.009578746743500233,
3909,3909,0.009968429803848267,
3910,3910,0.009021848440170288,
3911,3911,0.00973218958824873,
3912,3912,0.010014848783612251,
3913,3913,0.010264084674417973,
3914,3914,0.010119056329131126,
3915,3915,0.010329356417059898,
3916,3916,0.009814150631427765,
3917,3917,0.010316119529306889,
3918,3918,0.010254515334963799,
3919,3919,0.009373452514410019,
3920,3920,0.010592836886644363,
3921,3921,0.010376647114753723,
3922,3922,0.00993363931775093,
3923,3923,0.010168619453907013,
3924,3924,0.010264787822961807,
3925,3925,0.009035940282046795,
3926,3926,0.009317295625805855,
3927,3927,0.009198910556733608,
3928,3928,0.00935947522521019,
3929,3929,0.010028344579041004,
3930,3930,0.009498132392764091,
3931,3931,0.010055191814899445,
3932,3932,0.010457121767103672,
3933,3933,0.009719545021653175,
3934,3934,0.010219560004770756,
3935,3935,0.01017199456691742,
3936,3936,0.00940085668116808,
3937,3937,0.00949789211153984,
3938,3938,0.009954934008419514,
3939,3939,0.010365546680986881,
3940,3940,0.009691046550869942,
3941,3941,0.009944885037839413,
3942,3942,0.009969581849873066,
3943,3943,0.009831735864281654,
3944,3944,0.00912527833133936,
3945,3945,0.009747615084052086,
3946,3946,0.009070728905498981,
3947,3947,0.009714726358652115,
3948,3948,0.010121281258761883,
3949,3949,,0.00966661423444748
3949,3949,0.00966661423444748,
3950,3950,0.009997685439884663,
3951,3951,0.009095733053982258,
3952,3952,0.010162909515202045,
3953,3953,0.009823902510106564,
3954,3954,0.010452302172780037,
3955,3955,0.010062933899462223,
3956,3956,0.009870748035609722,
3957,3957,0.00895951222628355,
3958,3958,0.00995292142033577,
3959,3959,0.009615808725357056,
3960,3960,0.009987689554691315,
3961,3961,0.00965078454464674,
3962,3962,0.009826752357184887,
3963,3963,0.011228904128074646,
3964,3964,0.009202745743095875,
3965,3965,0.010076703503727913,
3966,3966,0.009782112203538418,
3967,3967,0.01034192368388176,
3968,3968,0.010902484878897667,
3969,3969,0.009750177152454853,
3970,3970,0.009963097050786018,
3971,3971,0.009882786311209202,
3972,3972,0.01002377551048994,
3973,3973,0.009941022843122482,
3974,3974,0.009913207031786442,
3975,3975,0.009738207794725895,
3976,3976,0.009475245140492916,
3977,3977,0.010020945221185684,
3978,3978,0.009690852835774422,
3979,3979,0.01004931889474392,
3980,3980,0.009758067317306995,
3981,3981,0.010645540431141853,
3982,3982,0.010186663828790188,
3983,3983,0.009706717915832996,
3984,3984,0.010250705294311047,
3985,3985,0.00881605688482523,
3986,3986,0.01061570830643177,
3987,3987,0.009233382530510426,
3988,3988,0.009854583069682121,
3989,3989,0.009908928535878658,
3990,3990,0.009762084111571312,
3991,3991,0.010603159666061401,
3992,3992,0.009031994268298149,
3993,3993,0.009859518148005009,
3994,3994,0.009071151725947857,
3995,3995,0.010100831277668476,
3996,3996,0.009919644333422184,
3997,3997,0.01007296796888113,
3998,3998,0.008573482744395733,
3999,3999,,0.010399467311799526
3999,3999,0.010399467311799526,
